--
-- PostgreSQL database dump
--

-- Dumped from database version 11.12
-- Dumped by pg_dump version 14.0

SET statement_timeout = 0;
SET lock_timeout = 0;
SET idle_in_transaction_session_timeout = 0;
SET client_encoding = 'UTF8';
SET standard_conforming_strings = on;
SELECT pg_catalog.set_config('search_path', '', false);
SET check_function_bodies = false;
SET xmloption = content;
SET client_min_messages = warning;
SET row_security = off;

--
-- Name: play_states; Type: TYPE; Schema: public; Owner: nba-content-pipeline-staging
--

CREATE TYPE public.play_states AS ENUM (
    'ingested',
    'pending',
    'validated',
    'rejected'
);


ALTER TYPE public.play_states OWNER TO "nba-content-pipeline-staging";

--
-- Name: video_type; Type: TYPE; Schema: public; Owner: nba-content-pipeline-staging
--

CREATE TYPE public.video_type AS ENUM (
    'vertical',
    'square'
);


ALTER TYPE public.video_type OWNER TO "nba-content-pipeline-staging";

SET default_tablespace = '';

--
-- Name: Badges; Type: TABLE; Schema: public; Owner: nba-content-pipeline-staging
--

CREATE TABLE public."Badges" (
    id integer NOT NULL,
    play_id character varying(200) NOT NULL,
    badge character varying(200) NOT NULL
);


ALTER TABLE public."Badges" OWNER TO "nba-content-pipeline-staging";

--
-- Name: Badges_id_seq; Type: SEQUENCE; Schema: public; Owner: nba-content-pipeline-staging
--

ALTER TABLE public."Badges" ALTER COLUMN id ADD GENERATED BY DEFAULT AS IDENTITY (
    SEQUENCE NAME public."Badges_id_seq"
    START WITH 1
    INCREMENT BY 1
    NO MINVALUE
    NO MAXVALUE
    CACHE 1
);


--
-- Name: Edition; Type: TABLE; Schema: public; Owner: nba-content-pipeline-staging
--

CREATE TABLE public."Edition" (
    id integer NOT NULL,
    play_id character varying(200) NOT NULL
);


ALTER TABLE public."Edition" OWNER TO "nba-content-pipeline-staging";

--
-- Name: Edition_id_seq; Type: SEQUENCE; Schema: public; Owner: nba-content-pipeline-staging
--

ALTER TABLE public."Edition" ALTER COLUMN id ADD GENERATED BY DEFAULT AS IDENTITY (
    SEQUENCE NAME public."Edition_id_seq"
    START WITH 1
    INCREMENT BY 1
    NO MINVALUE
    NO MAXVALUE
    CACHE 1
);


--
-- Name: Images; Type: TABLE; Schema: public; Owner: nba-content-pipeline-staging
--

CREATE TABLE public."Images" (
    id integer NOT NULL,
    play_id character varying(200) NOT NULL,
    image_url character varying(200) NOT NULL,
    rating integer NOT NULL
);


ALTER TABLE public."Images" OWNER TO "nba-content-pipeline-staging";

--
-- Name: Images_id_seq; Type: SEQUENCE; Schema: public; Owner: nba-content-pipeline-staging
--

ALTER TABLE public."Images" ALTER COLUMN id ADD GENERATED BY DEFAULT AS IDENTITY (
    SEQUENCE NAME public."Images_id_seq"
    START WITH 1
    INCREMENT BY 1
    NO MINVALUE
    NO MAXVALUE
    CACHE 1
);


--
-- Name: PlayStatusLogs; Type: TABLE; Schema: public; Owner: nba-content-pipeline-staging
--

CREATE TABLE public."PlayStatusLogs" (
    id integer NOT NULL,
    play_id character varying(200) NOT NULL,
    state_play public.play_states NOT NULL,
    "timestamp" date NOT NULL,
    note text,
    updated_by character varying(200) NOT NULL
);


ALTER TABLE public."PlayStatusLogs" OWNER TO "nba-content-pipeline-staging";

--
-- Name: PlayStatusLogs_id_seq; Type: SEQUENCE; Schema: public; Owner: nba-content-pipeline-staging
--

ALTER TABLE public."PlayStatusLogs" ALTER COLUMN id ADD GENERATED BY DEFAULT AS IDENTITY (
    SEQUENCE NAME public."PlayStatusLogs_id_seq"
    START WITH 1
    INCREMENT BY 1
    NO MINVALUE
    NO MAXVALUE
    CACHE 1
);


--
-- Name: Plays; Type: TABLE; Schema: public; Owner: nba-content-pipeline-staging
--

CREATE TABLE public."Plays" (
    id character varying(200) NOT NULL,
    player character varying(200) NOT NULL,
    player_id integer,
    team character varying(200) NOT NULL,
    game_date character varying(200) NOT NULL,
    matchup character varying(200) NOT NULL,
    away_team_score integer,
    home_team_score integer,
    date_received date NOT NULL,
    rating_1 integer NOT NULL,
    rating_2 integer NOT NULL,
    description character varying(1000) NOT NULL,
    selected_vertical_video character varying(250),
    selected_square_video character varying(250),
    selected_getty_image character varying(250),
    category character varying(200) NOT NULL,
    short_description character varying(250),
    long_description character varying(250),
    dapper_rating integer,
    used_in_product boolean NOT NULL,
    is_new boolean NOT NULL,
    state public.play_states NOT NULL
);


ALTER TABLE public."Plays" OWNER TO "nba-content-pipeline-staging";

--
-- Name: Sets; Type: TABLE; Schema: public; Owner: nba-content-pipeline-staging
--

CREATE TABLE public."Sets" (
    play_id character varying(200) NOT NULL,
    set character varying(200) NOT NULL
);


ALTER TABLE public."Sets" OWNER TO "nba-content-pipeline-staging";

--
-- Name: SportRadarInfo; Type: TABLE; Schema: public; Owner: nba-content-pipeline-staging
--

CREATE TABLE public."SportRadarInfo" (
    id integer NOT NULL,
    play_id character varying(200) NOT NULL,
    jersey_number integer NOT NULL,
    team_at_moment character varying(200) NOT NULL,
    primary_position character varying(200) NOT NULL,
    away_team_name character varying(200) NOT NULL,
    home_team_name character varying(200) NOT NULL,
    player_id integer NOT NULL,
    player_game_scores integer NOT NULL,
    player_season_average_scores integer NOT NULL,
    total_years_experience integer NOT NULL,
    team_at_moment_nba_id integer NOT NULL,
    height character varying(200) NOT NULL,
    weight integer NOT NULL,
    current_team character varying(200) NOT NULL,
    current_team_id integer NOT NULL,
    home_team_nba_id integer NOT NULL,
    away_team_nba_id integer NOT NULL,
    draft_year date NOT NULL,
    draft_selection integer NOT NULL,
    draft_round integer NOT NULL,
    birthplace character varying(200) NOT NULL,
    birthdate date NOT NULL,
    home_team_scores_first_quarter integer NOT NULL,
    home_team_scores_second_quarter integer NOT NULL,
    home_team_scores_third_quarter integer NOT NULL,
    home_team_scores_quarter_quarter integer NOT NULL,
    away_team_scores_first_quarter integer NOT NULL,
    away_team_scores_second_quarter integer NOT NULL,
    away_team_scores_third_quarter integer NOT NULL,
    away_team_scores_fourth_quarter integer NOT NULL,
    draft_team character varying(200) NOT NULL,
    draft_team_nba_id integer NOT NULL
);


ALTER TABLE public."SportRadarInfo" OWNER TO "nba-content-pipeline-staging";

--
-- Name: SportRadarInfo_id_seq; Type: SEQUENCE; Schema: public; Owner: nba-content-pipeline-staging
--

ALTER TABLE public."SportRadarInfo" ALTER COLUMN id ADD GENERATED BY DEFAULT AS IDENTITY (
    SEQUENCE NAME public."SportRadarInfo_id_seq"
    START WITH 1
    INCREMENT BY 1
    NO MINVALUE
    NO MAXVALUE
    CACHE 1
);


--
-- Name: Tags; Type: TABLE; Schema: public; Owner: nba-content-pipeline-staging
--

CREATE TABLE public."Tags" (
    id integer NOT NULL,
    play_id character varying(200) NOT NULL,
    tag character varying(200) NOT NULL
);


ALTER TABLE public."Tags" OWNER TO "nba-content-pipeline-staging";

--
-- Name: Tags_id_seq; Type: SEQUENCE; Schema: public; Owner: nba-content-pipeline-staging
--

ALTER TABLE public."Tags" ALTER COLUMN id ADD GENERATED BY DEFAULT AS IDENTITY (
    SEQUENCE NAME public."Tags_id_seq"
    START WITH 1
    INCREMENT BY 1
    NO MINVALUE
    NO MAXVALUE
    CACHE 1
);


--
-- Name: Videos; Type: TABLE; Schema: public; Owner: nba-content-pipeline-staging
--

CREATE TABLE public."Videos" (
    id integer NOT NULL,
    play_id character varying(200) NOT NULL,
    video_type public.video_type NOT NULL,
    description character varying(200) NOT NULL,
    duration integer NOT NULL,
    video_url character varying(200) NOT NULL,
    file_name character varying(200) NOT NULL
);


ALTER TABLE public."Videos" OWNER TO "nba-content-pipeline-staging";

--
-- Name: Videos_id_seq; Type: SEQUENCE; Schema: public; Owner: nba-content-pipeline-staging
--

ALTER TABLE public."Videos" ALTER COLUMN id ADD GENERATED BY DEFAULT AS IDENTITY (
    SEQUENCE NAME public."Videos_id_seq"
    START WITH 1
    INCREMENT BY 1
    NO MINVALUE
    NO MAXVALUE
    CACHE 1
);


--
-- Name: files; Type: TABLE; Schema: public; Owner: nba-content-pipeline-staging
--

CREATE TABLE public.files (
    file_id integer NOT NULL,
    filename character(200) NOT NULL
);


ALTER TABLE public.files OWNER TO "nba-content-pipeline-staging";

--
-- Name: files_file_id_seq; Type: SEQUENCE; Schema: public; Owner: nba-content-pipeline-staging
--

CREATE SEQUENCE public.files_file_id_seq
    AS integer
    START WITH 1
    INCREMENT BY 1
    NO MINVALUE
    NO MAXVALUE
    CACHE 1;


ALTER TABLE public.files_file_id_seq OWNER TO "nba-content-pipeline-staging";

--
-- Name: files_file_id_seq; Type: SEQUENCE OWNED BY; Schema: public; Owner: nba-content-pipeline-staging
--

ALTER SEQUENCE public.files_file_id_seq OWNED BY public.files.file_id;


--
-- Name: metrics; Type: TABLE; Schema: public; Owner: nba-content-pipeline-staging
--

CREATE TABLE public.metrics (
    metricname character varying(20),
    metricvalue integer NOT NULL,
    ts date
);


ALTER TABLE public.metrics OWNER TO "nba-content-pipeline-staging";

--
-- Name: files file_id; Type: DEFAULT; Schema: public; Owner: nba-content-pipeline-staging
--

ALTER TABLE ONLY public.files ALTER COLUMN file_id SET DEFAULT nextval('public.files_file_id_seq'::regclass);


--
-- Data for Name: Badges; Type: TABLE DATA; Schema: public; Owner: nba-content-pipeline-staging
--

COPY public."Badges" (id, play_id, badge) FROM stdin;
\.


--
-- Data for Name: Edition; Type: TABLE DATA; Schema: public; Owner: nba-content-pipeline-staging
--

COPY public."Edition" (id, play_id) FROM stdin;
\.


--
-- Data for Name: Images; Type: TABLE DATA; Schema: public; Owner: nba-content-pipeline-staging
--

COPY public."Images" (id, play_id, image_url, rating) FROM stdin;
77	0020500222_449	https://media.gettyimages.com/photos/lebron-james-of-team-lebron-dunks-the-ball-in-the-third-quarter-team-picture-id1206754001?s=2048x2048	5
81	0020500341_313	https://media.gettyimages.com/photos/young-man-jumping-and-making-a-fantastic-slam-dunk-playing-street-picture-id1247295732?s=2048x2048	4
82	0020500341_313	https://media.gettyimages.com/vectors/powerful-slam-dunk-vector-id180299380?s=2048x2048	2
83	0020500364_182	https://media.gettyimages.com/photos/melting-clock-picture-id1324937797?s=2048x2048	4
84	0020500407_61	https://media.gettyimages.com/photos/melting-clock-picture-id1324937797?s=2048x2048	3
85	0020500407_61	https://media.gettyimages.com/illustrations/anthropomorphic-figure-holding-clock-illustration-id154334992?s=2048x2048	5
86	0020500566_64	https://media.gettyimages.com/illustrations/anthropomorphic-figure-holding-clock-illustration-id154334992?s=2048x2048	4
\.


--
-- Data for Name: PlayStatusLogs; Type: TABLE DATA; Schema: public; Owner: nba-content-pipeline-staging
--

COPY public."PlayStatusLogs" (id, play_id, state_play, "timestamp", note, updated_by) FROM stdin;
106	0020500222_449	ingested	2021-10-07	\N	etl
107	0020500336_157	ingested	2021-10-07	\N	etl
108	0020500341_313	ingested	2021-10-07	\N	etl
109	0020500361_463	ingested	2021-10-07	\N	etl
110	0020500364_182	ingested	2021-10-07	\N	etl
111	0020500407_61	ingested	2021-10-07	\N	etl
112	0020500421_73	ingested	2021-10-07	\N	etl
113	0020500451_318	ingested	2021-10-07	\N	etl
114	0020500493_497	ingested	2021-10-07	\N	etl
115	0020500498_610	ingested	2021-10-07	\N	etl
116	0020500516_39	ingested	2021-10-07	\N	etl
117	0020500516_591	ingested	2021-10-07	\N	etl
118	0020500533_364	ingested	2021-10-07	\N	etl
119	0020500538_261	ingested	2021-10-07	\N	etl
120	0020500566_64	ingested	2021-10-07	\N	etl
121	0020500612_142	ingested	2021-10-07	\N	etl
122	0020500704_456	ingested	2021-10-07	\N	etl
123	0020500897_476	ingested	2021-10-07	\N	etl
124	0020500913_418	ingested	2021-10-07	\N	etl
125	0020500916_297	ingested	2021-10-07	\N	etl
126	0020500945_25	ingested	2021-10-07	\N	etl
127	0020500966_234	ingested	2021-10-07	\N	etl
128	0020500972_351	ingested	2021-10-07	\N	etl
129	0020500978_82	ingested	2021-10-07	\N	etl
130	0020500979_91	ingested	2021-10-07	\N	etl
131	0020500985_291	ingested	2021-10-07	\N	etl
132	0020501008_183	ingested	2021-10-07	\N	etl
133	0020501030_407	ingested	2021-10-07	\N	etl
134	0020501031_340	ingested	2021-10-07	\N	etl
135	0020501032_413	ingested	2021-10-07	\N	etl
136	0020501038_38	ingested	2021-10-07	\N	etl
137	0020501070_56	ingested	2021-10-07	\N	etl
138	0020501209_224	ingested	2021-10-07	\N	etl
139	0021300057_26	ingested	2021-10-07	\N	etl
140	0021300382_26	ingested	2021-10-07	\N	etl
141	0021300391_90	ingested	2021-10-07	\N	etl
142	0021300394_367	ingested	2021-10-07	\N	etl
143	0021300396_308	ingested	2021-10-07	\N	etl
144	0021300676_348	ingested	2021-10-07	\N	etl
145	0021300727_192	ingested	2021-10-07	\N	etl
146	0021300740_523	ingested	2021-10-07	\N	etl
147	0021300759_204	ingested	2021-10-07	\N	etl
148	0021300763_226	ingested	2021-10-07	\N	etl
149	0021300803_225	ingested	2021-10-07	\N	etl
150	0021300805_339	ingested	2021-10-07	\N	etl
151	0021300814_480	ingested	2021-10-07	\N	etl
152	0021300823_142	ingested	2021-10-07	\N	etl
153	0021300899_496	ingested	2021-10-07	\N	etl
154	0021301037_506	ingested	2021-10-07	\N	etl
155	0021301130_279	ingested	2021-10-07	\N	etl
156	0040500102_248	ingested	2021-10-07	\N	etl
157	0040500102_56	ingested	2021-10-07	\N	etl
158	0040500122_267	ingested	2021-10-07	\N	etl
159	0040500131_64	ingested	2021-10-07	\N	etl
160	0040500136_536	ingested	2021-10-07	\N	etl
161	0040500142_468	ingested	2021-10-07	\N	etl
162	0040500144_233	ingested	2021-10-07	\N	etl
163	0040500203_82	ingested	2021-10-07	\N	etl
164	0040500305_258	ingested	2021-10-07	\N	etl
165	0040500315_462	ingested	2021-10-07	\N	etl
166	0040500404_177	ingested	2021-10-07	\N	etl
167	0040500406_442	ingested	2021-10-07	\N	etl
168	0041300176_538	ingested	2021-10-07	\N	etl
169	0041300312_266	ingested	2021-10-07	\N	etl
170	0041300313_296	ingested	2021-10-07	\N	etl
171	1020900012_264	ingested	2021-10-07	\N	etl
172	1020900071_29	ingested	2021-10-07	\N	etl
173	1020900126_230	ingested	2021-10-07	\N	etl
174	1020900201_228	ingested	2021-10-07	\N	etl
175	1021100005_204	ingested	2021-10-07	\N	etl
176	1021100030_131	ingested	2021-10-07	\N	etl
177	1021100073_21	ingested	2021-10-07	\N	etl
178	1021300011_160	ingested	2021-10-07	\N	etl
179	1021300135_111	ingested	2021-10-07	\N	etl
180	1021800099_372	ingested	2021-10-07	\N	etl
181	1022100001_570	ingested	2021-10-07	\N	etl
182	1022100004_7	ingested	2021-10-07	\N	etl
183	1022100011_125	ingested	2021-10-07	\N	etl
184	1022100011_399	ingested	2021-10-07	\N	etl
185	1022100019_453	ingested	2021-10-07	\N	etl
186	1022100022_411	ingested	2021-10-07	\N	etl
187	1022100023_139	ingested	2021-10-07	\N	etl
188	1022100025_78	ingested	2021-10-07	\N	etl
189	1022100035_220	ingested	2021-10-07	\N	etl
190	1022100035_410	ingested	2021-10-07	\N	etl
191	1022100035_483	ingested	2021-10-07	\N	etl
192	1022100054_41	ingested	2021-10-07	\N	etl
193	1022100062_85	ingested	2021-10-07	\N	etl
194	1022100063_256	ingested	2021-10-07	\N	etl
195	1022100063_628	ingested	2021-10-07	\N	etl
196	1022100070_438	ingested	2021-10-07	\N	etl
197	1022100093_129	ingested	2021-10-07	\N	etl
198	1022100100_359	ingested	2021-10-07	\N	etl
199	1022100099_425	ingested	2021-10-07	\N	etl
200	1022100112_334	ingested	2021-10-07	\N	etl
201	1022100116_257	ingested	2021-10-07	\N	etl
202	1041100301_224	ingested	2021-10-07	\N	etl
203	0020500222_449	ingested	2021-10-18	\N	etl
204	0020500222_449	pending	2021-10-18	SAMPLE TEXT	etl
205	0020500222_449	pending	2021-10-18	\N	etl
206	0020500222_449	validated	2021-10-18	SAMPLE TEXT	etl
207	0020500336_157	ingested	2021-10-18	\N	etl
208	0020500336_157	pending	2021-10-18	SAMPLE TEXT	etl
209	0020500336_157	pending	2021-10-18	\N	etl
210	0020500336_157	rejected	2021-10-18	SAMPLE TEXT	etl
211	0020500341_313	ingested	2021-10-18	\N	etl
212	0020500341_313	rejected	2021-10-18	SAMPLE TEXT	etl
213	0020500341_313	rejected	2021-10-18	\N	etl
214	0020500341_313	validated	2021-10-18	SAMPLE TEXT	etl
215	0020500361_463	ingested	2021-10-18	\N	etl
216	0020500361_463	rejected	2021-10-18	SAMPLE TEXT	etl
217	0020500361_463	rejected	2021-10-18	\N	etl
218	0020500361_463	pending	2021-10-18	SAMPLE TEXT	etl
219	0020500364_182	ingested	2021-10-18	\N	etl
220	0020500364_182	validated	2021-10-18	SAMPLE TEXT	etl
221	0020500364_182	validated	2021-10-18	\N	etl
222	0020500364_182	ingested	2021-10-18	SAMPLE TEXT	etl
223	0020500407_61	ingested	2021-10-18	\N	etl
224	0020500407_61	ingested	2021-10-18	SAMPLE TEXT	etl
225	0020500407_61	ingested	2021-10-18	\N	etl
226	0020500407_61	validated	2021-10-18	SAMPLE TEXT	etl
227	0020500421_73	ingested	2021-10-18	\N	etl
228	0020500421_73	rejected	2021-10-18	SAMPLE TEXT	etl
229	0020500421_73	rejected	2021-10-18	\N	etl
230	0020500421_73	pending	2021-10-18	SAMPLE TEXT	etl
231	0020500451_318	ingested	2021-10-18	\N	etl
232	0020500451_318	ingested	2021-10-18	SAMPLE TEXT	etl
233	0020500451_318	ingested	2021-10-18	\N	etl
234	0020500451_318	validated	2021-10-18	SAMPLE TEXT	etl
235	0020500493_497	ingested	2021-10-18	\N	etl
236	0020500493_497	rejected	2021-10-18	SAMPLE TEXT	etl
237	0020500493_497	rejected	2021-10-18	\N	etl
238	0020500493_497	ingested	2021-10-18	SAMPLE TEXT	etl
239	0020500498_610	ingested	2021-10-18	\N	etl
240	0020500498_610	pending	2021-10-18	SAMPLE TEXT	etl
241	0020500498_610	pending	2021-10-18	\N	etl
242	0020500498_610	validated	2021-10-18	SAMPLE TEXT	etl
243	0020500516_39	ingested	2021-10-18	\N	etl
244	0020500516_39	pending	2021-10-18	SAMPLE TEXT	etl
245	0020500516_39	pending	2021-10-18	\N	etl
246	0020500516_39	pending	2021-10-18	SAMPLE TEXT	etl
247	0020500516_591	ingested	2021-10-18	\N	etl
248	0020500516_591	pending	2021-10-18	SAMPLE TEXT	etl
249	0020500516_591	pending	2021-10-18	\N	etl
250	0020500516_591	rejected	2021-10-18	SAMPLE TEXT	etl
251	0020500533_364	ingested	2021-10-18	\N	etl
252	0020500533_364	rejected	2021-10-18	SAMPLE TEXT	etl
253	0020500533_364	rejected	2021-10-18	\N	etl
254	0020500533_364	ingested	2021-10-18	SAMPLE TEXT	etl
255	0020500538_261	ingested	2021-10-18	\N	etl
256	0020500538_261	rejected	2021-10-18	SAMPLE TEXT	etl
257	0020500538_261	rejected	2021-10-18	\N	etl
258	0020500538_261	validated	2021-10-18	SAMPLE TEXT	etl
259	0020500566_64	ingested	2021-10-18	\N	etl
260	0020500566_64	pending	2021-10-18	SAMPLE TEXT	etl
261	0020500566_64	pending	2021-10-18	\N	etl
262	0020500566_64	ingested	2021-10-18	SAMPLE TEXT	etl
263	0020500612_142	ingested	2021-10-18	\N	etl
264	0020500612_142	rejected	2021-10-18	SAMPLE TEXT	etl
265	0020500612_142	rejected	2021-10-18	\N	etl
266	0020500612_142	validated	2021-10-18	SAMPLE TEXT	etl
267	0020500704_456	ingested	2021-10-18	\N	etl
268	0020500704_456	ingested	2021-10-18	SAMPLE TEXT	etl
269	0020500704_456	ingested	2021-10-18	\N	etl
270	0020500704_456	rejected	2021-10-18	SAMPLE TEXT	etl
271	0020500897_476	ingested	2021-10-18	\N	etl
272	0020500897_476	ingested	2021-10-18	SAMPLE TEXT	etl
273	0020500897_476	ingested	2021-10-18	\N	etl
274	0020500897_476	rejected	2021-10-18	SAMPLE TEXT	etl
275	0020500913_418	ingested	2021-10-18	\N	etl
276	0020500913_418	validated	2021-10-18	SAMPLE TEXT	etl
277	0020500913_418	validated	2021-10-18	\N	etl
278	0020500913_418	rejected	2021-10-18	SAMPLE TEXT	etl
279	0020500916_297	ingested	2021-10-18	\N	etl
280	0020500916_297	ingested	2021-10-18	SAMPLE TEXT	etl
281	0020500916_297	ingested	2021-10-18	\N	etl
282	0020500916_297	rejected	2021-10-18	SAMPLE TEXT	etl
283	0020500945_25	ingested	2021-10-18	\N	etl
284	0020500945_25	rejected	2021-10-18	SAMPLE TEXT	etl
285	0020500945_25	rejected	2021-10-18	\N	etl
286	0020500945_25	validated	2021-10-18	SAMPLE TEXT	etl
287	0020500966_234	ingested	2021-10-18	\N	etl
288	0020500966_234	validated	2021-10-18	SAMPLE TEXT	etl
289	0020500966_234	validated	2021-10-18	\N	etl
290	0020500966_234	validated	2021-10-18	SAMPLE TEXT	etl
291	0020500972_351	ingested	2021-10-18	\N	etl
292	0020500972_351	pending	2021-10-18	SAMPLE TEXT	etl
293	0020500972_351	pending	2021-10-18	\N	etl
294	0020500972_351	validated	2021-10-18	SAMPLE TEXT	etl
295	0020500978_82	ingested	2021-10-18	\N	etl
296	0020500978_82	pending	2021-10-18	SAMPLE TEXT	etl
297	0020500978_82	pending	2021-10-18	\N	etl
298	0020500978_82	pending	2021-10-18	SAMPLE TEXT	etl
299	0020500979_91	ingested	2021-10-18	\N	etl
300	0020500979_91	validated	2021-10-18	SAMPLE TEXT	etl
301	0020500979_91	validated	2021-10-18	\N	etl
302	0020500979_91	ingested	2021-10-18	SAMPLE TEXT	etl
303	0020500985_291	ingested	2021-10-18	\N	etl
304	0020500985_291	ingested	2021-10-18	SAMPLE TEXT	etl
305	0020500985_291	ingested	2021-10-18	\N	etl
306	0020500985_291	validated	2021-10-18	SAMPLE TEXT	etl
307	0020501008_183	ingested	2021-10-18	\N	etl
308	0020501008_183	ingested	2021-10-18	SAMPLE TEXT	etl
309	0020501008_183	ingested	2021-10-18	\N	etl
310	0020501008_183	ingested	2021-10-18	SAMPLE TEXT	etl
311	0020501030_407	ingested	2021-10-18	\N	etl
312	0020501030_407	ingested	2021-10-18	SAMPLE TEXT	etl
313	0020501030_407	ingested	2021-10-18	\N	etl
314	0020501030_407	validated	2021-10-18	SAMPLE TEXT	etl
315	0020501031_340	ingested	2021-10-18	\N	etl
316	0020501031_340	pending	2021-10-18	SAMPLE TEXT	etl
317	0020501031_340	pending	2021-10-18	\N	etl
318	0020501031_340	validated	2021-10-18	SAMPLE TEXT	etl
319	0020501032_413	ingested	2021-10-18	\N	etl
320	0020501032_413	validated	2021-10-18	SAMPLE TEXT	etl
321	0020501032_413	validated	2021-10-18	\N	etl
322	0020501032_413	ingested	2021-10-18	SAMPLE TEXT	etl
323	0020501038_38	ingested	2021-10-18	\N	etl
324	0020501038_38	pending	2021-10-18	SAMPLE TEXT	etl
325	0020501038_38	pending	2021-10-18	\N	etl
326	0020501038_38	ingested	2021-10-18	SAMPLE TEXT	etl
327	0020501070_56	ingested	2021-10-18	\N	etl
328	0020501070_56	validated	2021-10-18	SAMPLE TEXT	etl
329	0020501070_56	validated	2021-10-18	\N	etl
330	0020501070_56	ingested	2021-10-18	SAMPLE TEXT	etl
331	0020501209_224	ingested	2021-10-18	\N	etl
332	0020501209_224	validated	2021-10-18	SAMPLE TEXT	etl
333	0020501209_224	validated	2021-10-18	\N	etl
334	0020501209_224	validated	2021-10-18	SAMPLE TEXT	etl
335	0021300057_26	ingested	2021-10-18	\N	etl
336	0021300057_26	pending	2021-10-18	SAMPLE TEXT	etl
337	0021300057_26	pending	2021-10-18	\N	etl
338	0021300057_26	validated	2021-10-18	SAMPLE TEXT	etl
339	0021300382_26	ingested	2021-10-18	\N	etl
340	0021300382_26	rejected	2021-10-18	SAMPLE TEXT	etl
341	0021300382_26	rejected	2021-10-18	\N	etl
342	0021300382_26	rejected	2021-10-18	SAMPLE TEXT	etl
343	0021300391_90	ingested	2021-10-18	\N	etl
344	0021300391_90	rejected	2021-10-18	SAMPLE TEXT	etl
345	0021300391_90	rejected	2021-10-18	\N	etl
346	0021300391_90	pending	2021-10-18	SAMPLE TEXT	etl
347	0021300394_367	ingested	2021-10-18	\N	etl
348	0021300394_367	ingested	2021-10-18	SAMPLE TEXT	etl
349	0021300394_367	ingested	2021-10-18	\N	etl
350	0021300394_367	pending	2021-10-18	SAMPLE TEXT	etl
351	0021300396_308	ingested	2021-10-18	\N	etl
352	0021300396_308	validated	2021-10-18	SAMPLE TEXT	etl
353	0021300396_308	validated	2021-10-18	\N	etl
354	0021300396_308	ingested	2021-10-18	SAMPLE TEXT	etl
355	0021300434_59	ingested	2021-10-18	\N	etl
356	0021300434_59	rejected	2021-10-18	SAMPLE TEXT	etl
357	0021300437_385	ingested	2021-10-18	\N	etl
358	0021300437_385	ingested	2021-10-18	SAMPLE TEXT	etl
359	0021300676_348	ingested	2021-10-18	\N	etl
360	0021300676_348	rejected	2021-10-18	SAMPLE TEXT	etl
361	0021300676_348	rejected	2021-10-18	\N	etl
362	0021300676_348	pending	2021-10-18	SAMPLE TEXT	etl
363	0021300727_192	ingested	2021-10-18	\N	etl
364	0021300727_192	ingested	2021-10-18	SAMPLE TEXT	etl
365	0021300727_192	ingested	2021-10-18	\N	etl
366	0021300727_192	ingested	2021-10-18	SAMPLE TEXT	etl
367	0021300740_523	ingested	2021-10-18	\N	etl
368	0021300740_523	validated	2021-10-18	SAMPLE TEXT	etl
369	0021300740_523	validated	2021-10-18	\N	etl
370	0021300740_523	pending	2021-10-18	SAMPLE TEXT	etl
371	0021300759_204	ingested	2021-10-18	\N	etl
372	0021300759_204	pending	2021-10-18	SAMPLE TEXT	etl
373	0021300759_204	pending	2021-10-18	\N	etl
374	0021300759_204	validated	2021-10-18	SAMPLE TEXT	etl
375	0021300763_226	ingested	2021-10-18	\N	etl
376	0021300763_226	validated	2021-10-18	SAMPLE TEXT	etl
377	0021300763_226	validated	2021-10-18	\N	etl
378	0021300763_226	rejected	2021-10-18	SAMPLE TEXT	etl
379	0021300803_225	ingested	2021-10-18	\N	etl
380	0021300803_225	validated	2021-10-18	SAMPLE TEXT	etl
381	0021300803_225	validated	2021-10-18	\N	etl
382	0021300803_225	rejected	2021-10-18	SAMPLE TEXT	etl
383	0021300805_339	ingested	2021-10-18	\N	etl
384	0021300805_339	ingested	2021-10-18	SAMPLE TEXT	etl
385	0021300805_339	ingested	2021-10-18	\N	etl
386	0021300805_339	ingested	2021-10-18	SAMPLE TEXT	etl
387	0021300814_480	ingested	2021-10-18	\N	etl
388	0021300814_480	rejected	2021-10-18	SAMPLE TEXT	etl
389	0021300814_480	rejected	2021-10-18	\N	etl
390	0021300814_480	pending	2021-10-18	SAMPLE TEXT	etl
391	0021300823_142	ingested	2021-10-18	\N	etl
392	0021300823_142	ingested	2021-10-18	SAMPLE TEXT	etl
393	0021300823_142	ingested	2021-10-18	\N	etl
394	0021300823_142	rejected	2021-10-18	SAMPLE TEXT	etl
395	0021300899_496	ingested	2021-10-18	\N	etl
396	0021300899_496	ingested	2021-10-18	SAMPLE TEXT	etl
397	0021300899_496	ingested	2021-10-18	\N	etl
398	0021300899_496	validated	2021-10-18	SAMPLE TEXT	etl
399	0021300965_521	ingested	2021-10-18	\N	etl
400	0021300965_521	validated	2021-10-18	SAMPLE TEXT	etl
401	0021301037_506	ingested	2021-10-18	\N	etl
402	0021301037_506	pending	2021-10-18	SAMPLE TEXT	etl
403	0021301037_506	pending	2021-10-18	\N	etl
404	0021301037_506	validated	2021-10-18	SAMPLE TEXT	etl
405	0021301130_279	ingested	2021-10-18	\N	etl
406	0021301130_279	pending	2021-10-18	SAMPLE TEXT	etl
407	0021301130_279	pending	2021-10-18	\N	etl
408	0021301130_279	validated	2021-10-18	SAMPLE TEXT	etl
409	0040500102_248	ingested	2021-10-18	\N	etl
410	0040500102_248	rejected	2021-10-18	SAMPLE TEXT	etl
411	0040500102_248	rejected	2021-10-18	\N	etl
412	0040500102_248	validated	2021-10-18	SAMPLE TEXT	etl
413	0040500102_56	ingested	2021-10-18	\N	etl
414	0040500102_56	rejected	2021-10-18	SAMPLE TEXT	etl
415	0040500102_56	rejected	2021-10-18	\N	etl
416	0040500102_56	ingested	2021-10-18	SAMPLE TEXT	etl
417	0040500122_267	ingested	2021-10-18	\N	etl
418	0040500122_267	validated	2021-10-18	SAMPLE TEXT	etl
419	0040500122_267	validated	2021-10-18	\N	etl
420	0040500122_267	pending	2021-10-18	SAMPLE TEXT	etl
421	0040500131_64	ingested	2021-10-18	\N	etl
422	0040500131_64	ingested	2021-10-18	SAMPLE TEXT	etl
423	0040500131_64	ingested	2021-10-18	\N	etl
424	0040500131_64	validated	2021-10-18	SAMPLE TEXT	etl
425	0040500136_536	ingested	2021-10-18	\N	etl
426	0040500136_536	rejected	2021-10-18	SAMPLE TEXT	etl
427	0040500136_536	rejected	2021-10-18	\N	etl
428	0040500136_536	pending	2021-10-18	SAMPLE TEXT	etl
429	0040500142_468	ingested	2021-10-18	\N	etl
430	0040500142_468	rejected	2021-10-18	SAMPLE TEXT	etl
431	0040500142_468	rejected	2021-10-18	\N	etl
432	0040500142_468	pending	2021-10-18	SAMPLE TEXT	etl
433	0040500144_233	ingested	2021-10-18	\N	etl
434	0040500144_233	ingested	2021-10-18	SAMPLE TEXT	etl
435	0040500144_233	ingested	2021-10-18	\N	etl
436	0040500144_233	rejected	2021-10-18	SAMPLE TEXT	etl
437	0040500203_82	ingested	2021-10-18	\N	etl
438	0040500203_82	pending	2021-10-18	SAMPLE TEXT	etl
439	0040500203_82	pending	2021-10-18	\N	etl
440	0040500203_82	ingested	2021-10-18	SAMPLE TEXT	etl
441	0040500305_151	ingested	2021-10-18	\N	etl
442	0040500305_151	rejected	2021-10-18	SAMPLE TEXT	etl
443	0040500305_258	ingested	2021-10-18	\N	etl
444	0040500305_258	pending	2021-10-18	SAMPLE TEXT	etl
445	0040500305_258	pending	2021-10-18	\N	etl
446	0040500305_258	pending	2021-10-18	SAMPLE TEXT	etl
447	0040500315_462	ingested	2021-10-18	\N	etl
448	0040500315_462	rejected	2021-10-18	SAMPLE TEXT	etl
449	0040500315_462	rejected	2021-10-18	\N	etl
450	0040500315_462	validated	2021-10-18	SAMPLE TEXT	etl
451	0040500404_177	ingested	2021-10-18	\N	etl
452	0040500404_177	rejected	2021-10-18	SAMPLE TEXT	etl
453	0040500404_177	rejected	2021-10-18	\N	etl
454	0040500404_177	ingested	2021-10-18	SAMPLE TEXT	etl
455	0040500406_442	ingested	2021-10-18	\N	etl
456	0040500406_442	pending	2021-10-18	SAMPLE TEXT	etl
457	0040500406_442	pending	2021-10-18	\N	etl
458	0040500406_442	validated	2021-10-18	SAMPLE TEXT	etl
459	0041300176_538	ingested	2021-10-18	\N	etl
460	0041300176_538	ingested	2021-10-18	SAMPLE TEXT	etl
461	0041300176_538	ingested	2021-10-18	\N	etl
462	0041300176_538	pending	2021-10-18	SAMPLE TEXT	etl
463	0041300312_266	ingested	2021-10-18	\N	etl
464	0041300312_266	ingested	2021-10-18	SAMPLE TEXT	etl
465	0041300312_266	ingested	2021-10-18	\N	etl
466	0041300312_266	validated	2021-10-18	SAMPLE TEXT	etl
467	0041300313_296	ingested	2021-10-18	\N	etl
468	0041300313_296	rejected	2021-10-18	SAMPLE TEXT	etl
469	0041300313_296	rejected	2021-10-18	\N	etl
470	0041300313_296	rejected	2021-10-18	SAMPLE TEXT	etl
471	1020900012_264	ingested	2021-10-18	\N	etl
472	1020900012_264	rejected	2021-10-18	SAMPLE TEXT	etl
473	1020900012_264	rejected	2021-10-18	\N	etl
474	1020900012_264	ingested	2021-10-18	SAMPLE TEXT	etl
475	1020900071_29	ingested	2021-10-18	\N	etl
476	1020900071_29	pending	2021-10-18	SAMPLE TEXT	etl
477	1020900071_29	pending	2021-10-18	\N	etl
478	1020900071_29	pending	2021-10-18	SAMPLE TEXT	etl
479	1020900126_230	ingested	2021-10-18	\N	etl
480	1020900126_230	rejected	2021-10-18	SAMPLE TEXT	etl
481	1020900126_230	rejected	2021-10-18	\N	etl
482	1020900126_230	validated	2021-10-18	SAMPLE TEXT	etl
483	1020900201_228	ingested	2021-10-18	\N	etl
484	1020900201_228	rejected	2021-10-18	SAMPLE TEXT	etl
485	1020900201_228	rejected	2021-10-18	\N	etl
486	1020900201_228	pending	2021-10-18	SAMPLE TEXT	etl
487	1021100005_204	ingested	2021-10-18	\N	etl
488	1021100005_204	rejected	2021-10-18	SAMPLE TEXT	etl
489	1021100005_204	rejected	2021-10-18	\N	etl
490	1021100005_204	ingested	2021-10-18	SAMPLE TEXT	etl
491	1021100030_131	ingested	2021-10-18	\N	etl
492	1021100030_131	pending	2021-10-18	SAMPLE TEXT	etl
493	1021100030_131	pending	2021-10-18	\N	etl
494	1021100030_131	pending	2021-10-18	SAMPLE TEXT	etl
495	1021100073_21	ingested	2021-10-18	\N	etl
496	1021100073_21	ingested	2021-10-18	SAMPLE TEXT	etl
497	1021100073_21	ingested	2021-10-18	\N	etl
498	1021100073_21	pending	2021-10-18	SAMPLE TEXT	etl
499	1021100106_402	ingested	2021-10-18	\N	etl
500	1021100106_402	rejected	2021-10-18	SAMPLE TEXT	etl
501	1021300011_160	ingested	2021-10-18	\N	etl
502	1021300011_160	rejected	2021-10-18	SAMPLE TEXT	etl
503	1021300011_160	rejected	2021-10-18	\N	etl
504	1021300011_160	ingested	2021-10-18	SAMPLE TEXT	etl
505	1021300135_111	ingested	2021-10-18	\N	etl
506	1021300135_111	rejected	2021-10-18	SAMPLE TEXT	etl
507	1021300135_111	rejected	2021-10-18	\N	etl
508	1021300135_111	pending	2021-10-18	SAMPLE TEXT	etl
509	1021800099_372	ingested	2021-10-18	\N	etl
510	1021800099_372	rejected	2021-10-18	SAMPLE TEXT	etl
511	1021800099_372	rejected	2021-10-18	\N	etl
512	1021800099_372	ingested	2021-10-18	SAMPLE TEXT	etl
513	1022100001_570	ingested	2021-10-18	\N	etl
514	1022100001_570	ingested	2021-10-18	SAMPLE TEXT	etl
515	1022100001_570	ingested	2021-10-18	\N	etl
516	1022100001_570	rejected	2021-10-18	SAMPLE TEXT	etl
517	1022100004_7	ingested	2021-10-18	\N	etl
518	1022100004_7	rejected	2021-10-18	SAMPLE TEXT	etl
519	1022100004_7	rejected	2021-10-18	\N	etl
520	1022100004_7	rejected	2021-10-18	SAMPLE TEXT	etl
521	1022100005_17	ingested	2021-10-18	\N	etl
522	1022100005_17	rejected	2021-10-18	SAMPLE TEXT	etl
523	1022100011_125	ingested	2021-10-18	\N	etl
524	1022100011_125	ingested	2021-10-18	SAMPLE TEXT	etl
525	1022100011_125	ingested	2021-10-18	\N	etl
526	1022100011_125	validated	2021-10-18	SAMPLE TEXT	etl
527	1022100011_399	ingested	2021-10-18	\N	etl
528	1022100011_399	pending	2021-10-18	SAMPLE TEXT	etl
529	1022100011_399	pending	2021-10-18	\N	etl
530	1022100011_399	ingested	2021-10-18	SAMPLE TEXT	etl
531	1022100019_453	ingested	2021-10-18	\N	etl
532	1022100019_453	pending	2021-10-18	SAMPLE TEXT	etl
533	1022100019_453	pending	2021-10-18	\N	etl
534	1022100019_453	validated	2021-10-18	SAMPLE TEXT	etl
535	1022100022_411	ingested	2021-10-18	\N	etl
536	1022100022_411	rejected	2021-10-18	SAMPLE TEXT	etl
537	1022100022_411	rejected	2021-10-18	\N	etl
538	1022100022_411	ingested	2021-10-18	SAMPLE TEXT	etl
539	1022100023_139	ingested	2021-10-18	\N	etl
540	1022100023_139	ingested	2021-10-18	SAMPLE TEXT	etl
541	1022100023_139	ingested	2021-10-18	\N	etl
542	1022100023_139	rejected	2021-10-18	SAMPLE TEXT	etl
543	1022100025_78	ingested	2021-10-18	\N	etl
544	1022100025_78	rejected	2021-10-18	SAMPLE TEXT	etl
545	1022100025_78	rejected	2021-10-18	\N	etl
546	1022100025_78	rejected	2021-10-18	SAMPLE TEXT	etl
547	1022100035_220	ingested	2021-10-18	\N	etl
548	1022100035_220	validated	2021-10-18	SAMPLE TEXT	etl
549	1022100035_220	validated	2021-10-18	\N	etl
550	1022100035_220	rejected	2021-10-18	SAMPLE TEXT	etl
551	1022100035_410	ingested	2021-10-18	\N	etl
552	1022100035_410	ingested	2021-10-18	SAMPLE TEXT	etl
553	1022100035_410	ingested	2021-10-18	\N	etl
554	1022100035_410	rejected	2021-10-18	SAMPLE TEXT	etl
555	1022100035_483	ingested	2021-10-18	\N	etl
556	1022100035_483	pending	2021-10-18	SAMPLE TEXT	etl
557	1022100035_483	pending	2021-10-18	\N	etl
558	1022100035_483	rejected	2021-10-18	SAMPLE TEXT	etl
559	1022100054_41	ingested	2021-10-18	\N	etl
560	1022100054_41	rejected	2021-10-18	SAMPLE TEXT	etl
561	1022100054_41	rejected	2021-10-18	\N	etl
562	1022100054_41	ingested	2021-10-18	SAMPLE TEXT	etl
563	1022100062_85	ingested	2021-10-18	\N	etl
564	1022100062_85	validated	2021-10-18	SAMPLE TEXT	etl
565	1022100062_85	validated	2021-10-18	\N	etl
566	1022100062_85	validated	2021-10-18	SAMPLE TEXT	etl
567	1022100063_256	ingested	2021-10-18	\N	etl
568	1022100063_256	validated	2021-10-18	SAMPLE TEXT	etl
569	1022100063_256	validated	2021-10-18	\N	etl
570	1022100063_256	rejected	2021-10-18	SAMPLE TEXT	etl
571	1022100063_628	ingested	2021-10-18	\N	etl
572	1022100063_628	rejected	2021-10-18	SAMPLE TEXT	etl
573	1022100063_628	rejected	2021-10-18	\N	etl
574	1022100063_628	pending	2021-10-18	SAMPLE TEXT	etl
575	1022100070_438	ingested	2021-10-18	\N	etl
576	1022100070_438	validated	2021-10-18	SAMPLE TEXT	etl
577	1022100070_438	validated	2021-10-18	\N	etl
578	1022100070_438	rejected	2021-10-18	SAMPLE TEXT	etl
579	1022100093_129	ingested	2021-10-18	\N	etl
580	1022100093_129	rejected	2021-10-18	SAMPLE TEXT	etl
581	1022100093_129	rejected	2021-10-18	\N	etl
582	1022100093_129	ingested	2021-10-18	SAMPLE TEXT	etl
583	1022100099_425	ingested	2021-10-18	\N	etl
584	1022100099_425	validated	2021-10-18	SAMPLE TEXT	etl
585	1022100099_425	validated	2021-10-18	\N	etl
586	1022100099_425	rejected	2021-10-18	SAMPLE TEXT	etl
587	1022100100_359	ingested	2021-10-18	\N	etl
588	1022100100_359	rejected	2021-10-18	SAMPLE TEXT	etl
589	1022100100_359	rejected	2021-10-18	\N	etl
590	1022100100_359	ingested	2021-10-18	SAMPLE TEXT	etl
591	1022100112_334	ingested	2021-10-18	\N	etl
592	1022100112_334	pending	2021-10-18	SAMPLE TEXT	etl
593	1022100112_334	pending	2021-10-18	\N	etl
594	1022100112_334	validated	2021-10-18	SAMPLE TEXT	etl
595	1022100116_257	ingested	2021-10-18	\N	etl
596	1022100116_257	rejected	2021-10-18	SAMPLE TEXT	etl
597	1022100116_257	rejected	2021-10-18	\N	etl
598	1022100116_257	pending	2021-10-18	SAMPLE TEXT	etl
599	1041100301_224	ingested	2021-10-18	\N	etl
600	1041100301_224	ingested	2021-10-18	SAMPLE TEXT	etl
601	1041100301_224	ingested	2021-10-18	\N	etl
602	1041100301_224	pending	2021-10-18	SAMPLE TEXT	etl
603	0020500222_449	validated	2021-10-20	\N	etl
604	0020500222_449	pending	2021-10-20	SAMPLE TEXT	etl
605	0020500222_449	pending	2021-10-20	\N	etl
606	0020500222_449	pending	2021-10-20	SAMPLE TEXT	etl
607	0020500336_157	rejected	2021-10-20	\N	etl
608	0020500336_157	ingested	2021-10-20	SAMPLE TEXT	etl
609	0020500336_157	ingested	2021-10-20	\N	etl
610	0020500336_157	rejected	2021-10-20	SAMPLE TEXT	etl
611	0020500341_313	validated	2021-10-20	\N	etl
612	0020500341_313	validated	2021-10-20	SAMPLE TEXT	etl
613	0020500341_313	validated	2021-10-20	\N	etl
614	0020500341_313	rejected	2021-10-20	SAMPLE TEXT	etl
615	0020500361_463	pending	2021-10-20	\N	etl
616	0020500361_463	ingested	2021-10-20	SAMPLE TEXT	etl
617	0020500361_463	ingested	2021-10-20	\N	etl
618	0020500361_463	validated	2021-10-20	SAMPLE TEXT	etl
619	0020500364_182	rejected	2021-10-20	\N	etl
620	0020500364_182	pending	2021-10-20	SAMPLE TEXT	etl
621	0020500364_182	pending	2021-10-20	\N	etl
622	0020500364_182	ingested	2021-10-20	SAMPLE TEXT	etl
623	0020500407_61	validated	2021-10-20	\N	etl
624	0020500407_61	ingested	2021-10-20	SAMPLE TEXT	etl
625	0020500407_61	ingested	2021-10-20	\N	etl
626	0020500407_61	ingested	2021-10-20	SAMPLE TEXT	etl
627	0020500421_73	pending	2021-10-20	\N	etl
628	0020500421_73	validated	2021-10-20	SAMPLE TEXT	etl
629	0020500421_73	validated	2021-10-20	\N	etl
630	0020500421_73	rejected	2021-10-20	SAMPLE TEXT	etl
631	0020500451_318	validated	2021-10-20	\N	etl
632	0020500451_318	rejected	2021-10-20	SAMPLE TEXT	etl
633	0020500451_318	rejected	2021-10-20	\N	etl
634	0020500451_318	validated	2021-10-20	SAMPLE TEXT	etl
635	0020500493_497	ingested	2021-10-20	\N	etl
636	0020500493_497	ingested	2021-10-20	SAMPLE TEXT	etl
637	0020500493_497	ingested	2021-10-20	\N	etl
638	0020500493_497	rejected	2021-10-20	SAMPLE TEXT	etl
639	0020500498_610	validated	2021-10-20	\N	etl
640	0020500498_610	rejected	2021-10-20	SAMPLE TEXT	etl
641	0020500498_610	rejected	2021-10-20	\N	etl
642	0020500498_610	rejected	2021-10-20	SAMPLE TEXT	etl
643	0020500516_39	pending	2021-10-20	\N	etl
644	0020500516_39	ingested	2021-10-20	SAMPLE TEXT	etl
645	0020500516_39	ingested	2021-10-20	\N	etl
646	0020500516_39	validated	2021-10-20	SAMPLE TEXT	etl
647	0020500516_591	rejected	2021-10-20	\N	etl
648	0020500516_591	rejected	2021-10-20	SAMPLE TEXT	etl
649	0020500516_591	rejected	2021-10-20	\N	etl
650	0020500516_591	rejected	2021-10-20	SAMPLE TEXT	etl
651	0020500533_364	ingested	2021-10-20	\N	etl
652	0020500533_364	validated	2021-10-20	SAMPLE TEXT	etl
653	0020500533_364	validated	2021-10-20	\N	etl
654	0020500533_364	pending	2021-10-20	SAMPLE TEXT	etl
655	0020500538_261	validated	2021-10-20	\N	etl
656	0020500538_261	ingested	2021-10-20	SAMPLE TEXT	etl
657	0020500538_261	ingested	2021-10-20	\N	etl
658	0020500538_261	validated	2021-10-20	SAMPLE TEXT	etl
659	0020500566_64	ingested	2021-10-20	\N	etl
660	0020500566_64	validated	2021-10-20	SAMPLE TEXT	etl
661	0020500566_64	validated	2021-10-20	\N	etl
662	0020500566_64	ingested	2021-10-20	SAMPLE TEXT	etl
663	0020500612_142	validated	2021-10-20	\N	etl
664	0020500612_142	rejected	2021-10-20	SAMPLE TEXT	etl
665	0020500612_142	rejected	2021-10-20	\N	etl
666	0020500612_142	pending	2021-10-20	SAMPLE TEXT	etl
667	0020500704_456	rejected	2021-10-20	\N	etl
668	0020500704_456	validated	2021-10-20	SAMPLE TEXT	etl
669	0020500704_456	validated	2021-10-20	\N	etl
670	0020500704_456	rejected	2021-10-20	SAMPLE TEXT	etl
671	0020500897_476	rejected	2021-10-20	\N	etl
672	0020500897_476	rejected	2021-10-20	SAMPLE TEXT	etl
673	0020500897_476	rejected	2021-10-20	\N	etl
674	0020500897_476	validated	2021-10-20	SAMPLE TEXT	etl
675	0020500913_418	rejected	2021-10-20	\N	etl
676	0020500913_418	validated	2021-10-20	SAMPLE TEXT	etl
677	0020500913_418	validated	2021-10-20	\N	etl
678	0020500913_418	pending	2021-10-20	SAMPLE TEXT	etl
679	0020500916_297	rejected	2021-10-20	\N	etl
680	0020500916_297	validated	2021-10-20	SAMPLE TEXT	etl
681	0020500916_297	validated	2021-10-20	\N	etl
682	0020500916_297	ingested	2021-10-20	SAMPLE TEXT	etl
683	0020500945_25	validated	2021-10-20	\N	etl
684	0020500945_25	ingested	2021-10-20	SAMPLE TEXT	etl
685	0020500945_25	ingested	2021-10-20	\N	etl
686	0020500945_25	validated	2021-10-20	SAMPLE TEXT	etl
687	0020500966_234	validated	2021-10-20	\N	etl
688	0020500966_234	validated	2021-10-20	SAMPLE TEXT	etl
689	0020500966_234	validated	2021-10-20	\N	etl
690	0020500966_234	validated	2021-10-20	SAMPLE TEXT	etl
691	0020500972_351	validated	2021-10-20	\N	etl
692	0020500972_351	pending	2021-10-20	SAMPLE TEXT	etl
693	0020500972_351	pending	2021-10-20	\N	etl
694	0020500972_351	pending	2021-10-20	SAMPLE TEXT	etl
695	0020500978_82	pending	2021-10-20	\N	etl
696	0020500978_82	ingested	2021-10-20	SAMPLE TEXT	etl
697	0020500978_82	ingested	2021-10-20	\N	etl
698	0020500978_82	ingested	2021-10-20	SAMPLE TEXT	etl
699	0020500979_91	ingested	2021-10-20	\N	etl
700	0020500979_91	pending	2021-10-20	SAMPLE TEXT	etl
701	0020500979_91	pending	2021-10-20	\N	etl
702	0020500979_91	validated	2021-10-20	SAMPLE TEXT	etl
703	0020500985_291	validated	2021-10-20	\N	etl
704	0020500985_291	ingested	2021-10-20	SAMPLE TEXT	etl
705	0020500985_291	ingested	2021-10-20	\N	etl
706	0020500985_291	ingested	2021-10-20	SAMPLE TEXT	etl
707	0020501008_183	ingested	2021-10-20	\N	etl
708	0020501008_183	ingested	2021-10-20	SAMPLE TEXT	etl
709	0020501008_183	ingested	2021-10-20	\N	etl
710	0020501008_183	rejected	2021-10-20	SAMPLE TEXT	etl
711	0020501030_407	validated	2021-10-20	\N	etl
712	0020501030_407	rejected	2021-10-20	SAMPLE TEXT	etl
713	0020501030_407	rejected	2021-10-20	\N	etl
714	0020501030_407	ingested	2021-10-20	SAMPLE TEXT	etl
715	0020501031_340	validated	2021-10-20	\N	etl
716	0020501031_340	validated	2021-10-20	SAMPLE TEXT	etl
717	0020501031_340	validated	2021-10-20	\N	etl
718	0020501031_340	rejected	2021-10-20	SAMPLE TEXT	etl
719	0020501032_413	ingested	2021-10-20	\N	etl
720	0020501032_413	ingested	2021-10-20	SAMPLE TEXT	etl
721	0020501032_413	ingested	2021-10-20	\N	etl
722	0020501032_413	validated	2021-10-20	SAMPLE TEXT	etl
723	0020501038_38	ingested	2021-10-20	\N	etl
724	0020501038_38	pending	2021-10-20	SAMPLE TEXT	etl
725	0020501038_38	pending	2021-10-20	\N	etl
726	0020501038_38	pending	2021-10-20	SAMPLE TEXT	etl
727	0020501070_56	ingested	2021-10-20	\N	etl
728	0020501070_56	pending	2021-10-20	SAMPLE TEXT	etl
729	0020501070_56	pending	2021-10-20	\N	etl
730	0020501070_56	ingested	2021-10-20	SAMPLE TEXT	etl
731	0020501209_224	validated	2021-10-20	\N	etl
732	0020501209_224	validated	2021-10-20	SAMPLE TEXT	etl
733	0020501209_224	validated	2021-10-20	\N	etl
734	0020501209_224	validated	2021-10-20	SAMPLE TEXT	etl
735	0021300057_26	validated	2021-10-20	\N	etl
736	0021300057_26	ingested	2021-10-20	SAMPLE TEXT	etl
737	0021300057_26	ingested	2021-10-20	\N	etl
738	0021300057_26	validated	2021-10-20	SAMPLE TEXT	etl
739	0021300382_26	rejected	2021-10-20	\N	etl
740	0021300382_26	pending	2021-10-20	SAMPLE TEXT	etl
741	0021300382_26	pending	2021-10-20	\N	etl
742	0021300382_26	ingested	2021-10-20	SAMPLE TEXT	etl
743	0021300391_90	pending	2021-10-20	\N	etl
744	0021300391_90	pending	2021-10-20	SAMPLE TEXT	etl
745	0021300391_90	pending	2021-10-20	\N	etl
746	0021300391_90	rejected	2021-10-20	SAMPLE TEXT	etl
747	0021300394_367	pending	2021-10-20	\N	etl
748	0021300394_367	validated	2021-10-20	SAMPLE TEXT	etl
749	0021300394_367	validated	2021-10-20	\N	etl
750	0021300394_367	pending	2021-10-20	SAMPLE TEXT	etl
751	0021300396_308	ingested	2021-10-20	\N	etl
752	0021300396_308	ingested	2021-10-20	SAMPLE TEXT	etl
753	0021300396_308	ingested	2021-10-20	\N	etl
754	0021300396_308	pending	2021-10-20	SAMPLE TEXT	etl
755	0021300434_59	rejected	2021-10-20	\N	etl
756	0021300434_59	pending	2021-10-20	SAMPLE TEXT	etl
757	0021300437_385	ingested	2021-10-20	\N	etl
758	0021300437_385	pending	2021-10-20	SAMPLE TEXT	etl
759	0021300676_348	pending	2021-10-20	\N	etl
760	0021300676_348	pending	2021-10-20	SAMPLE TEXT	etl
761	0021300676_348	pending	2021-10-20	\N	etl
762	0021300676_348	rejected	2021-10-20	SAMPLE TEXT	etl
763	0021300727_192	ingested	2021-10-20	\N	etl
764	0021300727_192	ingested	2021-10-20	SAMPLE TEXT	etl
765	0021300727_192	ingested	2021-10-20	\N	etl
766	0021300727_192	validated	2021-10-20	SAMPLE TEXT	etl
767	0021300740_523	pending	2021-10-20	\N	etl
768	0021300740_523	validated	2021-10-20	SAMPLE TEXT	etl
769	0021300740_523	validated	2021-10-20	\N	etl
770	0021300740_523	rejected	2021-10-20	SAMPLE TEXT	etl
771	0021300759_204	validated	2021-10-20	\N	etl
772	0021300759_204	pending	2021-10-20	SAMPLE TEXT	etl
773	0021300759_204	pending	2021-10-20	\N	etl
774	0021300759_204	ingested	2021-10-20	SAMPLE TEXT	etl
775	0021300763_226	rejected	2021-10-20	\N	etl
776	0021300763_226	pending	2021-10-20	SAMPLE TEXT	etl
777	0021300763_226	pending	2021-10-20	\N	etl
778	0021300763_226	rejected	2021-10-20	SAMPLE TEXT	etl
779	0021300803_225	rejected	2021-10-20	\N	etl
780	0021300803_225	ingested	2021-10-20	SAMPLE TEXT	etl
781	0021300803_225	ingested	2021-10-20	\N	etl
782	0021300803_225	ingested	2021-10-20	SAMPLE TEXT	etl
783	0021300805_339	ingested	2021-10-20	\N	etl
784	0021300805_339	ingested	2021-10-20	SAMPLE TEXT	etl
785	0021300805_339	ingested	2021-10-20	\N	etl
786	0021300805_339	validated	2021-10-20	SAMPLE TEXT	etl
787	0021300814_480	pending	2021-10-20	\N	etl
788	0021300814_480	validated	2021-10-20	SAMPLE TEXT	etl
789	0021300814_480	validated	2021-10-20	\N	etl
790	0021300814_480	rejected	2021-10-20	SAMPLE TEXT	etl
791	0021300823_142	rejected	2021-10-20	\N	etl
792	0021300823_142	ingested	2021-10-20	SAMPLE TEXT	etl
793	0021300823_142	ingested	2021-10-20	\N	etl
794	0021300823_142	rejected	2021-10-20	SAMPLE TEXT	etl
795	0021300899_496	validated	2021-10-20	\N	etl
796	0021300899_496	rejected	2021-10-20	SAMPLE TEXT	etl
797	0021300899_496	rejected	2021-10-20	\N	etl
798	0021300899_496	rejected	2021-10-20	SAMPLE TEXT	etl
799	0021300965_521	validated	2021-10-20	\N	etl
800	0021300965_521	pending	2021-10-20	SAMPLE TEXT	etl
801	0021301037_506	validated	2021-10-20	\N	etl
802	0021301037_506	pending	2021-10-20	SAMPLE TEXT	etl
803	0021301037_506	pending	2021-10-20	\N	etl
804	0021301037_506	pending	2021-10-20	SAMPLE TEXT	etl
805	0021301130_279	validated	2021-10-20	\N	etl
806	0021301130_279	pending	2021-10-20	SAMPLE TEXT	etl
807	0021301130_279	pending	2021-10-20	\N	etl
808	0021301130_279	ingested	2021-10-20	SAMPLE TEXT	etl
809	0040500102_248	validated	2021-10-20	\N	etl
810	0040500102_248	pending	2021-10-20	SAMPLE TEXT	etl
811	0040500102_248	pending	2021-10-20	\N	etl
812	0040500102_248	pending	2021-10-20	SAMPLE TEXT	etl
813	0040500102_56	ingested	2021-10-20	\N	etl
814	0040500102_56	validated	2021-10-20	SAMPLE TEXT	etl
815	0040500102_56	validated	2021-10-20	\N	etl
816	0040500102_56	validated	2021-10-20	SAMPLE TEXT	etl
817	0040500122_267	pending	2021-10-20	\N	etl
818	0040500122_267	ingested	2021-10-20	SAMPLE TEXT	etl
819	0040500122_267	ingested	2021-10-20	\N	etl
820	0040500122_267	ingested	2021-10-20	SAMPLE TEXT	etl
821	0040500131_64	validated	2021-10-20	\N	etl
822	0040500131_64	ingested	2021-10-20	SAMPLE TEXT	etl
823	0040500131_64	ingested	2021-10-20	\N	etl
824	0040500131_64	ingested	2021-10-20	SAMPLE TEXT	etl
825	0040500136_536	pending	2021-10-20	\N	etl
826	0040500136_536	validated	2021-10-20	SAMPLE TEXT	etl
827	0040500136_536	validated	2021-10-20	\N	etl
828	0040500136_536	validated	2021-10-20	SAMPLE TEXT	etl
829	0040500142_468	pending	2021-10-20	\N	etl
830	0040500142_468	pending	2021-10-20	SAMPLE TEXT	etl
831	0040500142_468	pending	2021-10-20	\N	etl
832	0040500142_468	rejected	2021-10-20	SAMPLE TEXT	etl
833	0040500144_233	rejected	2021-10-20	\N	etl
834	0040500144_233	pending	2021-10-20	SAMPLE TEXT	etl
835	0040500144_233	pending	2021-10-20	\N	etl
836	0040500144_233	rejected	2021-10-20	SAMPLE TEXT	etl
837	0040500203_82	ingested	2021-10-20	\N	etl
838	0040500203_82	rejected	2021-10-20	SAMPLE TEXT	etl
839	0040500203_82	rejected	2021-10-20	\N	etl
840	0040500203_82	validated	2021-10-20	SAMPLE TEXT	etl
841	0040500305_151	rejected	2021-10-20	\N	etl
842	0040500305_151	rejected	2021-10-20	SAMPLE TEXT	etl
843	0040500305_258	pending	2021-10-20	\N	etl
844	0040500305_258	ingested	2021-10-20	SAMPLE TEXT	etl
845	0040500305_258	ingested	2021-10-20	\N	etl
846	0040500305_258	validated	2021-10-20	SAMPLE TEXT	etl
847	0040500315_462	validated	2021-10-20	\N	etl
848	0040500315_462	pending	2021-10-20	SAMPLE TEXT	etl
849	0040500315_462	pending	2021-10-20	\N	etl
850	0040500315_462	pending	2021-10-20	SAMPLE TEXT	etl
851	0040500404_177	ingested	2021-10-20	\N	etl
852	0040500404_177	rejected	2021-10-20	SAMPLE TEXT	etl
853	0040500404_177	rejected	2021-10-20	\N	etl
854	0040500404_177	rejected	2021-10-20	SAMPLE TEXT	etl
855	0040500406_442	validated	2021-10-20	\N	etl
856	0040500406_442	pending	2021-10-20	SAMPLE TEXT	etl
857	0040500406_442	pending	2021-10-20	\N	etl
858	0040500406_442	pending	2021-10-20	SAMPLE TEXT	etl
859	0041300176_538	pending	2021-10-20	\N	etl
860	0041300176_538	pending	2021-10-20	SAMPLE TEXT	etl
861	0041300176_538	pending	2021-10-20	\N	etl
862	0041300176_538	pending	2021-10-20	SAMPLE TEXT	etl
863	0041300312_266	validated	2021-10-20	\N	etl
864	0041300312_266	rejected	2021-10-20	SAMPLE TEXT	etl
865	0041300312_266	rejected	2021-10-20	\N	etl
866	0041300312_266	pending	2021-10-20	SAMPLE TEXT	etl
867	0041300313_296	rejected	2021-10-20	\N	etl
868	0041300313_296	validated	2021-10-20	SAMPLE TEXT	etl
869	0041300313_296	validated	2021-10-20	\N	etl
870	0041300313_296	ingested	2021-10-20	SAMPLE TEXT	etl
871	1020900012_264	ingested	2021-10-20	\N	etl
872	1020900012_264	rejected	2021-10-20	SAMPLE TEXT	etl
873	1020900012_264	rejected	2021-10-20	\N	etl
874	1020900012_264	validated	2021-10-20	SAMPLE TEXT	etl
875	1020900071_29	pending	2021-10-20	\N	etl
876	1020900071_29	rejected	2021-10-20	SAMPLE TEXT	etl
877	1020900071_29	rejected	2021-10-20	\N	etl
878	1020900071_29	ingested	2021-10-20	SAMPLE TEXT	etl
879	1020900126_230	validated	2021-10-20	\N	etl
880	1020900126_230	validated	2021-10-20	SAMPLE TEXT	etl
881	1020900126_230	validated	2021-10-20	\N	etl
882	1020900126_230	validated	2021-10-20	SAMPLE TEXT	etl
883	1020900201_228	pending	2021-10-20	\N	etl
884	1020900201_228	validated	2021-10-20	SAMPLE TEXT	etl
885	1020900201_228	validated	2021-10-20	\N	etl
886	1020900201_228	validated	2021-10-20	SAMPLE TEXT	etl
887	1021100005_204	ingested	2021-10-20	\N	etl
888	1021100005_204	pending	2021-10-20	SAMPLE TEXT	etl
889	1021100005_204	pending	2021-10-20	\N	etl
890	1021100005_204	ingested	2021-10-20	SAMPLE TEXT	etl
891	1021100030_131	pending	2021-10-20	\N	etl
892	1021100030_131	validated	2021-10-20	SAMPLE TEXT	etl
893	1021100030_131	validated	2021-10-20	\N	etl
894	1021100030_131	ingested	2021-10-20	SAMPLE TEXT	etl
895	1021100073_21	pending	2021-10-20	\N	etl
896	1021100073_21	validated	2021-10-20	SAMPLE TEXT	etl
897	1021100073_21	validated	2021-10-20	\N	etl
898	1021100073_21	rejected	2021-10-20	SAMPLE TEXT	etl
899	1021100106_402	rejected	2021-10-20	\N	etl
900	1021100106_402	rejected	2021-10-20	SAMPLE TEXT	etl
901	1021300011_160	ingested	2021-10-20	\N	etl
902	1021300011_160	rejected	2021-10-20	SAMPLE TEXT	etl
903	1021300011_160	rejected	2021-10-20	\N	etl
904	1021300011_160	validated	2021-10-20	SAMPLE TEXT	etl
905	1021300135_111	pending	2021-10-20	\N	etl
906	1021300135_111	pending	2021-10-20	SAMPLE TEXT	etl
907	1021300135_111	pending	2021-10-20	\N	etl
908	1021300135_111	ingested	2021-10-20	SAMPLE TEXT	etl
909	1021800099_372	ingested	2021-10-20	\N	etl
910	1021800099_372	pending	2021-10-20	SAMPLE TEXT	etl
911	1021800099_372	pending	2021-10-20	\N	etl
912	1021800099_372	validated	2021-10-20	SAMPLE TEXT	etl
913	1022100001_570	rejected	2021-10-20	\N	etl
914	1022100001_570	pending	2021-10-20	SAMPLE TEXT	etl
915	1022100001_570	pending	2021-10-20	\N	etl
916	1022100001_570	validated	2021-10-20	SAMPLE TEXT	etl
917	1022100004_7	rejected	2021-10-20	\N	etl
918	1022100004_7	rejected	2021-10-20	SAMPLE TEXT	etl
919	1022100004_7	rejected	2021-10-20	\N	etl
920	1022100004_7	ingested	2021-10-20	SAMPLE TEXT	etl
921	1022100005_17	rejected	2021-10-20	\N	etl
922	1022100005_17	validated	2021-10-20	SAMPLE TEXT	etl
923	1022100011_125	validated	2021-10-20	\N	etl
924	1022100011_125	ingested	2021-10-20	SAMPLE TEXT	etl
925	1022100011_125	ingested	2021-10-20	\N	etl
926	1022100011_125	validated	2021-10-20	SAMPLE TEXT	etl
927	1022100011_399	ingested	2021-10-20	\N	etl
928	1022100011_399	ingested	2021-10-20	SAMPLE TEXT	etl
929	1022100011_399	ingested	2021-10-20	\N	etl
930	1022100011_399	pending	2021-10-20	SAMPLE TEXT	etl
931	1022100019_453	validated	2021-10-20	\N	etl
932	1022100019_453	validated	2021-10-20	SAMPLE TEXT	etl
933	1022100019_453	validated	2021-10-20	\N	etl
934	1022100019_453	rejected	2021-10-20	SAMPLE TEXT	etl
935	1022100022_411	ingested	2021-10-20	\N	etl
936	1022100022_411	rejected	2021-10-20	SAMPLE TEXT	etl
937	1022100022_411	rejected	2021-10-20	\N	etl
938	1022100022_411	rejected	2021-10-20	SAMPLE TEXT	etl
939	1022100023_139	rejected	2021-10-20	\N	etl
940	1022100023_139	validated	2021-10-20	SAMPLE TEXT	etl
941	1022100023_139	validated	2021-10-20	\N	etl
942	1022100023_139	validated	2021-10-20	SAMPLE TEXT	etl
943	1022100025_78	rejected	2021-10-20	\N	etl
944	1022100025_78	ingested	2021-10-20	SAMPLE TEXT	etl
945	1022100025_78	ingested	2021-10-20	\N	etl
946	1022100025_78	rejected	2021-10-20	SAMPLE TEXT	etl
947	1022100035_220	rejected	2021-10-20	\N	etl
948	1022100035_220	pending	2021-10-20	SAMPLE TEXT	etl
949	1022100035_220	pending	2021-10-20	\N	etl
950	1022100035_220	rejected	2021-10-20	SAMPLE TEXT	etl
951	1022100035_410	rejected	2021-10-20	\N	etl
952	1022100035_410	ingested	2021-10-20	SAMPLE TEXT	etl
953	1022100035_410	ingested	2021-10-20	\N	etl
954	1022100035_410	validated	2021-10-20	SAMPLE TEXT	etl
955	1022100035_483	rejected	2021-10-20	\N	etl
956	1022100035_483	validated	2021-10-20	SAMPLE TEXT	etl
957	1022100035_483	validated	2021-10-20	\N	etl
958	1022100035_483	validated	2021-10-20	SAMPLE TEXT	etl
959	1022100054_41	ingested	2021-10-20	\N	etl
960	1022100054_41	pending	2021-10-20	SAMPLE TEXT	etl
961	1022100054_41	pending	2021-10-20	\N	etl
962	1022100054_41	rejected	2021-10-20	SAMPLE TEXT	etl
963	1022100062_85	validated	2021-10-20	\N	etl
964	1022100062_85	validated	2021-10-20	SAMPLE TEXT	etl
965	1022100062_85	validated	2021-10-20	\N	etl
966	1022100062_85	validated	2021-10-20	SAMPLE TEXT	etl
967	1022100063_256	rejected	2021-10-20	\N	etl
968	1022100063_256	ingested	2021-10-20	SAMPLE TEXT	etl
969	1022100063_256	ingested	2021-10-20	\N	etl
970	1022100063_256	ingested	2021-10-20	SAMPLE TEXT	etl
971	1022100063_628	pending	2021-10-20	\N	etl
972	1022100063_628	rejected	2021-10-20	SAMPLE TEXT	etl
973	1022100063_628	rejected	2021-10-20	\N	etl
974	1022100063_628	validated	2021-10-20	SAMPLE TEXT	etl
975	1022100070_438	rejected	2021-10-20	\N	etl
976	1022100070_438	validated	2021-10-20	SAMPLE TEXT	etl
977	1022100070_438	validated	2021-10-20	\N	etl
978	1022100070_438	rejected	2021-10-20	SAMPLE TEXT	etl
979	1022100093_129	ingested	2021-10-20	\N	etl
980	1022100093_129	pending	2021-10-20	SAMPLE TEXT	etl
981	1022100093_129	pending	2021-10-20	\N	etl
982	1022100093_129	rejected	2021-10-20	SAMPLE TEXT	etl
983	1022100099_425	rejected	2021-10-20	\N	etl
984	1022100099_425	validated	2021-10-20	SAMPLE TEXT	etl
985	1022100099_425	validated	2021-10-20	\N	etl
986	1022100099_425	pending	2021-10-20	SAMPLE TEXT	etl
987	1022100100_359	ingested	2021-10-20	\N	etl
988	1022100100_359	rejected	2021-10-20	SAMPLE TEXT	etl
989	1022100100_359	rejected	2021-10-20	\N	etl
990	1022100100_359	pending	2021-10-20	SAMPLE TEXT	etl
991	1022100112_334	validated	2021-10-20	\N	etl
992	1022100112_334	pending	2021-10-20	SAMPLE TEXT	etl
993	1022100112_334	pending	2021-10-20	\N	etl
994	1022100112_334	pending	2021-10-20	SAMPLE TEXT	etl
995	1022100116_257	pending	2021-10-20	\N	etl
996	1022100116_257	rejected	2021-10-20	SAMPLE TEXT	etl
997	1022100116_257	rejected	2021-10-20	\N	etl
998	1022100116_257	rejected	2021-10-20	SAMPLE TEXT	etl
999	1041100301_224	pending	2021-10-20	\N	etl
1000	1041100301_224	ingested	2021-10-20	SAMPLE TEXT	etl
1001	1041100301_224	ingested	2021-10-20	\N	etl
1002	1041100301_224	rejected	2021-10-20	SAMPLE TEXT	etl
\.


--
-- Data for Name: Plays; Type: TABLE DATA; Schema: public; Owner: nba-content-pipeline-staging
--

COPY public."Plays" (id, player, player_id, team, game_date, matchup, away_team_score, home_team_score, date_received, rating_1, rating_2, description, selected_vertical_video, selected_square_video, selected_getty_image, category, short_description, long_description, dapper_rating, used_in_product, is_new, state) FROM stdin;
0020500341_313	Andre Iguodala, Kyle Korver	\N	Prueba	2005-12-18T00:00:00.000-06:00	PHI@TOR	\N	\N	2021-10-01	2	0	iguodala a dunk phivtor sqdap TEST dec 18 2005	\N	\N	\N	Driving Dunk: Made	\N	\N	\N	f	t	rejected
0020500407_61	DeShawn Stevenson, Grant Hill	\N	Magic	2005-12-28T00:00:00.000-06:00	NYK@ORL	\N	\N	2021-10-01	2	0	stevenson d layup nykvorl sqdap TEST dec 28 2005	\N	\N	\N	Reverse Layup: Made	\N	\N	\N	f	t	validated
0020500493_497	Luther Head, Rafer Alston	\N	Rockets	2006-01-10T00:00:00.000-06:00	HOU@CHA	\N	\N	2021-10-01	2	0		\N	\N	\N	Jump Shot: Made	\N	\N	\N	f	t	rejected
0020500421_73	Shawn Marion, Steve Nash	\N	Suns	2005-12-30T00:00:00.000-06:00	PHO@CHA	\N	\N	2021-10-01	2	0	nash s assist sqdap phovcha dec 30 2005	\N	\N	\N	Jump Shot: Made	\N	\N	\N	f	t	rejected
0020500451_318	Desmond Mason, Christopher Paul	\N	Hornets	2006-01-04T00:00:00.000-06:00	MIA@NOH	\N	\N	2021-10-01	2	2	mason d dunk sqdap miavnoh jan 04 2006	\N	\N	\N	Alley Oop Layup: Made	\N	\N	\N	f	t	validated
0020500364_182	Nazr Mohammed, Robert Horry	\N	Spurs	2005-12-21T00:00:00.000-06:00	SAN@NYK	\N	\N	2021-10-01	1	1	horry r assist sanvnyk sqdap TEST dec 21 2005	\N	\N	\N	Slam Dunk Shot: Made	\N	\N	\N	f	t	validated
0020500498_610	Carmelo Anthony, Earl Boykins	\N	Nuggets	2006-01-10T00:00:00.000-06:00	PHO@DEN	\N	\N	2021-10-01	2	0	anthony c jumper phxvden sqdap 011006	\N	\N	\N	Jump Shot: Made	\N	\N	\N	f	t	rejected
0020500516_39	Andre Iguodala, Allen Iverson	\N	76ers	2006-01-13T00:00:00.000-06:00	BOS@PHI	\N	\N	2021-10-01	1	0	iguodala a dunk sqdap bosvphi jan 13 2006	\N	\N	\N	Slam Dunk Shot: Made	\N	\N	\N	f	t	validated
0020500516_591	Kyle Korver, Allen Iverson	\N	76ers	2006-01-13T00:00:00.000-06:00	BOS@PHI	\N	\N	2021-10-01	3	0	korver k 3 bosvphi sqdap TEST jan 13 2006	\N	\N	\N	Jump Shot: Made	\N	\N	\N	f	t	rejected
0020500533_364	Chris Bosh, Jose Calderon	\N	Raptors	2006-01-15T00:00:00.000-06:00	NYK@TOR	\N	\N	2021-10-01	2	2	bosh c dunk sqdap nykvtor jan 15 2006	\N	\N	\N	Driving Dunk: Made	\N	\N	\N	f	t	pending
0020500538_261	Christopher Paul	\N	Hornets	2006-01-16T00:00:00.000-06:00	NOH@CHA	\N	\N	2021-10-01	2	2	wallace g block nokvcha sqdap TEST jan 16 2006	\N	\N	\N	Layup Shot: Missed	\N	\N	\N	f	t	validated
0020500566_64	Joshua Smith, Albert Harrington	\N	Hawks	2006-01-20T00:00:00.000-06:00	MIL@ATL	0	0	2021-10-01	2	0		\N	\N	\N	Alley Oop Dunk: Made	\N	\N	\N	f	t	ingested
0020500612_142	Rashard Lewis, Lukas Ridnour	\N	SuperSonics	2006-01-25T00:00:00.000-06:00	SEA@UTA	\N	\N	2021-10-01	2	2	lewis r dunk sqdap seavuta jan 25 2006	\N	\N	\N	Dunk Shot: Made	\N	\N	\N	f	t	pending
0020500704_456	Shawn Marion	\N	Suns	2006-02-06T00:00:00.000-06:00	MIN@PHO	\N	\N	2021-10-01	2	2	garnett k block sqdap minvpho feb 06 2006	\N	\N	\N	Jump Shot: Missed	\N	\N	\N	f	t	rejected
0020500897_476	Damon Jones, LeBron James	\N	Cavaliers	2006-03-08T00:00:00.000-06:00	CLE@TOR	\N	\N	2021-10-01	3	3	jones d 3 clevtor sqdap TEST mar 8 2006	\N	\N	\N	Jump Shot: Made	\N	\N	\N	f	t	validated
0020500913_418	Jason Richardson, Baron Davis	\N	Warriors	2006-03-10T00:00:00.000-06:00	GS@MIA	\N	\N	2021-10-01	2	1	richardson j 360 sqdap gswvmia mar 10 2006	\N	\N	\N	Slam Dunk Shot: Made	\N	\N	\N	f	t	pending
0020500916_297	Emanuel Ginobili, Brent Barry	\N	Spurs	2006-03-10T00:00:00.000-06:00	LAL@SAN	\N	\N	2021-10-01	2	0	ginobili m layup lalvsan sqdap TEST mar 10 2006	\N	\N	\N	Driving Layup: Made	\N	\N	\N	f	t	ingested
0020500945_25	Tyson Chandler, Benjamin Gordon	\N	Bulls	2006-03-14T00:00:00.000-06:00	POR@CHI	\N	\N	2021-10-01	2	2	chandler t dunk porvchi sqdap TEST mar 14 2006	\N	\N	\N	Driving Dunk: Made	\N	\N	\N	f	t	validated
0020500966_234	Dwight Howard, Jameer Nelson	\N	Magic	2006-03-17T00:00:00.000-06:00	BOS@ORL	\N	\N	2021-10-01	2	2	howard d dunk bosvorl sqdap TEST mar 17 2006	\N	\N	\N	Alley Oop Dunk: Made	\N	\N	\N	f	t	validated
0020500972_351	Nazr Mohammed, Emanuel Ginobili	\N	Spurs	2006-03-17T00:00:00.000-06:00	PHO@SAN	\N	\N	2021-10-01	1	0	mohammed n dunk phxvsas sqdap TEST mar 17 2006	\N	\N	\N	Slam Dunk Shot: Made	\N	\N	\N	f	t	pending
0020500978_82	Stromile Swift, Rafer Alston	\N	Rockets	2006-03-18T00:00:00.000-06:00	SAN@HOU	\N	\N	2021-10-01	2	2	swift s dunk sanvhou sqdap TEST mar 18 2006	\N	\N	\N	Slam Dunk Shot: Made	\N	\N	\N	f	t	ingested
0020500979_91	Richard Jefferson, Jason Kidd	\N	Nets	2006-03-19T00:00:00.000-06:00	DAL@NJN	\N	\N	2021-10-01	2	2	kidd j alleyoop sqdap dalvnjn mar 03 2006	\N	\N	\N	Alley Oop Dunk: Made	\N	\N	\N	f	t	validated
0020500985_291	Carlos Boozer, Deron Williams	\N	Jazz	2006-03-19T00:00:00.000-06:00	UTA@MEM	\N	\N	2021-10-01	2	2	kirilenko a assist sqdap utavmem mar 19 2006	\N	\N	\N	Layup Shot: Made	\N	\N	\N	f	t	ingested
0020501008_183	Kenyon Martin, Andre Miller	\N	Nuggets	2006-03-22T00:00:00.000-06:00	SAN@DEN	\N	\N	2021-10-01	2	2	martin k dunk sasvden sqdap TEST mar 22 2006	\N	\N	\N	Alley Oop Dunk: Made	\N	\N	\N	f	t	rejected
0020501030_407	Shawn Marion, Boris Diaw	\N	Suns	2006-03-25T00:00:00.000-06:00	DEN@PHO	\N	\N	2021-10-01	2	2	marion s dunk sqdap denvpho mar 25 2006	\N	\N	\N	Alley Oop Dunk: Made	\N	\N	\N	f	t	ingested
0020501031_340	Paul Pierce, Anthony Allen	\N	Celtics	2006-03-26T00:00:00.000-06:00	CHI@BOS	\N	\N	2021-10-01	1	1	pierce p 3 chivbos sqdap TEST mar 26 2006	\N	\N	\N	Jump Shot: Made	\N	\N	\N	f	t	rejected
0020501032_413	Andre Iguodala, Allen Iverson	\N	76ers	2006-03-26T00:00:00.000-06:00	PHI@IND	\N	\N	2021-10-01	2	1	iguodala a TEST dunk sqdap phivind mar 26 2006	\N	\N	\N	Alley Oop Dunk: Made	\N	\N	\N	f	t	validated
0020501038_38	Dwight Howard, DeShawn Stevenson	\N	Magic	2006-03-26T00:00:00.000-06:00	ATL@ORL	\N	\N	2021-10-01	2	0	howard d dunk atlvorl sqdap TEST mar 26 2006	\N	\N	\N	Slam Dunk Shot: Made	\N	\N	\N	f	t	pending
0020501070_56	Eddy Curry, Stephon Marbury	\N	Knicks	2006-03-31T00:00:00.000-06:00	PHI@NYK	\N	\N	2021-10-01	1	1	marbury s TEST assist sqdap phivnyk mar 31 2006	\N	\N	\N	Slam Dunk Shot: Made	\N	\N	\N	f	t	ingested
0020501209_224	Marcus Camby, Andre Miller	\N	Nuggets	2006-04-17T00:00:00.000-05:00	HOU@DEN	\N	\N	2021-10-01	2	2	camby m dunk houvden sqdap TEST apr 17 2006	\N	\N	\N	Alley Oop Dunk: Made	\N	\N	\N	f	t	validated
0021300057_26	Timothy Duncan	\N	Spurs	2013-11-05T00:00:00.000-06:00	SAS@DEN	\N	\N	2021-10-01	0	2	mcgee j block sasvden sqdap nov 5 2013	\N	\N	\N	Jump Shot: Missed	\N	\N	\N	f	t	validated
0021300382_26	Andre Iguodala, Wardell Curry	\N	Warriors	2013-12-19T00:00:00.000-06:00	SAS@GSW	\N	\N	2021-10-01	1	2	iguodala a dunk sqdap sasvgsw dec 19 2013	\N	\N	\N	Alley Oop Dunk: Made	\N	\N	\N	f	t	ingested
0021300391_90	Kevin Martin	\N	Timberwolves	2013-12-20T00:00:00.000-06:00	MIN@LAL	\N	\N	2021-10-01	0	0	kaman c block verdap minvlal dec 20 2013 v2	\N	\N	\N	Dunk Shot: Missed	\N	\N	\N	f	t	rejected
0021300394_367	Gordon Hayward, Alec Burks	\N	Jazz	2013-12-21T00:00:00.000-06:00	UTA@CHA	\N	\N	2021-10-01	2	1	hayward g dunk sqdap utavcha dec 21 2013	\N	\N	\N	Dunk Shot: Made	\N	\N	\N	f	t	pending
0021300396_308	Andre Drummond, Brandon Jennings	\N	Pistons	2013-12-21T00:00:00.000-06:00	HOU@DET	\N	\N	2021-10-01	3	2	drummond a dunk verdap houvdet dec 21 2013 v2	\N	\N	\N	Dunk Shot: Made	\N	\N	\N	f	t	pending
0021300676_348	Terrence Ross, Kyle Lowry	\N	Raptors	2014-01-29T00:00:00.000-06:00	ORL@TOR	\N	\N	2021-10-01	2	2	ross t dunk orlvtor sqdap jan 29 2014	\N	\N	\N	Alley Oop Dunk: Made	\N	\N	\N	f	t	rejected
0021300899_496	Klay Thompson, Draymond Green	\N	Warriors	2014-03-04T00:00:00.000-06:00	GSW@IND	\N	\N	2021-10-01	3	2	thompson k jumper sqdap gswvind mar 04 2014	\N	\N	\N	Turnaround Fadeaway Shot: Made	\N	\N	\N	f	t	rejected
0021301130_279	Cody Zeller, Kemba Walker	\N	Bobcats	2014-04-04T00:00:00.000-06:00	ORL@CHA	\N	\N	2021-10-01	2	2	zeller c dunk sqdap orlvcha apr 4 2014	\N	\N	\N	Dunk Shot: Made	\N	\N	\N	f	t	ingested
0040500102_248	Ben Wallace, Richard Hamilton	\N	Pistons	2006-04-26T00:00:00.000-05:00	MIL@DET	\N	\N	2021-10-01	2	2	wallace b dunk milvdet sqdap TEST apr 26 2006	\N	\N	\N	Alley Oop Dunk: Made	\N	\N	\N	f	t	pending
0040500122_267	Richard Jefferson, Jason Kidd	\N	Nets	2006-04-25T00:00:00.000-05:00	IND@NJN	\N	\N	2021-10-01	2	0	jefferson r dunk indvnjn sqdap TEST apr 25 2006	\N	\N	\N	Dunk Shot: Made	\N	\N	\N	f	t	ingested
0040500131_64	Larry Hughes	\N	Cavaliers	2006-04-22T00:00:00.000-05:00	WAS@CLE	\N	\N	2021-10-01	1	1	jeffries j block wasvcle sqdap TEST apr 22 2006	\N	\N	\N	Dunk Shot: Missed	\N	\N	\N	f	t	ingested
0040500136_536	Damon Jones, Larry Hughes	\N	Cavaliers	2006-05-05T00:00:00.000-05:00	CLE@WAS	\N	\N	2021-10-01	2	0	jones d jumper clevwas sqdap TEST may 5 2006	\N	\N	\N	Jump Shot: Made	\N	\N	\N	f	t	validated
0021300727_192	Bradley Beal, John Wall	\N	Wizards	2014-02-05T00:00:00.000-06:00	SAS@WAS	\N	\N	2021-10-01	2	1	beal b dunk sqdap sasvwas feb 5 2014	\N	\N	\N	Driving Slam Dunk: Made	\N	\N	\N	f	t	validated
0021300759_204	Mason Plumlee, Jason Terry	\N	Nets	2014-02-09T00:00:00.000-06:00	NOP@BKN	\N	\N	2021-10-01	2	0	terry j assist nopvbkn verdap feb 09 2014 v2	\N	\N	\N	Alley Oop Dunk: Made	\N	\N	\N	f	t	ingested
0040500144_233	Gawen Wells, Brad Miller	\N	Kings	2006-04-30T00:00:00.000-05:00	SAN@SAC	\N	\N	2021-10-01	2	1	wells b dunk sqdap sasvsac apr 30 2006	\N	\N	\N	Slam Dunk Shot: Made	\N	\N	\N	f	t	rejected
0021300803_225	Demar DeRozan, Terrence Ross	\N	Raptors	2014-02-19T00:00:00.000-06:00	CHI@TOR	\N	\N	2021-10-01	2	0	derozan d dunk sqdap chivtor feb 19 2014	\N	\N	\N	Running Slam Dunk: Made	\N	\N	\N	f	t	ingested
0021300814_480	Dwight Howard, James Harden	\N	Rockets	2014-02-20T00:00:00.000-06:00	HOU@GSW	\N	\N	2021-10-01	2	2	howard d dunk sqdap houvgsw feb 20 2014	\N	\N	\N	Slam Dunk Shot: Made	\N	\N	\N	f	t	rejected
0040500203_82	LeBron James, Damon Jones	\N	Cavaliers	2006-05-13T00:00:00.000-05:00	DET@CLE	\N	\N	2021-10-01	2	0	james l dunk detvcle sqdap TEST may 13 2006	\N	\N	\N	Reverse Dunk: Made	\N	\N	\N	f	t	validated
0021300823_142	William Barton, Christian James McCollum	\N	Trail Blazers	2014-02-21T00:00:00.000-06:00	UTA@POR	\N	\N	2021-10-01	2	1	barton w dunk verdap utavpor feb 21 2014 v2	\N	\N	\N	Dunk Shot: Made	\N	\N	\N	f	t	rejected
0040500305_258	Shaquille O'Neal	\N	Heat	2006-05-31T00:00:00.000-05:00	MIA@DET	\N	\N	2021-10-01	2	0	wallace b miavdet sqdap TEST may 31 2006	\N	\N	\N	Layup Shot: Missed	\N	\N	\N	f	t	validated
0040500404_177	Jason Terry	\N	Mavericks	2006-06-15T00:00:00.000-05:00	DAL@MIA	\N	\N	2021-10-01	0	0	oneal s block sqdap dalvmia jun 15 2006	\N	\N	\N	Jump Shot: Missed	\N	\N	\N	f	t	rejected
1021100030_131	Candace Parker, Ticha Penicheiro	\N	Sparks	2011-06-19T00:00:00.000-05:00	SEA@LAS	\N	\N	2021-10-01	3	3		\N	\N	\N	Dunk	\N	\N	0	f	t	ingested
0021300763_226	Blake Griffin, Christopher Paul	\N	Clippers	2014-02-09T00:00:00.000-06:00	PHI@LAC	\N	\N	2021-10-01	3	0	griffin b windmill sqdap phivlac feb 9 2014	\N	\N	\N	Alley Oop Dunk: Made	\N	\N	\N	f	t	rejected
0021300805_339	Ronny Turiaf, Ricard Rubio	\N	Timberwolves	2014-02-19T00:00:00.000-06:00	IND@MIN	\N	\N	2021-10-01	1	1	rubio r assist sqdap indvmin feb 19 2014	\N	\N	\N	Slam Dunk Shot: Made	\N	\N	\N	f	t	validated
0021301037_506	Alfonso Burke, Gordon Hayward	\N	Jazz	2014-03-22T00:00:00.000-06:00	ORL@UTA	\N	\N	2021-10-01	3	3	burke t jumper verdap orlvuta mar 22 2014 v2	\N	\N	\N	Jump Shot: Made	\N	\N	\N	f	t	pending
0040500102_56	Richard Hamilton, Ben Wallace	\N	Pistons	2006-04-26T00:00:00.000-05:00	MIL@DET	\N	\N	2021-10-01	2	0	hamilton r dunk milvdet sqdap TEST apr 26 2006	\N	\N	\N	Dunk Shot: Made	\N	\N	\N	f	t	validated
0040500142_468	Brent Barry, Emanuel Ginobili	\N	Spurs	2006-04-25T00:00:00.000-05:00	SAC@SAN	\N	\N	2021-10-01	2	1	barry b jumper sqdap sacvsas apr 25 2006	\N	\N	\N	Jump Shot: Made	\N	\N	\N	f	t	rejected
0040500406_442	Jason Terry	\N	Mavericks	2006-06-20T00:00:00.000-05:00	MIA@DAL	\N	\N	2021-10-01	2	0	mourning a block miavdal sqdap TEST jun 20 2006	\N	\N	\N	Layup Shot: Missed	\N	\N	\N	f	t	pending
0041300176_538	Damian Lillard, Nicolas Batum	\N	Trail Blazers	2014-05-02T00:00:00.000-05:00	HOU@POR	\N	\N	2021-10-01	3	3	lillard d three sqdap houvpor may 2 2014	\N	\N	\N	Jump Shot: Made	\N	\N	\N	f	t	pending
0041300312_266	Boris Diaw, William Parker	\N	Spurs	2014-05-21T00:00:00.000-05:00	OKC@SAS	\N	\N	2021-10-01	1	0	diaw b layup verdap okcvsas may 21 2014 v2	\N	\N	\N	Reverse Layup: Made	\N	\N	\N	f	t	pending
0041300313_296	William Parker	\N	Spurs	2014-05-25T00:00:00.000-05:00	SAS@OKC	\N	\N	2021-10-01	2	2	ibaka s block sasvokc verdap may 25 2014 v2	\N	\N	\N	Driving Layup: Missed	\N	\N	\N	f	t	ingested
1020900012_264	Lauren Jackson, Swin Cash	\N	Storm	2009-06-09T00:00:00.000-05:00	SEA@IND	\N	\N	2021-10-01	1	0	jackson l layup seavind sqdap TEST jun 9 2009	\N	\N	\N	Layup Shot: Made	\N	\N	\N	f	t	validated
1020900071_29	Lauren Jackson, Sue Bird	\N	Storm	2009-07-09T00:00:00.000-05:00	SAC@SEA	\N	\N	2021-10-01	1	1	jackson l layup sqdap sacvsea aug 09 2009	\N	\N	\N	Layup Shot: Made	\N	\N	\N	f	t	ingested
1020900126_230	Katie Smith, Deanna Nolan	\N	Shock	2009-08-04T00:00:00.000-05:00	NYL@WDT	\N	\N	2021-10-01	1	1	smith k jumper sqdap nylvdet aug 04 2009	\N	\N	\N	Jump Shot: Made	\N	\N	\N	f	t	validated
1020900201_228	Swin Cash, Tanisha Wright	\N	Storm	2009-09-05T00:00:00.000-05:00	SEA@WMN	\N	\N	2021-10-01	1	0	cash s layup sqdap seavmin sept 05 2009 TEST	\N	\N	\N	Driving Layup: Made	\N	\N	\N	f	t	validated
1021100005_204	Becky Hammon, Roneeka Hodges	\N	Silver Stars	2011-06-04T00:00:00.000-05:00	TUL@SAS	\N	\N	2021-10-01	2	2	hammon b jumper sqdap tulvsas jun 04 2011	\N	\N	\N	Jump Shot: Made	\N	\N	\N	f	t	ingested
1022100063_256	Isabelle Harrison	\N	Wings	2021-06-13T00:00:00.000-05:00	DAL@LVA	\N	\N	2021-10-01	0	2	wilson a block verdap dalvlva jun 13 2021 v3	\N	\N	\N	Layup Shot: Missed	\N	\N	\N	f	t	ingested
1021100073_21	Scholanda Dorrell, Becky Hammon	\N	Silver Stars	2011-07-14T00:00:00.000-05:00	SEA@SAS	\N	\N	2021-10-01	1	0	hammon b assist sqdap seavsas jul 14 2011 TEST	\N	\N	\N	Layup Shot: Made	\N	\N	\N	f	t	rejected
1021300011_160	Davellyn Whyte	\N	Silver Stars	2013-06-01T00:00:00.000-05:00	LAS@SAN	\N	\N	2021-10-01	3	3	parker c block lasvsas sqdap TEST jun 1 2013	\N	\N	\N	Layup Shot: Missed	\N	\N	\N	f	t	validated
1021300135_111	Nnemkadi Ogwumike, Marissa Coleman	\N	Sparks	2013-08-13T00:00:00.000-05:00	CHI@LAS	\N	\N	2021-10-01	1	0	ogwumike n layup sqdap chivlas aug 13 2013	\N	\N	\N	Layup Shot: Made	\N	\N	\N	f	t	ingested
1021800099_372	Natasha Howard, Sue Bird	\N	Storm	2018-07-01T00:00:00.000-05:00	CON@SEA	\N	\N	2021-10-01	1	3	bird s assist sqdap phxvsea july 01 2018	\N	\N	\N	Layup Shot: Made	\N	\N	\N	f	t	validated
1022100001_570	Sabrina Ionescu, Kylee Shook	\N	Liberty	2021-05-14T00:00:00.000-05:00	IND@NYL	\N	\N	2021-10-01	3	2	ionescu s 3 indvnyl verdap may 14 2021 v2	\N	\N	\N	Jump Shot: Made	\N	\N	\N	f	t	validated
1022100004_7	Nnemkadi Ogwumike, Erica Wheeler	\N	Sparks	2021-05-14T00:00:00.000-05:00	DAL@LAS	\N	\N	2021-10-01	1	0	ogwumike n layup sqdap dalvlas may 14 2021	\N	\N	\N	Cutting Layup Shot:  Made	\N	\N	\N	f	t	ingested
1022100011_125	Dearica Hamby, Chelsea Gray	\N	Aces	2021-05-18T00:00:00.000-05:00	LVA@SEA	\N	\N	2021-10-01	1	2	hamby d layup sqdap lvavsea may 18 2021	\N	\N	\N	Layup Shot: Made	\N	\N	\N	f	t	validated
1022100011_399	Katie Lou Samuelson, Stephanie Talbot	\N	Storm	2021-05-18T00:00:00.000-05:00	LVA@SEA	\N	\N	2021-10-01	2	0	samuelson k 3 lvavsea verdap may 18 2021 v2	\N	\N	\N	Jump Shot: Made	\N	\N	\N	f	t	pending
1022100019_453	Jordin Canada, Sue Bird	\N	Storm	2021-05-22T00:00:00.000-05:00	SEA@DAL	\N	\N	2021-10-01	0	0	canada j jumper seavdal verdap may 22 2021 v2	\N	\N	\N	Driving Floating Jump Shot:  Made	\N	\N	\N	f	t	rejected
1022100022_411	Dearica Hamby	\N	Aces	2021-05-23T00:00:00.000-05:00	CON@LVA	\N	\N	2021-10-01	0	0	mompremier b block convlva sqdap may 23 2021 v2	\N	\N	\N	Layup Shot: Missed	\N	\N	\N	f	t	rejected
1022100023_139	Kysre Gondrezick, Teaira McCowan	\N	Fever	2021-05-25T00:00:00.000-05:00	WAS@IND	\N	\N	2021-10-01	1	0	gondrezick k 3 wasvind sqdap may 25 2021	\N	\N	\N	Jump Shot: Made	\N	\N	\N	f	t	validated
1022100025_78	Aari McDonald, Tiffany Hayes	\N	Dream	2021-05-25T00:00:00.000-05:00	ATL@CHI	\N	\N	2021-10-01	2	1	mcdonald a 3 atlvchi sqdap may 25 2021	\N	\N	\N	Jump Shot: Made	\N	\N	\N	f	t	rejected
1022100035_220	Bria Holmes	\N	Sparks	2021-05-30T00:00:00.000-05:00	LAS@CHI	\N	\N	2021-10-01	0	1	deshields d block lasvchi sqdap may 30 2021	\N	\N	\N	Running Layup: Missed	\N	\N	\N	f	t	rejected
1022100035_410	Diamond DeShields	\N	Sky	2021-05-30T00:00:00.000-05:00	LAS@CHI	\N	\N	2021-10-01	0	2	sykes b block lasvchi verdap may 30 2021 v2	\N	\N	\N	Driving Layup Shot: Missed	\N	\N	\N	f	t	validated
1022100035_483	Diamond DeShields, Courtney Vandersloot	\N	Sky	2021-05-30T00:00:00.000-05:00	LAS@CHI	\N	\N	2021-10-01	2	1	deshields d alleyoop sqdap lasvchi may 30 2021	\N	\N	\N	Alley Oop Layup: Made	\N	\N	\N	f	t	validated
1022100054_41	Kahleah Copper, Candace Parker	\N	Sky	2021-06-09T00:00:00.000-05:00	IND@CHI	\N	\N	2021-10-01	2	2	parker c assist sqdap indvchi jun 9 2021	\N	\N	\N	Layup Shot: Made	\N	\N	\N	f	t	rejected
1022100062_85	Tina Charles, Natasha Cloud	\N	Mystics	2021-06-13T00:00:00.000-05:00	WAS@ATL	\N	\N	2021-10-01	2	2	charles t jumper sqdap wasvatl jun 13 2021	\N	\N	\N	Pullup Jump Shot: Made	\N	\N	\N	f	t	validated
1022100063_628	Elizabeth Cambage, Riquna Williams	\N	Aces	2021-06-13T00:00:00.000-05:00	DAL@LVA	\N	\N	2021-10-01	2	2	cambage e three sqdap dalvlva jun 13 2021	\N	\N	\N	Jump Shot: Made	\N	\N	\N	f	t	validated
1022100070_438	Tianna Hawkins, Crystal Bradford	\N	Dream	2021-06-17T00:00:00.000-05:00	ATL@WAS	\N	\N	2021-10-01	1	0	bradford c atlvwas verdap jun 17 2021 v2	\N	\N	\N	Layup Shot: Made	\N	\N	\N	f	t	rejected
1022100093_129	Sydney Wiese, Ariel Atkins	\N	Mystics	2021-06-29T00:00:00.000-05:00	CON@WAS	\N	\N	2021-10-01	1	1	atkins a assist sqdap convwas jun 29 2021	\N	\N	\N	Jump Shot: Made	\N	\N	\N	f	t	rejected
1022100100_359	Megan Walker	\N	Mercury	2021-07-03T00:00:00.000-05:00	MIN@PHO	\N	\N	2021-10-01	0	1	fowles s block sqdap minvpho jul 3 2021	\N	\N	\N	Driving Layup Shot: Missed	\N	\N	\N	f	t	pending
1022100116_257	Brionna Jones, Briann January	\N	Sun	2021-07-11T00:00:00.000-05:00	CON@NYL	\N	\N	2021-10-01	1	1	jones b layup sqdap convnyl jul 11 2021	\N	\N	\N	Driving Layup Shot: Made	\N	\N	\N	f	t	rejected
1041100301_224	Maya Moore, Seimone Augustus	\N	Lynx	2011-10-02T00:00:00.000-05:00	ATL@MIN	\N	\N	2021-10-01	3	0	moore m layup sqdap atlvmin oct 02 2011 TEST	\N	\N	\N	Driving Reverse Layup: Made	\N	\N	\N	f	t	rejected
0020500222_449	Player	\N	Team	2021-12-26T03:00:00.000Z	mat@hup	10	20	2021-12-26	1	2	Descripcion	\N	\N	\N	Jump Shot	Hola	que tal	3	f	t	pending
0020500336_157	This is a test	\N	example	2005-12-17T00:00:00.000-06:00	MIA@CLE	\N	\N	2021-10-01	2	0	ilgauskas z assist miavcle sqdap TEST dec 17 2005	\N	\N	\N	Slam Dunk Shot: Made	\N	\N	\N	f	t	rejected
0020500361_463	Vincent Carter, Jason Kidd	\N	hol	2005-12-21T00:00:00.000-06:00	NJN@ORL	\N	\N	2021-10-01	2	2	carter v alleyoop sqdap njnvorl dec 21 2005	\N	\N	\N	Alley Oop Dunk: Made	\N	\N	\N	f	t	validated
0021300434_59	LeBron James, Almario Chalmers	\N	Heat	2013-12-27T00:00:00.000+00:00	MIA@SAC	\N	\N	2021-10-07	2	1	chalmers m assist sqdap miavsac dec 27 2013	\N	\N	\N	Dunk Shot: Made	\N	\N	\N	f	t	pending
0021300437_385	Paul George, Luis Scola	\N	Pacers	2013-12-28T00:00:00.000+00:00	BKN@IND	\N	\N	2021-10-07	2	2	scola l assist sqdap bknvind dec 28 2013	\N	\N	\N	Slam Dunk Shot: Made	\N	\N	\N	f	t	pending
0021300740_523	Tobias Harris, Maurice Harkless	\N	Magic	2014-02-07T00:00:00.000-06:00	OKC@ORL	\N	\N	2021-10-01	3	3	harris t dunk sqdap okcvorl feb 07 2014 v2	\N	\N	\N	Dunk Shot: Made	\N	\N	\N	f	t	rejected
0021300965_521	Christian James McCollum, Wesley Matthews	\N	Trail Blazers	2014-03-12T00:00:00.000+00:00	POR@SAS	\N	\N	2021-10-07	1	0	mccollum cj dunk sqdap porvsas mar 12 2014 v2	\N	\N	\N	Dunk Shot: Made	\N	\N	\N	f	t	pending
0040500305_151	Antonio McDyess, Richard Hamilton	\N	Pistons	2006-05-31T00:00:00.000+00:00	MIA@DET	\N	\N	2021-10-07	1	1	mcdyess a dunk miavdet sqdap TEST may 31 2006	\N	\N	\N	Reverse Dunk: Made	\N	\N	\N	f	t	rejected
0040500315_462	Dirk Nowitzki, Jason Terry	\N	Mavericks	2006-06-01T00:00:00.000-05:00	PHO@DAL	\N	\N	2021-10-01	1	1	nowitzki d 3 phxvdal sqdap TEST jun 1 2006	\N	\N	\N	Jump Shot: Made	\N	\N	\N	f	t	pending
1021100106_402	Lindsay Whalen, Maya Moore	\N	Lynx	2011-07-31T00:00:00.000+00:00	MIN@SAS	\N	\N	2021-10-07	3	3	whalen l game winner sqdap minvsas jul 31 2011 TEST	\N	\N	\N	Jump Shot: Made	\N	\N	\N	f	t	rejected
1022100005_17	Candace Parker, Kahleah Copper	\N	Sky	2021-05-15T00:00:00.000+00:00	CHI@WAS	\N	\N	2021-10-07	2	0	parker c layup chivwas sqdap may 15 2021	\N	\N	\N	Cutting Layup Shot:  Made	\N	\N	\N	f	t	validated
1022100099_425	Amanda Zahui B, Erica Wheeler	\N	Sparks	2021-07-02T00:00:00.000-05:00	LVA@LAS	\N	\N	2021-10-01	2	2	wheeler e assist sqdap lvavlas jul 2 2021	\N	\N	\N	Cutting Layup Shot:  Made	\N	\N	\N	f	t	pending
1022100112_334	Mercedes Russell, Sue Bird	\N	Storm	2021-07-09T00:00:00.000-05:00	SEA@PHO	\N	\N	2021-10-01	2	3	bird s assist sqdap seavpho july 09 2021	\N	\N	\N	Turnaround Hook Shot: Made	\N	\N	\N	f	t	pending
\.


--
-- Data for Name: Sets; Type: TABLE DATA; Schema: public; Owner: nba-content-pipeline-staging
--

COPY public."Sets" (play_id, set) FROM stdin;
\.


--
-- Data for Name: SportRadarInfo; Type: TABLE DATA; Schema: public; Owner: nba-content-pipeline-staging
--

COPY public."SportRadarInfo" (id, play_id, jersey_number, team_at_moment, primary_position, away_team_name, home_team_name, player_id, player_game_scores, player_season_average_scores, total_years_experience, team_at_moment_nba_id, height, weight, current_team, current_team_id, home_team_nba_id, away_team_nba_id, draft_year, draft_selection, draft_round, birthplace, birthdate, home_team_scores_first_quarter, home_team_scores_second_quarter, home_team_scores_third_quarter, home_team_scores_quarter_quarter, away_team_scores_first_quarter, away_team_scores_second_quarter, away_team_scores_third_quarter, away_team_scores_fourth_quarter, draft_team, draft_team_nba_id) FROM stdin;
\.


--
-- Data for Name: Tags; Type: TABLE DATA; Schema: public; Owner: nba-content-pipeline-staging
--

COPY public."Tags" (id, play_id, tag) FROM stdin;
\.


--
-- Data for Name: Videos; Type: TABLE DATA; Schema: public; Owner: nba-content-pipeline-staging
--

COPY public."Videos" (id, play_id, video_type, description, duration, video_url, file_name) FROM stdin;
263	0020500222_449	square	ariza t TEST dunk sqdap nykvdet dec 02 2005	7007	nba/ariza_t_TEST_dunk_sqdap_nykvdet_dec_02_2005_square.mp4	ariza_t_TEST_dunk_sqdap_nykvdet_dec_02_2005_square.xml
264	0020500222_449	vertical	ariza t TEST dunk verdap nykvdet dec 02 2005	17007	nba/ariza_t_TEST_dunk_verdap_nykvdet_dec_02_2005_vertical_9x16.mp4	ariza_t_TEST_dunk_verdap_nykvdet_dec_02_2005_vertical_9x16.xml
265	0020500222_449	square	ariza t dunk sqdap nykvdet dec 02 2005	7000	nba/ariza_t_dunk_sqdap_nykvdet_dec_02_2005_square.mp4	ariza_t_dunk_sqdap_nykvdet_dec_02_2005_square.xml
266	0020500222_449	vertical	ariza t dunk verdap nykvdet dec 02 2005	17000	nba/ariza_t_dunk_verdap_nykvdet_dec_02_2005_vertical_9x16.mp4	ariza_t_dunk_verdap_nykvdet_dec_02_2005_vertical_9x16.xml
267	0020500336_157	square	ilgauskas z assist miavcle sqdap TEST dec 17 2005	24999	nba/ilgauskas_z_assist_miavcle_sqdap_TEST_dec_17_2005_square.mp4	ilgauskas_z_assist_miavcle_sqdap_TEST_dec_17_2005_square.xml
268	0020500336_157	square	ilgauskas z assist miavcle sqdap dec 17 2005	24999	nba/ilgauskas_z_assist_miavcle_sqdap_dec_17_2005_square.mp4	ilgauskas_z_assist_miavcle_sqdap_dec_17_2005_square.xml
269	0020500336_157	vertical	ilgauskas z assist miavcle verdap TEST dec 17 2005	24999	nba/ilgauskas_z_assist_miavcle_verdap_TEST_dec_17_2005_vertical_9x16.mp4	ilgauskas_z_assist_miavcle_verdap_TEST_dec_17_2005_vertical_9x16.xml
270	0020500336_157	vertical	ilgauskas z assist miavcle verdap dec 17 2005	24999	nba/ilgauskas_z_assist_miavcle_verdap_dec_17_2005_vertical_9x16.mp4	ilgauskas_z_assist_miavcle_verdap_dec_17_2005_vertical_9x16.xml
271	0020500341_313	square	iguodala a dunk phivtor sqdap TEST dec 18 2005	12979	nba/iguodala_a_dunk_phivtor_sqdap_TEST_dec_18_2005_square.mp4	iguodala_a_dunk_phivtor_sqdap_TEST_dec_18_2005_square.xml
272	0020500341_313	vertical	iguodala a dunk phivtor verdap TEST dec 18 2005	12979	nba/iguodala_a_dunk_phivtor_verdap_TEST_dec_18_2005_vertical_9x16.mp4	iguodala_a_dunk_phivtor_verdap_TEST_dec_18_2005_vertical_9x16.xml
273	0020500361_463	square	carter v alleyoop sqdap njnvorl dec 21 2005	7002	nba/carter_v_alleyoop_sqdap_njnvorl_dec_21_2005_square.mp4	carter_v_alleyoop_sqdap_njnvorl_dec_21_2005_square.xml
274	0020500361_463	vertical	carter v alleyoop verdap njnvorl dec 21 2005	18014	nba/carter_v_alleyoop_verdap_njnvorl_dec_21_2005_vertical_9x16.mp4	carter_v_alleyoop_verdap_njnvorl_dec_21_2005_vertical_9x16.xml
275	0020500364_182	square	horry r assist sanvnyk sqdap TEST dec 21 2005	23018	nba/horry_r_assist_sanvnyk_sqdap_TEST_dec_21_2005_square.mp4	horry_r_assist_sanvnyk_sqdap_TEST_dec_21_2005_square.xml
276	0020500364_182	square	horry r assist sanvnyk sqdap dec 21 2005	23018	nba/horry_r_assist_sanvnyk_sqdap_dec_21_2005_square.mp4	horry_r_assist_sanvnyk_sqdap_dec_21_2005_square.xml
277	0020500364_182	vertical	horry r assist sanvnyk verdap TEST dec 21 2005	23018	nba/horry_r_assist_sanvnyk_verdap_TEST_dec_21_2005_vertical_9x16.mp4	horry_r_assist_sanvnyk_verdap_TEST_dec_21_2005_vertical_9x16.xml
278	0020500364_182	vertical	horry r assist sanvnyk verdap dec 21 2005	23018	nba/horry_r_assist_sanvnyk_verdap_dec_21_2005_vertical_9x16.mp4	horry_r_assist_sanvnyk_verdap_dec_21_2005_vertical_9x16.xml
279	0020500407_61	square	stevenson d layup nykvorl sqdap TEST dec 28 2005	18988	nba/stevenson_d_layup_nykvorl_sqdap_TEST_dec_28_2005_square.mp4	stevenson_d_layup_nykvorl_sqdap_TEST_dec_28_2005_square.xml
280	0020500407_61	square	stevenson d layup nykvorl sqdap dec 28 2005	18988	nba/stevenson_d_layup_nykvorl_sqdap_dec_28_2005_square.mp4	stevenson_d_layup_nykvorl_sqdap_dec_28_2005_square.xml
281	0020500407_61	vertical	stevenson d layup nykvorl verdap TEST dec 28 2005	18988	nba/stevenson_d_layup_nykvorl_verdap_TEST_dec_28_2005_vertical_9x16.mp4	stevenson_d_layup_nykvorl_verdap_TEST_dec_28_2005_vertical_9x16.xml
282	0020500407_61	vertical	stevenson d layup nykvorl verdap dec 28 2005	18988	nba/stevenson_d_layup_nykvorl_verdap_dec_28_2005_vertical_9x16.mp4	stevenson_d_layup_nykvorl_verdap_dec_28_2005_vertical_9x16.xml
283	0020500421_73	square	nash s assist sqdap phovcha dec 30 2005	7007	nba/nash_s_assist_sqdap_phovcha_dec_30_2005_square.mp4	nash_s_assist_sqdap_phovcha_dec_30_2005_square.xml
284	0020500421_73	vertical	nash s assist verdap phovcha dec 30 2005	17006	nba/nash_s_assist_verdap_phovcha_dec_30_2005_vertical_9x16.mp4	nash_s_assist_verdap_phovcha_dec_30_2005_vertical_9x16.xml
285	0020500451_318	square	mason d dunk sqdap miavnoh jan 04 2006	7007	nba/mason_d_dunk_sqdap_miavnoh_jan_04_2006_square.mp4	mason_d_dunk_sqdap_miavnoh_jan_04_2006_square.xml
286	0020500451_318	vertical	mason d dunk verdap miavnoh jan 04 2006	17009	nba/mason_d_dunk_verdap_miavnoh_jan_04_2006_vertical_9x16.mp4	mason_d_dunk_verdap_miavnoh_jan_04_2006_vertical_9x16.xml
287	0020500493_497	square	head l three sqdap houvcha jan 10 2006	7007	nba/head_l_three_sqdap_houvcha_jan_10_2006_square.mp4	head_l_three_sqdap_houvcha_jan_10_2006_square.xml
288	0020500493_497	vertical	head l three verdap houvcha jan 10 2006	17001	nba/head_l_three_verdap_houvcha_jan_10_2006_vertical_9x16.mp4	head_l_three_verdap_houvcha_jan_10_2006_vertical_9x16.xml
289	0020500498_610	square	anthony c jumper phxvden sqdap 011006	100017	nba/anthony_c_jumper_phxvden_sqdap_011006_square.mp4	anthony_c_jumper_phxvden_sqdap_011006_square.xml
290	0020500498_610	square	anthony c jumper phxvden sqdap TEST 011006	100017	nba/anthony_c_jumper_phxvden_sqdap_TEST_011006_square.mp4	anthony_c_jumper_phxvden_sqdap_TEST_011006_square.xml
291	0020500498_610	vertical	anthony c jumper phxvden verdap 011006	100017	nba/anthony_c_jumper_phxvden_verdap_011006_vertical_9x16.mp4	anthony_c_jumper_phxvden_verdap_011006_vertical_9x16.xml
292	0020500498_610	vertical	anthony c jumper phxvden verdap TEST 011006	100017	nba/anthony_c_jumper_phxvden_verdap_TEST_011006_vertical_9x16.mp4	anthony_c_jumper_phxvden_verdap_TEST_011006_vertical_9x16.xml
293	0020500516_39	square	iguodala a dunk sqdap bosvphi jan 13 2006	7007	nba/iguodala_a_dunk_sqdap_bosvphi_jan_13_2006_square.mp4	iguodala_a_dunk_sqdap_bosvphi_jan_13_2006_square.xml
294	0020500516_39	vertical	iguodala a dunk verdap bosvphi jan 13 2006	17004	nba/iguodala_a_dunk_verdap_bosvphi_jan_13_2006_vertical_9x16.mp4	iguodala_a_dunk_verdap_bosvphi_jan_13_2006_vertical_9x16.xml
295	0020500516_591	square	korver k 3 bosvphi sqdap TEST jan 13 2006	40021	nba/korver_k_3_bosvphi_sqdap_TEST_jan_13_2006_square.mp4	korver_k_3_bosvphi_sqdap_TEST_jan_13_2006_square.xml
296	0020500516_591	square	korver k 3 bosvphi sqdap jan 13 2006	40021	nba/korver_k_3_bosvphi_sqdap_jan_13_2006_square.mp4	korver_k_3_bosvphi_sqdap_jan_13_2006_square.xml
297	0020500516_591	vertical	korver k 3 bosvphi verdap TEST jan 13 2006	40021	nba/korver_k_3_bosvphi_verdap_TEST_jan_13_2006_vertical_9x16.mp4	korver_k_3_bosvphi_verdap_TEST_jan_13_2006_vertical_9x16.xml
298	0020500516_591	vertical	korver k 3 bosvphi verdap jan 13 2006	40021	nba/korver_k_3_bosvphi_verdap_jan_13_2006_vertical_9x16.mp4	korver_k_3_bosvphi_verdap_jan_13_2006_vertical_9x16.xml
299	0020500533_364	square	bosh c dunk sqdap nykvtor jan 15 2006	7978	nba/bosh_c_dunk_sqdap_nykvtor_jan_15_2006_square.mp4	bosh_c_dunk_sqdap_nykvtor_jan_15_2006_square.xml
300	0020500533_364	vertical	bosh c dunk verdap nykvtor jan 15 2006	17979	nba/bosh_c_dunk_verdap_nykvtor_jan_15_2006_vertical_9x16.mp4	bosh_c_dunk_verdap_nykvtor_jan_15_2006_vertical_9x16.xml
301	0020500538_261	square	wallace g block nokvcha sqdap TEST jan 16 2006	31981	nba/wallace_g_block_nokvcha_sqdap_TEST_jan_16_2006_square.mp4	wallace_g_block_nokvcha_sqdap_TEST_jan_16_2006_square.xml
302	0020500538_261	square	wallace g block nokvcha sqdap jan 16 2006	31981	nba/wallace_g_block_nokvcha_sqdap_jan_16_2006_square.mp4	wallace_g_block_nokvcha_sqdap_jan_16_2006_square.xml
303	0020500538_261	vertical	wallace g block nokvcha verdap TEST jan 16 2006	31981	nba/wallace_g_block_nokvcha_verdap_TEST_jan_16_2006_vertical_9x16.mp4	wallace_g_block_nokvcha_verdap_TEST_jan_16_2006_vertical_9x16.xml
304	0020500538_261	vertical	wallace g block nokvcha verdap jan 16 2006	31981	nba/wallace_g_block_nokvcha_verdap_jan_16_2006_vertical_9x16.mp4	wallace_g_block_nokvcha_verdap_jan_16_2006_vertical_9x16.xml
305	0020500566_64	square	harrington a asst milvatl sqdap TEST jan 20 2006	12997	nba/harrington_a_asst_milvatl_sqdap_TEST_jan_20_2006_square.mp4	harrington_a_asst_milvatl_sqdap_TEST_jan_20_2006_square.xml
306	0020500566_64	square	harrington a asst milvatl sqdap jan 20 2006	12997	nba/harrington_a_asst_milvatl_sqdap_jan_20_2006_square.mp4	harrington_a_asst_milvatl_sqdap_jan_20_2006_square.xml
307	0020500566_64	vertical	harrington a asst milvatl verdap TEST jan 20 2006	12997	nba/harrington_a_asst_milvatl_verdap_TEST_jan_20_2006_vertical_9x16.mp4	harrington_a_asst_milvatl_verdap_TEST_jan_20_2006_vertical_9x16.xml
308	0020500566_64	vertical	harrington a asst milvatl verdap jan 20 2006	12997	nba/harrington_a_asst_milvatl_verdap_jan_20_2006_vertical_9x16.mp4	harrington_a_asst_milvatl_verdap_jan_20_2006_vertical_9x16.xml
309	0020500612_142	square	lewis r dunk sqdap seavuta jan 25 2006	7007	nba/lewis_r_dunk_sqdap_seavuta_jan_25_2006_square.mp4	lewis_r_dunk_sqdap_seavuta_jan_25_2006_square.xml
310	0020500612_142	vertical	lewis r dunk verdap seavuta jan 25 2006	17009	nba/lewis_r_dunk_verdap_seavuta_jan_25_2006_vertical_9x16.mp4	lewis_r_dunk_verdap_seavuta_jan_25_2006_vertical_9x16.xml
311	0020500704_456	square	garnett k block sqdap minvpho feb 06 2006	7007	nba/garnett_k_block_sqdap_minvpho_feb_06_2006_square.mp4	garnett_k_block_sqdap_minvpho_feb_06_2006_square.xml
312	0020500704_456	vertical	garnett k block verdap minvpho feb 06 2006	17008	nba/garnett_k_block_verdap_minvpho_feb_06_2006_vertical_9x16.mp4	garnett_k_block_verdap_minvpho_feb_06_2006_vertical_9x16.xml
313	0020500897_476	square	jones d 3 clevtor sqdap TEST mar 8 2006	201012	nba/jones_d_3_clevtor_sqdap_TEST_mar_8_2006_square.mp4	jones_d_3_clevtor_sqdap_TEST_mar_8_2006_square.xml
314	0020500897_476	square	jones d 3 clevtor sqdap mar 8 2006	201012	nba/jones_d_3_clevtor_sqdap_mar_8_2006_square.mp4	jones_d_3_clevtor_sqdap_mar_8_2006_square.xml
315	0020500897_476	vertical	jones d 3 clevtor verdap mar 8 2006	201012	nba/jones_d_3_clevtor_verdap_mar_8_2006_vertical_9x16.mp4	jones_d_3_clevtor_verdap_mar_8_2006_vertical_9x16.xml
317	0020500916_297	square	ginobili m layup lalvsan sqdap TEST mar 10 2006	56989	nba/ginobili_m_layup_lalvsan_sqdap_TEST_mar_10_2006_square.mp4	ginobili_m_layup_lalvsan_sqdap_TEST_mar_10_2006_square.xml
318	0020500916_297	vertical	ginobili m layup lalvsan verdap TEST mar 10 2006	56989	nba/ginobili_m_layup_lalvsan_verdap_TEST_mar_10_2006_vertical_9x16.mp4	ginobili_m_layup_lalvsan_verdap_TEST_mar_10_2006_vertical_9x16.xml
319	0020500945_25	square	chandler t dunk porvchi sqdap TEST mar 14 2006	46006	nba/chandler_t_dunk_porvchi_sqdap_TEST_mar_14_2006_square.mp4	chandler_t_dunk_porvchi_sqdap_TEST_mar_14_2006_square.xml
320	0020500945_25	square	chandler t dunk porvchi sqdap mar 14 2006	46006	nba/chandler_t_dunk_porvchi_sqdap_mar_14_2006_square.mp4	chandler_t_dunk_porvchi_sqdap_mar_14_2006_square.xml
321	0020500945_25	vertical	chandler t dunk porvchi verdap TEST mar 14 2006	46006	nba/chandler_t_dunk_porvchi_verdap_TEST_mar_14_2006_vertical_9x16.mp4	chandler_t_dunk_porvchi_verdap_TEST_mar_14_2006_vertical_9x16.xml
322	0020500945_25	vertical	chandler t dunk porvchi verdap mar 14 2006	46006	nba/chandler_t_dunk_porvchi_verdap_mar_14_2006_vertical_9x16.mp4	chandler_t_dunk_porvchi_verdap_mar_14_2006_vertical_9x16.xml
327	0020500972_351	square	mohammed n dunk phxvsas sqdap TEST mar 17 2006	15980	nba/mohammed_n_dunk_phxvsas_sqdap_TEST_mar_17_2006_square.mp4	mohammed_n_dunk_phxvsas_sqdap_TEST_mar_17_2006_square.xml
328	0020500972_351	square	mohammed n dunk phxvsas sqdap mar 17 2006	15980	nba/mohammed_n_dunk_phxvsas_sqdap_mar_17_2006_square.mp4	mohammed_n_dunk_phxvsas_sqdap_mar_17_2006_square.xml
329	0020500972_351	vertical	mohammed n dunk phxvsas verdap TEST mar 17 2006	15980	nba/mohammed_n_dunk_phxvsas_verdap_TEST_mar_17_2006_vertical_9x16.mp4	mohammed_n_dunk_phxvsas_verdap_TEST_mar_17_2006_vertical_9x16.xml
330	0020500972_351	vertical	mohammed n dunk phxvsas verdap mar 17 2006	15980	nba/mohammed_n_dunk_phxvsas_verdap_mar_17_2006_vertical_9x16.mp4	mohammed_n_dunk_phxvsas_verdap_mar_17_2006_vertical_9x16.xml
333	0020500979_91	square	kidd j alleyoop sqdap dalvnjn mar 03 2006	7007	nba/kidd_j_alleyoop_sqdap_dalvnjn_mar_03_2006_square.mp4	kidd_j_alleyoop_sqdap_dalvnjn_mar_03_2006_square.xml
336	0020501008_183	square	martin k dunk sasvden sqdap TEST mar 22 2006	18019	nba/martin_k_dunk_sasvden_sqdap_TEST_mar_22_2006_square.mp4	martin_k_dunk_sasvden_sqdap_TEST_mar_22_2006_square.xml
337	0020501008_183	square	martin k dunk sasvden sqdap mar 22 2006	18019	nba/martin_k_dunk_sasvden_sqdap_mar_22_2006_square.mp4	martin_k_dunk_sasvden_sqdap_mar_22_2006_square.xml
338	0020501008_183	vertical	martin k dunk sasvden verdap TEST mar 22 2006	18019	nba/martin_k_dunk_sasvden_verdap_TEST_mar_22_2006_vertical_9x16.mp4	martin_k_dunk_sasvden_verdap_TEST_mar_22_2006_vertical_9x16.xml
339	0020501008_183	vertical	martin k dunk sasvden verdap mar 22 2006	18019	nba/martin_k_dunk_sasvden_verdap_mar_22_2006_vertical_9x16.mp4	martin_k_dunk_sasvden_verdap_mar_22_2006_vertical_9x16.xml
342	0020501031_340	square	pierce p 3 chivbos sqdap TEST mar 26 2006	23013	nba/pierce_p_3_chivbos_sqdap_TEST_mar_26_2006_square.mp4	pierce_p_3_chivbos_sqdap_TEST_mar_26_2006_square.xml
343	0020501031_340	square	pierce p 3 chivbos sqdap mar 26 2006	23013	nba/pierce_p_3_chivbos_sqdap_mar_26_2006_square.mp4	pierce_p_3_chivbos_sqdap_mar_26_2006_square.xml
344	0020501031_340	vertical	pierce p 3 chivbos verdap mar 26 2006	23013	nba/pierce_p_3_chivbos_verdap_mar_26_2006_vertical_9x16.mp4	pierce_p_3_chivbos_verdap_mar_26_2006_vertical_9x16.xml
349	0020501038_38	square	howard d dunk atlvorl sqdap TEST mar 26 2006	16996	nba/howard_d_dunk_atlvorl_sqdap_TEST_mar_26_2006_square.mp4	howard_d_dunk_atlvorl_sqdap_TEST_mar_26_2006_square.xml
316	0020500913_418	vertical	richardson j 360 verdap gswvmia mar 10 2006	17008	nba/richardson_j_360_verdap_gswvmia_mar_10_2006_vertical_9x16.mp4	richardson_j_360_verdap_gswvmia_mar_10_2006_vertical_9x16.xml
323	0020500966_234	square	howard d dunk bosvorl sqdap TEST mar 17 2006	35007	nba/howard_d_dunk_bosvorl_sqdap_TEST_mar_17_2006_square.mp4	howard_d_dunk_bosvorl_sqdap_TEST_mar_17_2006_square.xml
324	0020500966_234	square	howard d dunk bosvorl sqdap mar 17 2006	35007	nba/howard_d_dunk_bosvorl_sqdap_mar_17_2006_square.mp4	howard_d_dunk_bosvorl_sqdap_mar_17_2006_square.xml
325	0020500966_234	vertical	howard d dunk bosvorl verdap TEST mar 17 2006	35007	nba/howard_d_dunk_bosvorl_verdap_TEST_mar_17_2006_vertical_9x16.mp4	howard_d_dunk_bosvorl_verdap_TEST_mar_17_2006_vertical_9x16.xml
326	0020500966_234	vertical	howard d dunk bosvorl verdap mar 17 2006	35007	nba/howard_d_dunk_bosvorl_verdap_mar_17_2006_vertical_9x16.mp4	howard_d_dunk_bosvorl_verdap_mar_17_2006_vertical_9x16.xml
331	0020500978_82	square	swift s dunk sanvhou sqdap TEST mar 18 2006	29982	nba/swift_s_dunk_sanvhou_sqdap_TEST_mar_18_2006_square.mp4	swift_s_dunk_sanvhou_sqdap_TEST_mar_18_2006_square.xml
332	0020500978_82	vertical	swift s dunk sanvhou verdap TEST mar 18 2006	29982	nba/swift_s_dunk_sanvhou_verdap_TEST_mar_18_2006_vertical_9x16.mp4	swift_s_dunk_sanvhou_verdap_TEST_mar_18_2006_vertical_9x16.xml
334	0020500985_291	square	kirilenko a assist sqdap utavmem mar 19 2006	7007	nba/kirilenko_a_assist_sqdap_utavmem_mar_19_2006_square.mp4	kirilenko_a_assist_sqdap_utavmem_mar_19_2006_square.xml
335	0020500985_291	vertical	kirilenko a assist verdap utavmem mar 19 2006	17009	nba/kirilenko_a_assist_verdap_utavmem_mar_19_2006_vertical_9x16.mp4	kirilenko_a_assist_verdap_utavmem_mar_19_2006_vertical_9x16.xml
340	0020501030_407	square	marion s dunk sqdap denvpho mar 25 2006	7002	nba/marion_s_dunk_sqdap_denvpho_mar_25_2006_square.mp4	marion_s_dunk_sqdap_denvpho_mar_25_2006_square.xml
341	0020501030_407	vertical	marion s dunk verdap denvpho mar 25 2006	17003	nba/marion_s_dunk_verdap_denvpho_mar_25_2006_vertical_9x16.mp4	marion_s_dunk_verdap_denvpho_mar_25_2006_vertical_9x16.xml
345	0020501032_413	square	iguodala a TEST dunk sqdap phivind mar 26 2006	7977	nba/iguodala_a_TEST_dunk_sqdap_phivind_mar_26_2006_square.mp4	iguodala_a_TEST_dunk_sqdap_phivind_mar_26_2006_square.xml
346	0020501032_413	vertical	iguodala a TEST dunk verdap phivind mar 26 2006	17977	nba/iguodala_a_TEST_dunk_verdap_phivind_mar_26_2006_vertical_9x16.mp4	iguodala_a_TEST_dunk_verdap_phivind_mar_26_2006_vertical_9x16.xml
347	0020501032_413	square	iguodala a dunk sqdap phivind mar 26 2006	7000	nba/iguodala_a_dunk_sqdap_phivind_mar_26_2006_square.mp4	iguodala_a_dunk_sqdap_phivind_mar_26_2006_square.xml
348	0020501032_413	vertical	iguodala a dunk verdap phivind mar 26 2006	17000	nba/iguodala_a_dunk_verdap_phivind_mar_26_2006_vertical_9x16.mp4	iguodala_a_dunk_verdap_phivind_mar_26_2006_vertical_9x16.xml
363	0021300382_26	square	iguodala a dunk sqdap sasvgsw dec 19 2013	7007	nba/iguodala_a_dunk_sqdap_sasvgsw_dec_19_2013_square.mp4	iguodala_a_dunk_sqdap_sasvgsw_dec_19_2013_square.xml
364	0021300382_26	vertical	iguodala a dunk verdap sasvgsw dec 19 2013	17007	nba/iguodala_a_dunk_verdap_sasvgsw_dec_19_2013_vertical_9x16.mp4	iguodala_a_dunk_verdap_sasvgsw_dec_19_2013_vertical_9x16.xml
367	0021300394_367	square	hayward g dunk sqdap utavcha dec 21 2013	7007	nba/hayward_g_dunk_sqdap_utavcha_dec_21_2013_square.mp4	hayward_g_dunk_sqdap_utavcha_dec_21_2013_square.xml
368	0021300394_367	vertical	hayward g dunk verdap utavcha dec 21 2013 v2	17004	nba/hayward_g_dunk_verdap_utavcha_dec_21_2013_v2_vertical_9x16.mp4	hayward_g_dunk_verdap_utavcha_dec_21_2013_v2_vertical_9x16.xml
369	0021300394_367	vertical	hayward g dunk verdap utavcha dec 21 2013	17009	nba/hayward_g_dunk_verdap_utavcha_dec_21_2013_vertical_9x16.mp4	hayward_g_dunk_verdap_utavcha_dec_21_2013_vertical_9x16.xml
375	0021300740_523	square	harris t dunk sqdap okcvorl feb 07 2014 v2	7000	nba/harris_t_dunk_sqdap_okcvorl_feb_07_2014_v2_square.mp4	harris_t_dunk_sqdap_okcvorl_feb_07_2014_v2_square.xml
376	0021300740_523	vertical	harris t dunk verdap okcvorl feb 07 2014 v2	17000	nba/harris_t_dunk_verdap_okcvorl_feb_07_2014_v2_vertical_9x16.mp4	harris_t_dunk_verdap_okcvorl_feb_07_2014_v2_vertical_9x16.xml
377	0021300740_523	vertical	harris t dunk verdap okcvorl feb 07 2014 v3	17000	nba/harris_t_dunk_verdap_okcvorl_feb_07_2014_v3_vertical_9x16.mp4	harris_t_dunk_verdap_okcvorl_feb_07_2014_v3_vertical_9x16.xml
380	0021300763_226	square	griffin b windmill sqdap phivlac feb 9 2014	8984	nba/griffin_b_windmill_sqdap_phivlac_feb_9_2014_square.mp4	griffin_b_windmill_sqdap_phivlac_feb_9_2014_square.xml
381	0021300763_226	vertical	griffin b windmill verdap phivlac feb 9 2014	17014	nba/griffin_b_windmill_verdap_phivlac_feb_9_2014_vertical_9x16.mp4	griffin_b_windmill_verdap_phivlac_feb_9_2014_vertical_9x16.xml
385	0021300805_339	square	rubio r assist sqdap indvmin feb 19 2014	7977	nba/rubio_r_assist_sqdap_indvmin_feb_19_2014_square.mp4	rubio_r_assist_sqdap_indvmin_feb_19_2014_square.xml
386	0021300805_339	vertical	rubio r assist verdap indvmin feb 19 2014	17007	nba/rubio_r_assist_verdap_indvmin_feb_19_2014_vertical_9x16.mp4	rubio_r_assist_verdap_indvmin_feb_19_2014_vertical_9x16.xml
396	0021301037_506	vertical	burke t jumper verdap orlvuta mar 22 2014 v2	17000	nba/burke_t_jumper_verdap_orlvuta_mar_22_2014_v2_vertical_9x16.mp4	burke_t_jumper_verdap_orlvuta_mar_22_2014_v2_vertical_9x16.xml
403	0040500102_56	square	hamilton r dunk milvdet sqdap TEST apr 26 2006	65000	nba/hamilton_r_dunk_milvdet_sqdap_TEST_apr_26_2006_square.mp4	hamilton_r_dunk_milvdet_sqdap_TEST_apr_26_2006_square.xml
404	0040500102_56	square	hamilton r dunk milvdet sqdap apr 26 2006	65000	nba/hamilton_r_dunk_milvdet_sqdap_apr_26_2006_square.mp4	hamilton_r_dunk_milvdet_sqdap_apr_26_2006_square.xml
405	0040500102_56	vertical	hamilton r dunk milvdet verdap TEST apr 26 2006	65000	nba/hamilton_r_dunk_milvdet_verdap_TEST_apr_26_2006_vertical_9x16.mp4	hamilton_r_dunk_milvdet_verdap_TEST_apr_26_2006_vertical_9x16.xml
406	0040500102_56	vertical	hamilton r dunk milvdet verdap apr 26 2006	65000	nba/hamilton_r_dunk_milvdet_verdap_apr_26_2006_vertical_9x16.mp4	hamilton_r_dunk_milvdet_verdap_apr_26_2006_vertical_9x16.xml
430	0040500315_462	square	nowitzki d 3 phxvdal sqdap TEST jun 1 2006	26999	nba/nowitzki_d_3_phxvdal_sqdap_TEST_jun_1_2006_square.mp4	nowitzki_d_3_phxvdal_sqdap_TEST_jun_1_2006_square.xml
431	0040500315_462	square	nowitzki d 3 phxvdal sqdap jun 1 2006	26999	nba/nowitzki_d_3_phxvdal_sqdap_jun_1_2006_square.mp4	nowitzki_d_3_phxvdal_sqdap_jun_1_2006_square.xml
432	0040500315_462	vertical	nowitzki d 3 phxvdal verdap TEST jun 1 2006	26999	nba/nowitzki_d_3_phxvdal_verdap_TEST_jun_1_2006_vertical_9x16.mp4	nowitzki_d_3_phxvdal_verdap_TEST_jun_1_2006_vertical_9x16.xml
433	0040500315_462	vertical	nowitzki d 3 phxvdal verdap jun 1 2006	26999	nba/nowitzki_d_3_phxvdal_verdap_jun_1_2006_vertical_9x16.mp4	nowitzki_d_3_phxvdal_verdap_jun_1_2006_vertical_9x16.xml
350	0020501038_38	square	howard d dunk atlvorl sqdap mar 26 2006	16996	nba/howard_d_dunk_atlvorl_sqdap_mar_26_2006_square.mp4	howard_d_dunk_atlvorl_sqdap_mar_26_2006_square.xml
351	0020501038_38	vertical	howard d dunk atlvorl verdap TEST mar 26 2006	16996	nba/howard_d_dunk_atlvorl_verdap_TEST_mar_26_2006_vertical_9x16.mp4	howard_d_dunk_atlvorl_verdap_TEST_mar_26_2006_vertical_9x16.xml
352	0020501038_38	vertical	howard d dunk atlvorl verdap mar 26 2006	16996	nba/howard_d_dunk_atlvorl_verdap_mar_26_2006_vertical_9x16.mp4	howard_d_dunk_atlvorl_verdap_mar_26_2006_vertical_9x16.xml
353	0020501070_56	square	marbury s TEST assist sqdap phivnyk mar 31 2006	7007	nba/marbury_s_TEST_assist_sqdap_phivnyk_mar_31_2006_square.mp4	marbury_s_TEST_assist_sqdap_phivnyk_mar_31_2006_square.xml
354	0020501070_56	vertical	marbury s TEST assist verdap phivnyk mar 31 2006	17007	nba/marbury_s_TEST_assist_verdap_phivnyk_mar_31_2006_vertical_9x16.mp4	marbury_s_TEST_assist_verdap_phivnyk_mar_31_2006_vertical_9x16.xml
355	0020501070_56	square	marbury s assist sqdap phivnyk mar 31 2006	7000	nba/marbury_s_assist_sqdap_phivnyk_mar_31_2006_square.mp4	marbury_s_assist_sqdap_phivnyk_mar_31_2006_square.xml
356	0020501070_56	vertical	marbury s assist verdap phivnyk mar 31 2006	17000	nba/marbury_s_assist_verdap_phivnyk_mar_31_2006_vertical_9x16.mp4	marbury_s_assist_verdap_phivnyk_mar_31_2006_vertical_9x16.xml
357	0020501209_224	square	camby m dunk houvden sqdap TEST apr 17 2006	28990	nba/camby_m_dunk_houvden_sqdap_TEST_apr_17_2006_square.mp4	camby_m_dunk_houvden_sqdap_TEST_apr_17_2006_square.xml
358	0020501209_224	square	camby m dunk houvden sqdap apr 17 2006	28990	nba/camby_m_dunk_houvden_sqdap_apr_17_2006_square.mp4	camby_m_dunk_houvden_sqdap_apr_17_2006_square.xml
359	0020501209_224	vertical	camby m dunk houvden verdap TEST apr 17 2006	28990	nba/camby_m_dunk_houvden_verdap_TEST_apr_17_2006_vertical_9x16.mp4	camby_m_dunk_houvden_verdap_TEST_apr_17_2006_vertical_9x16.xml
360	0020501209_224	vertical	camby m dunk houvden verdap apr 17 2006	28990	nba/camby_m_dunk_houvden_verdap_apr_17_2006_vertical_9x16.mp4	camby_m_dunk_houvden_verdap_apr_17_2006_vertical_9x16.xml
361	0021300057_26	square	mcgee j block sasvden sqdap nov 5 2013	19009	nba/mcgee_j_block_sasvden_sqdap_nov_5_2013_square.mp4	mcgee_j_block_sasvden_sqdap_nov_5_2013_square.xml
362	0021300057_26	vertical	mcgee j block sasvden verdap nov 5 2013	19009	nba/mcgee_j_block_sasvden_verdap_nov_5_2013_vertical_9x16.mp4	mcgee_j_block_sasvden_verdap_nov_5_2013_vertical_9x16.xml
365	0021300391_90	vertical	kaman c block verdap minvlal dec 20 2013 v2	17006	nba/kaman_c_block_verdap_minvlal_dec_20_2013_v2_vertical_9x16.mp4	kaman_c_block_verdap_minvlal_dec_20_2013_v2_vertical_9x16.xml
366	0021300391_90	vertical	kaman c block verdap minvlal dec 20 2013 v3	17000	nba/kaman_c_block_verdap_minvlal_dec_20_2013_v3_vertical_9x16.mp4	kaman_c_block_verdap_minvlal_dec_20_2013_v3_vertical_9x16.xml
370	0021300396_308	vertical	drummond a dunk verdap houvdet dec 21 2013 v2	17000	nba/drummond_a_dunk_verdap_houvdet_dec_21_2013_v2_vertical_9x16.mp4	drummond_a_dunk_verdap_houvdet_dec_21_2013_v2_vertical_9x16.xml
371	0021300676_348	square	ross t dunk orlvtor sqdap jan 29 2014	13000	nba/ross_t_dunk_orlvtor_sqdap_jan_29_2014_square.mp4	ross_t_dunk_orlvtor_sqdap_jan_29_2014_square.xml
372	0021300676_348	vertical	ross t dunk orlvtor verdap jan 29 2014	13000	nba/ross_t_dunk_orlvtor_verdap_jan_29_2014_vertical_9x16.mp4	ross_t_dunk_orlvtor_verdap_jan_29_2014_vertical_9x16.xml
373	0021300727_192	square	beal b dunk sqdap sasvwas feb 5 2014	7004	nba/beal_b_dunk_sqdap_sasvwas_feb_5_2014_square.mp4	beal_b_dunk_sqdap_sasvwas_feb_5_2014_square.xml
374	0021300727_192	vertical	beal b dunk verdap sasvwas feb 5 2014	17014	nba/beal_b_dunk_verdap_sasvwas_feb_5_2014_vertical_9x16.mp4	beal_b_dunk_verdap_sasvwas_feb_5_2014_vertical_9x16.xml
378	0021300759_204	vertical	terry j assist nopvbkn verdap feb 09 2014 v2	17009	nba/terry_j_assist_nopvbkn_verdap_feb_09_2014_v2_vertical_9x16.mp4	terry_j_assist_nopvbkn_verdap_feb_09_2014_v2_vertical_9x16.xml
379	0021300759_204	vertical	terry j assist nopvbkn verdap feb 09 2014 v3	17009	nba/terry_j_assist_nopvbkn_verdap_feb_09_2014_v3_vertical_9x16.mp4	terry_j_assist_nopvbkn_verdap_feb_09_2014_v3_vertical_9x16.xml
382	0021300803_225	square	derozan d dunk sqdap chivtor feb 19 2014	7976	nba/derozan_d_dunk_sqdap_chivtor_feb_19_2014_square.mp4	derozan_d_dunk_sqdap_chivtor_feb_19_2014_square.xml
383	0021300803_225	vertical	derozan d dunk verdap chivtor feb 19 2014 v2	17977	nba/derozan_d_dunk_verdap_chivtor_feb_19_2014_v2_vertical_9x16.mp4	derozan_d_dunk_verdap_chivtor_feb_19_2014_v2_vertical_9x16.xml
384	0021300803_225	vertical	derozan d dunk verdap chivtor feb 19 2014	17977	nba/derozan_d_dunk_verdap_chivtor_feb_19_2014_vertical_9x16.mp4	derozan_d_dunk_verdap_chivtor_feb_19_2014_vertical_9x16.xml
387	0021300814_480	square	howard d dunk sqdap houvgsw feb 20 2014	7007	nba/howard_d_dunk_sqdap_houvgsw_feb_20_2014_square.mp4	howard_d_dunk_sqdap_houvgsw_feb_20_2014_square.xml
388	0021300814_480	vertical	howard d dunk verdap houvgsw feb 20 2014 v2	17007	nba/howard_d_dunk_verdap_houvgsw_feb_20_2014_v2_vertical_9x16.mp4	howard_d_dunk_verdap_houvgsw_feb_20_2014_v2_vertical_9x16.xml
389	0021300814_480	vertical	howard d dunk verdap houvgsw feb 20 2014	17014	nba/howard_d_dunk_verdap_houvgsw_feb_20_2014_vertical_9x16.mp4	howard_d_dunk_verdap_houvgsw_feb_20_2014_vertical_9x16.xml
390	0021300823_142	vertical	barton w dunk verdap utavpor feb 21 2014 v2	17000	nba/barton_w_dunk_verdap_utavpor_feb_21_2014_v2_vertical_9x16.mp4	barton_w_dunk_verdap_utavpor_feb_21_2014_v2_vertical_9x16.xml
391	0021300823_142	vertical	barton w dunk verdap utavpor feb 21 2014 v3	17000	nba/barton_w_dunk_verdap_utavpor_feb_21_2014_v3_vertical_9x16.mp4	barton_w_dunk_verdap_utavpor_feb_21_2014_v3_vertical_9x16.xml
392	0021300899_496	square	thompson k jumper sqdap gswvind mar 04 2014	7007	nba/thompson_k_jumper_sqdap_gswvind_mar_04_2014_square.mp4	thompson_k_jumper_sqdap_gswvind_mar_04_2014_square.xml
393	0021300899_496	vertical	thompson k jumper verdap gswvind mar 04 2014 v3	17007	nba/thompson_k_jumper_verdap_gswvind_mar_04_2014_v3_vertical_9x16.mp4	thompson_k_jumper_verdap_gswvind_mar_04_2014_v3_vertical_9x16.xml
394	0021300899_496	vertical	thompson k jumper verdap gswvind mar 04 2014 v4	17008	nba/thompson_k_jumper_verdap_gswvind_mar_04_2014_v4_vertical_9x16.mp4	thompson_k_jumper_verdap_gswvind_mar_04_2014_v4_vertical_9x16.xml
395	0021300899_496	vertical	thompson k jumper verdap gswvind mar 04 2014	17002	nba/thompson_k_jumper_verdap_gswvind_mar_04_2014_vertical_9x16.mp4	thompson_k_jumper_verdap_gswvind_mar_04_2014_vertical_9x16.xml
397	0021301130_279	square	zeller c dunk sqdap orlvcha apr 4 2014	7007	nba/zeller_c_dunk_sqdap_orlvcha_apr_4_2014_square.mp4	zeller_c_dunk_sqdap_orlvcha_apr_4_2014_square.xml
398	0021301130_279	vertical	zeller c dunk verdap orlvcha apr 4 2014 v2	17000	nba/zeller_c_dunk_verdap_orlvcha_apr_4_2014_v2_vertical_9x16.mp4	zeller_c_dunk_verdap_orlvcha_apr_4_2014_v2_vertical_9x16.xml
399	0021301130_279	vertical	zeller c dunk verdap orlvcha apr 4 2014 v3	17000	nba/zeller_c_dunk_verdap_orlvcha_apr_4_2014_v3_vertical_9x16.mp4	zeller_c_dunk_verdap_orlvcha_apr_4_2014_v3_vertical_9x16.xml
400	0021301130_279	vertical	zeller c dunk verdap orlvcha apr 4 2014	17006	nba/zeller_c_dunk_verdap_orlvcha_apr_4_2014_vertical_9x16.mp4	zeller_c_dunk_verdap_orlvcha_apr_4_2014_vertical_9x16.xml
401	0040500102_248	square	wallace b dunk milvdet sqdap TEST apr 26 2006	31006	nba/wallace_b_dunk_milvdet_sqdap_TEST_apr_26_2006_square.mp4	wallace_b_dunk_milvdet_sqdap_TEST_apr_26_2006_square.xml
402	0040500102_248	vertical	wallace b dunk milvdet verdap TEST apr 26 2006	31006	nba/wallace_b_dunk_milvdet_verdap_TEST_apr_26_2006_vertical_9x16.mp4	wallace_b_dunk_milvdet_verdap_TEST_apr_26_2006_vertical_9x16.xml
407	0040500122_267	square	jefferson r dunk indvnjn sqdap TEST apr 25 2006	16988	nba/jefferson_r_dunk_indvnjn_sqdap_TEST_apr_25_2006_square.mp4	jefferson_r_dunk_indvnjn_sqdap_TEST_apr_25_2006_square.xml
408	0040500122_267	square	jefferson r dunk indvnjn sqdap apr 25 2006	16988	nba/jefferson_r_dunk_indvnjn_sqdap_apr_25_2006_square.mp4	jefferson_r_dunk_indvnjn_sqdap_apr_25_2006_square.xml
409	0040500122_267	vertical	jefferson r dunk indvnjn verdap TEST apr 25 2006	16988	nba/jefferson_r_dunk_indvnjn_verdap_TEST_apr_25_2006_vertical_9x16.mp4	jefferson_r_dunk_indvnjn_verdap_TEST_apr_25_2006_vertical_9x16.xml
410	0040500122_267	vertical	jefferson r dunk indvnjn verdap apr 25 2006	16988	nba/jefferson_r_dunk_indvnjn_verdap_apr_25_2006_vertical_9x16.mp4	jefferson_r_dunk_indvnjn_verdap_apr_25_2006_vertical_9x16.xml
411	0040500131_64	square	jeffries j block wasvcle sqdap TEST apr 22 2006	65004	nba/jeffries_j_block_wasvcle_sqdap_TEST_apr_22_2006_square.mp4	jeffries_j_block_wasvcle_sqdap_TEST_apr_22_2006_square.xml
412	0040500131_64	square	jeffries j block wasvcle sqdap apr 22 2006	65004	nba/jeffries_j_block_wasvcle_sqdap_apr_22_2006_square.mp4	jeffries_j_block_wasvcle_sqdap_apr_22_2006_square.xml
413	0040500131_64	vertical	jeffries j block wasvcle verdap TEST apr 22 2006	65004	nba/jeffries_j_block_wasvcle_verdap_TEST_apr_22_2006_vertical_9x16.mp4	jeffries_j_block_wasvcle_verdap_TEST_apr_22_2006_vertical_9x16.xml
414	0040500131_64	vertical	jeffries j block wasvcle verdap apr 22 2006	65004	nba/jeffries_j_block_wasvcle_verdap_apr_22_2006_vertical_9x16.mp4	jeffries_j_block_wasvcle_verdap_apr_22_2006_vertical_9x16.xml
415	0040500136_536	square	jones d jumper clevwas sqdap TEST may 5 2006	116999	nba/jones_d_jumper_clevwas_sqdap_TEST_may_5_2006_square.mp4	jones_d_jumper_clevwas_sqdap_TEST_may_5_2006_square.xml
416	0040500136_536	square	jones d jumper clevwas sqdap may 5 2006	116999	nba/jones_d_jumper_clevwas_sqdap_may_5_2006_square.mp4	jones_d_jumper_clevwas_sqdap_may_5_2006_square.xml
417	0040500136_536	vertical	jones d jumper clevwas verdap TEST may 5 2006	116999	nba/jones_d_jumper_clevwas_verdap_TEST_may_5_2006_vertical_9x16.mp4	jones_d_jumper_clevwas_verdap_TEST_may_5_2006_vertical_9x16.xml
418	0040500136_536	vertical	jones d jumper clevwas verdap  may 5 2006	116999	nba/jones_d_jumper_clevwas_verdap__may_5_2006_vertical_9x16.mp4	jones_d_jumper_clevwas_verdap__may_5_2006_vertical_9x16.xml
419	0040500142_468	square	barry b jumper sqdap sacvsas apr 25 2006	7007	nba/barry_b_jumper_sqdap_sacvsas_apr_25_2006_square.mp4	barry_b_jumper_sqdap_sacvsas_apr_25_2006_square.xml
420	0040500142_468	vertical	barry b jumper verdap sacvsas apr 25 2006	17002	nba/barry_b_jumper_verdap_sacvsas_apr_25_2006_vertical_9x16.mp4	barry_b_jumper_verdap_sacvsas_apr_25_2006_vertical_9x16.xml
421	0040500144_233	square	wells b dunk sqdap sasvsac apr 30 2006	7009	nba/wells_b_dunk_sqdap_sasvsac_apr_30_2006_square.mp4	wells_b_dunk_sqdap_sasvsac_apr_30_2006_square.xml
422	0040500144_233	vertical	wells b dunk verdap sasvsac apr 30 2006	17002	nba/wells_b_dunk_verdap_sasvsac_apr_30_2006_vertical_9x16.mp4	wells_b_dunk_verdap_sasvsac_apr_30_2006_vertical_9x16.xml
423	0040500203_82	square	james l dunk detvcle sqdap may 13 2006	32006	nba/james_l_dunk_detvcle_sqdap_may_13_2006_square.mp4	james_l_dunk_detvcle_sqdap_may_13_2006_square.xml
424	0040500203_82	vertical	james l dunk detvcle verdap TEST may 13 2006	32006	nba/james_l_dunk_detvcle_verdap_TEST_may_13_2006_vertical_9x16.mp4	james_l_dunk_detvcle_verdap_TEST_may_13_2006_vertical_9x16.xml
425	0040500203_82	vertical	james l dunk detvcle verdap may 13 2006	32006	nba/james_l_dunk_detvcle_verdap_may_13_2006_vertical_9x16.mp4	james_l_dunk_detvcle_verdap_may_13_2006_vertical_9x16.xml
426	0040500305_258	square	wallace b miavdet sqdap TEST may 31 2006	38997	nba/wallace_b_miavdet_sqdap_TEST_may_31_2006_square.mp4	wallace_b_miavdet_sqdap_TEST_may_31_2006_square.xml
427	0040500305_258	square	wallace b miavdet sqdap may 31 2006	38997	nba/wallace_b_miavdet_sqdap_may_31_2006_square.mp4	wallace_b_miavdet_sqdap_may_31_2006_square.xml
428	0040500305_258	vertical	wallace b miavdet verdap TEST may 31 2006	38997	nba/wallace_b_miavdet_verdap_TEST_may_31_2006_vertical_9x16.mp4	wallace_b_miavdet_verdap_TEST_may_31_2006_vertical_9x16.xml
429	0040500305_258	vertical	wallace b miavdet verdap may 31 2006	38997	nba/wallace_b_miavdet_verdap_may_31_2006_vertical_9x16.mp4	wallace_b_miavdet_verdap_may_31_2006_vertical_9x16.xml
434	0040500404_177	square	oneal s block sqdap dalvmia jun 15 2006	7007	nba/oneal_s_block_sqdap_dalvmia_jun_15_2006_square.mp4	oneal_s_block_sqdap_dalvmia_jun_15_2006_square.xml
435	0040500404_177	vertical	oneal s block verdap dalvmia jun 15 2006	17007	nba/oneal_s_block_verdap_dalvmia_jun_15_2006_vertical_9x16.mp4	oneal_s_block_verdap_dalvmia_jun_15_2006_vertical_9x16.xml
436	0040500406_442	square	mourning a block miavdal sqdap TEST jun 20 2006	56010	nba/mourning_a_block_miavdal_sqdap_TEST_jun_20_2006_square.mp4	mourning_a_block_miavdal_sqdap_TEST_jun_20_2006_square.xml
437	0040500406_442	square	mourning a block miavdal sqdap jun 20 2006	56010	nba/mourning_a_block_miavdal_sqdap_jun_20_2006_square.mp4	mourning_a_block_miavdal_sqdap_jun_20_2006_square.xml
438	0040500406_442	vertical	mourning a block miavdal verdap TEST jun 20 2006	56010	nba/mourning_a_block_miavdal_verdap_TEST_jun_20_2006_vertical_9x16.mp4	mourning_a_block_miavdal_verdap_TEST_jun_20_2006_vertical_9x16.xml
439	0040500406_442	vertical	mourning a block miavdal verdap jun 20 2006	56010	nba/mourning_a_block_miavdal_verdap_jun_20_2006_vertical_9x16.mp4	mourning_a_block_miavdal_verdap_jun_20_2006_vertical_9x16.xml
440	0041300176_538	square	lillard d three sqdap houvpor may 2 2014	7010	nba/lillard_d_three_sqdap_houvpor_may_2_2014_square.mp4	lillard_d_three_sqdap_houvpor_may_2_2014_square.xml
441	0041300176_538	vertical	lillard d three verdap houvpor may 2 2014 v2	17000	nba/lillard_d_three_verdap_houvpor_may_2_2014_v2_vertical_9x16.mp4	lillard_d_three_verdap_houvpor_may_2_2014_v2_vertical_9x16.xml
442	0041300176_538	vertical	lillard d three verdap houvpor may 2 2014 v3	17000	nba/lillard_d_three_verdap_houvpor_may_2_2014_v3_vertical_9x16.mp4	lillard_d_three_verdap_houvpor_may_2_2014_v3_vertical_9x16.xml
443	0041300176_538	vertical	lillard d three verdap houvpor may 2 2014	17009	nba/lillard_d_three_verdap_houvpor_may_2_2014_vertical_9x16.mp4	lillard_d_three_verdap_houvpor_may_2_2014_vertical_9x16.xml
444	0041300312_266	vertical	diaw b layup verdap okcvsas may 21 2014 v2	17006	nba/diaw_b_layup_verdap_okcvsas_may_21_2014_v2_vertical_9x16.mp4	diaw_b_layup_verdap_okcvsas_may_21_2014_v2_vertical_9x16.xml
445	0041300313_296	vertical	ibaka s block sasvokc verdap may 25 2014 v2	41987	nba/ibaka_s_block_sasvokc_verdap_may_25_2014_v2_vertical_9x16.mp4	ibaka_s_block_sasvokc_verdap_may_25_2014_v2_vertical_9x16.xml
446	1020900012_264	square	jackson l layup seavind sqdap TEST jun 9 2009	53994	nba/jackson_l_layup_seavind_sqdap_TEST_jun_9_2009_square.mp4	jackson_l_layup_seavind_sqdap_TEST_jun_9_2009_square.xml
447	1020900071_29	square	jackson l layup sqdap sacvsea aug 09 2009	7007	nba/jackson_l_layup_sqdap_sacvsea_aug_09_2009_square.mp4	jackson_l_layup_sqdap_sacvsea_aug_09_2009_square.xml
448	1020900071_29	vertical	jackson l layup verdap sacvsea aug 09 2009	17009	nba/jackson_l_layup_verdap_sacvsea_aug_09_2009_vertical_9x16.mp4	jackson_l_layup_verdap_sacvsea_aug_09_2009_vertical_9x16.xml
449	1020900126_230	square	smith k jumper sqdap nylvdet aug 04 2009	7007	nba/smith_k_jumper_sqdap_nylvdet_aug_04_2009_square.mp4	smith_k_jumper_sqdap_nylvdet_aug_04_2009_square.xml
450	1020900126_230	vertical	smith k jumper verdap nylvdet aug 04 2009	17010	nba/smith_k_jumper_verdap_nylvdet_aug_04_2009_vertical_9x16.mp4	smith_k_jumper_verdap_nylvdet_aug_04_2009_vertical_9x16.xml
451	1020900126_230	vertical	smith k three verdap nylvdet aug 04 2009 TEST	17007	nba/smith_k_three_verdap_nylvdet_aug_04_2009_TEST_vertical_9x16.mp4	smith_k_three_verdap_nylvdet_aug_04_2009_TEST_vertical_9x16.xml
452	1020900201_228	vertical	cash s layup verdap seavmin sept 05 2009 TEST	17009	nba/cash_s_layup_verdap_seavmin_sept_05_2009_TEST_vertical_9x16.mp4	cash_s_layup_verdap_seavmin_sept_05_2009_TEST_vertical_9x16.xml
453	1021100005_204	square	hammon b jumper sqdap tulvsas jun 04 2011	7008	nba/hammon_b_jumper_sqdap_tulvsas_jun_04_2011_square.mp4	hammon_b_jumper_sqdap_tulvsas_jun_04_2011_square.xml
454	1021100005_204	vertical	hammon b jumper verdap tulvsas jun 04 2011 v2	17009	nba/hammon_b_jumper_verdap_tulvsas_jun_04_2011_v2_vertical_9x16.mp4	hammon_b_jumper_verdap_tulvsas_jun_04_2011_v2_vertical_9x16.xml
455	1021100005_204	vertical	hammon b jumper verdap tulvsas jun 04 2011	17002	nba/hammon_b_jumper_verdap_tulvsas_jun_04_2011_vertical_9x16.mp4	hammon_b_jumper_verdap_tulvsas_jun_04_2011_vertical_9x16.xml
456	1021100030_131	square	penicheiro t assist sqdap seavlas jun 19 2011 TEST	7007	nba/penicheiro_t_assist_sqdap_seavlas_jun_19_2011_TEST_square.mp4	penicheiro_t_assist_sqdap_seavlas_jun_19_2011_TEST_square.xml
457	1021100073_21	square	hammon b assist sqdap seavsas jul 14 2011 TEST	7008	nba/hammon_b_assist_sqdap_seavsas_jul_14_2011_TEST_square.mp4	hammon_b_assist_sqdap_seavsas_jul_14_2011_TEST_square.xml
458	1021100073_21	vertical	hammon b assist verdap seavsas jul 14 2011 TEST	17008	nba/hammon_b_assist_verdap_seavsas_jul_14_2011_TEST_vertical_9x16.mp4	hammon_b_assist_verdap_seavsas_jul_14_2011_TEST_vertical_9x16.xml
459	1021300011_160	square	parker c block lasvsas sqdap TEST jun 1 2013	28987	nba/parker_c_block_lasvsas_sqdap_TEST_jun_1_2013_square.mp4	parker_c_block_lasvsas_sqdap_TEST_jun_1_2013_square.xml
460	1021300011_160	vertical	parker c block lasvsas verdap TEST jun 1 2013	28987	nba/parker_c_block_lasvsas_verdap_TEST_jun_1_2013_vertical_9x16.mp4	parker_c_block_lasvsas_verdap_TEST_jun_1_2013_vertical_9x16.xml
461	1021300135_111	square	ogwumike n layup sqdap chivlas aug 13 2013	7002	nba/ogwumike_n_layup_sqdap_chivlas_aug_13_2013_square.mp4	ogwumike_n_layup_sqdap_chivlas_aug_13_2013_square.xml
462	1021300135_111	vertical	ogwumike n layup verdap chivlas aug 13 2013	17977	nba/ogwumike_n_layup_verdap_chivlas_aug_13_2013_vertical_9x16.mp4	ogwumike_n_layup_verdap_chivlas_aug_13_2013_vertical_9x16.xml
463	1021800099_372	square	bird s assist sqdap phxvsea july 01 2018	7977	nba/bird_s_assist_sqdap_phxvsea_july_01_2018_square.mp4	bird_s_assist_sqdap_phxvsea_july_01_2018_square.xml
464	1021800099_372	vertical	bird s assist verdap phxvsea july 01 2018	17976	nba/bird_s_assist_verdap_phxvsea_july_01_2018_vertical_9x16.mp4	bird_s_assist_verdap_phxvsea_july_01_2018_vertical_9x16.xml
465	1022100001_570	vertical	ionescu s 3 indvnyl verdap may 14 2021 v2	86004	nba/ionescu_s_3_indvnyl_verdap_may_14_2021_v2_vertical_9x16.mp4	ionescu_s_3_indvnyl_verdap_may_14_2021_v2_vertical_9x16.xml
466	1022100004_7	square	ogwumike n layup sqdap dalvlas may 14 2021	7009	nba/ogwumike_n_layup_sqdap_dalvlas_may_14_2021_square.mp4	ogwumike_n_layup_sqdap_dalvlas_may_14_2021_square.xml
467	1022100004_7	vertical	ogwumike n layup verdap dalvlas may 14 2021	17007	nba/ogwumike_n_layup_verdap_dalvlas_may_14_2021_vertical_9x16.mp4	ogwumike_n_layup_verdap_dalvlas_may_14_2021_vertical_9x16.xml
468	1022100011_125	square	hamby d layup sqdap lvavsea may 18 2021	7007	nba/hamby_d_layup_sqdap_lvavsea_may_18_2021_square.mp4	hamby_d_layup_sqdap_lvavsea_may_18_2021_square.xml
469	1022100011_125	vertical	hamby d layup verdap lvavsea may 18 2021	17007	nba/hamby_d_layup_verdap_lvavsea_may_18_2021_vertical_9x16.mp4	hamby_d_layup_verdap_lvavsea_may_18_2021_vertical_9x16.xml
470	1022100011_399	vertical	samuelson k 3 lvavsea verdap may 18 2021 v2	46993	nba/samuelson_k_3_lvavsea_verdap_may_18_2021_v2_vertical_9x16.mp4	samuelson_k_3_lvavsea_verdap_may_18_2021_v2_vertical_9x16.xml
471	1022100019_453	vertical	canada j jumper seavdal verdap may 22 2021 v2	20000	nba/canada_j_jumper_seavdal_verdap_may_22_2021_v2_vertical_9x16.mp4	canada_j_jumper_seavdal_verdap_may_22_2021_v2_vertical_9x16.xml
472	1022100022_411	square	mompremier b block convlva sqdap may 23 2021 v2	37017	nba/mompremier_b_block_convlva_sqdap_may_23_2021_v2_square.mp4	mompremier_b_block_convlva_sqdap_may_23_2021_v2_square.xml
473	1022100023_139	square	gondrezick k 3 wasvind sqdap may 25 2021	20000	nba/gondrezick_k_3_wasvind_sqdap_may_25_2021_square.mp4	gondrezick_k_3_wasvind_sqdap_may_25_2021_square.xml
474	1022100023_139	vertical	gondrezick k 3 wasvind verdap may 25 2021	20000	nba/gondrezick_k_3_wasvind_verdap_may_25_2021_vertical_9x16.mp4	gondrezick_k_3_wasvind_verdap_may_25_2021_vertical_9x16.xml
475	1022100025_78	square	mcdonald a 3 atlvchi sqdap may 25 2021	27977	nba/mcdonald_a_3_atlvchi_sqdap_may_25_2021_square.mp4	mcdonald_a_3_atlvchi_sqdap_may_25_2021_square.xml
476	1022100025_78	vertical	mcdonald a 3 atlvchi verdap may 25 2021	27977	nba/mcdonald_a_3_atlvchi_verdap_may_25_2021_vertical_9x16.mp4	mcdonald_a_3_atlvchi_verdap_may_25_2021_vertical_9x16.xml
477	1022100035_220	square	deshields d block lasvchi sqdap may 30 2021	24979	nba/deshields_d_block_lasvchi_sqdap_may_30_2021_square.mp4	deshields_d_block_lasvchi_sqdap_may_30_2021_square.xml
478	1022100035_220	square	deshields d block lasvchi sqdap may 30 2021 v2	24979	nba/deshields_d_block_lasvchi_sqdap_may_30_2021_v2_square.mp4	deshields_d_block_lasvchi_sqdap_may_30_2021_v2_square.xml
479	1022100035_220	vertical	deshields d block lasvchi verdap may 30 2021 v2	24979	nba/deshields_d_block_lasvchi_verdap_may_30_2021_v2_vertical_9x16.mp4	deshields_d_block_lasvchi_verdap_may_30_2021_v2_vertical_9x16.xml
480	1022100035_220	vertical	deshields d block lasvchi verdap may 30 2021	24979	nba/deshields_d_block_lasvchi_verdap_may_30_2021_vertical_9x16.mp4	deshields_d_block_lasvchi_verdap_may_30_2021_vertical_9x16.xml
482	1022100035_483	square	deshields d alleyoop sqdap lasvchi may 30 2021	7008	nba/deshields_d_alleyoop_sqdap_lasvchi_may_30_2021_square.mp4	deshields_d_alleyoop_sqdap_lasvchi_may_30_2021_square.xml
483	1022100035_483	vertical	deshields d alleyoop verdap lasvchi may 30 2021	17002	nba/deshields_d_alleyoop_verdap_lasvchi_may_30_2021_vertical_9x16.mp4	deshields_d_alleyoop_verdap_lasvchi_may_30_2021_vertical_9x16.xml
484	1022100054_41	square	parker c assist sqdap indvchi jun 9 2021	7979	nba/parker_c_assist_sqdap_indvchi_jun_9_2021_square.mp4	parker_c_assist_sqdap_indvchi_jun_9_2021_square.xml
485	1022100054_41	vertical	parker c assist verdap indvchi jun 9 2021 v2	17011	nba/parker_c_assist_verdap_indvchi_jun_9_2021_v2_vertical_9x16.mp4	parker_c_assist_verdap_indvchi_jun_9_2021_v2_vertical_9x16.xml
486	1022100054_41	vertical	parker c assist verdap indvchi jun 9 2021	17014	nba/parker_c_assist_verdap_indvchi_jun_9_2021_vertical_9x16.mp4	parker_c_assist_verdap_indvchi_jun_9_2021_vertical_9x16.xml
487	1022100062_85	square	charles t jumper sqdap wasvatl jun 13 2021	7977	nba/charles_t_jumper_sqdap_wasvatl_jun_13_2021_square.mp4	charles_t_jumper_sqdap_wasvatl_jun_13_2021_square.xml
488	1022100062_85	vertical	charles t jumper verdap wasvatl jun 13 2021 v2	17979	nba/charles_t_jumper_verdap_wasvatl_jun_13_2021_v2_vertical_9x16.mp4	charles_t_jumper_verdap_wasvatl_jun_13_2021_v2_vertical_9x16.xml
489	1022100062_85	vertical	charles t jumper verdap wasvatl jun 13 2021	17976	nba/charles_t_jumper_verdap_wasvatl_jun_13_2021_vertical_9x16.mp4	charles_t_jumper_verdap_wasvatl_jun_13_2021_vertical_9x16.xml
492	1022100063_628	square	cambage e three sqdap dalvlva jun 13 2021	7006	nba/cambage_e_three_sqdap_dalvlva_jun_13_2021_square.mp4	cambage_e_three_sqdap_dalvlva_jun_13_2021_square.xml
493	1022100063_628	square	cambage e three sqdap dalvlva jun 13 2021 v2	7000	nba/cambage_e_three_sqdap_dalvlva_jun_13_2021_v2_square.mp4	cambage_e_three_sqdap_dalvlva_jun_13_2021_v2_square.xml
494	1022100063_628	vertical	cambage e three verdap dalvlva jun 13 2021 v2	17000	nba/cambage_e_three_verdap_dalvlva_jun_13_2021_v2_vertical_9x16.mp4	cambage_e_three_verdap_dalvlva_jun_13_2021_v2_vertical_9x16.xml
495	1022100063_628	vertical	cambage e three verdap dalvlva jun 13 2021	17007	nba/cambage_e_three_verdap_dalvlva_jun_13_2021_vertical_9x16.mp4	cambage_e_three_verdap_dalvlva_jun_13_2021_vertical_9x16.xml
497	1022100093_129	square	atkins a assist sqdap convwas jun 29 2021	7009	nba/atkins_a_assist_sqdap_convwas_jun_29_2021_square.mp4	atkins_a_assist_sqdap_convwas_jun_29_2021_square.xml
498	1022100093_129	vertical	atkins a assist verdap convwas jun 29 2021	17002	nba/atkins_a_assist_verdap_convwas_jun_29_2021_vertical_9x16.mp4	atkins_a_assist_verdap_convwas_jun_29_2021_vertical_9x16.xml
499	1022100100_359	square	fowles s block sqdap minvpho jul 3 2021	7003	nba/fowles_s_block_sqdap_minvpho_jul_3_2021_square.mp4	fowles_s_block_sqdap_minvpho_jul_3_2021_square.xml
500	1022100100_359	vertical	fowles s block verdap minvpho jul 3 2021	17001	nba/fowles_s_block_verdap_minvpho_jul_3_2021_vertical_9x16.mp4	fowles_s_block_verdap_minvpho_jul_3_2021_vertical_9x16.xml
501	1022100099_425	square	wheeler e assist sqdap lvavlas jul 2 2021	7007	nba/wheeler_e_assist_sqdap_lvavlas_jul_2_2021_square.mp4	wheeler_e_assist_sqdap_lvavlas_jul_2_2021_square.xml
502	1022100099_425	vertical	wheeler e assist verdap lvavlas jul 2 2021	17008	nba/wheeler_e_assist_verdap_lvavlas_jul_2_2021_vertical_9x16.mp4	wheeler_e_assist_verdap_lvavlas_jul_2_2021_vertical_9x16.xml
503	1022100112_334	square	bird s assist sqdap seavpho july 09 2021	7007	nba/bird_s_assist_sqdap_seavpho_july_09_2021_square.mp4	bird_s_assist_sqdap_seavpho_july_09_2021_square.xml
504	1022100112_334	vertical	bird s assist verdap seavpho july 09 2021	17009	nba/bird_s_assist_verdap_seavpho_july_09_2021_vertical_9x16.mp4	bird_s_assist_verdap_seavpho_july_09_2021_vertical_9x16.xml
505	1022100116_257	square	jones b layup sqdap convnyl jul 11 2021	7977	nba/jones_b_layup_sqdap_convnyl_jul_11_2021_square.mp4	jones_b_layup_sqdap_convnyl_jul_11_2021_square.xml
506	1022100116_257	vertical	jones b layup verdap convnyl jul 11 2021	17007	nba/jones_b_layup_verdap_convnyl_jul_11_2021_vertical_9x16.mp4	jones_b_layup_verdap_convnyl_jul_11_2021_vertical_9x16.xml
507	1041100301_224	square	moore m layup sqdap atlvmin oct 02 2011 TEST	7979	nba/moore_m_layup_sqdap_atlvmin_oct_02_2011_TEST_square.mp4	moore_m_layup_sqdap_atlvmin_oct_02_2011_TEST_square.xml
508	1041100301_224	vertical	moore m layup verdap atlvmin oct 02 2011 TEST	17979	nba/moore_m_layup_verdap_atlvmin_oct_02_2011_TEST_vertical_9x16.mp4	moore_m_layup_verdap_atlvmin_oct_02_2011_TEST_vertical_9x16.xml
481	1022100035_410	vertical	sykes b block lasvchi verdap may 30 2021 v2	20000	nba/sykes_b_block_lasvchi_verdap_may_30_2021_v2_vertical_9x16.mp4	sykes_b_block_lasvchi_verdap_may_30_2021_v2_vertical_9x16.xml
490	1022100063_256	vertical	wilson a block verdap dalvlva jun 13 2021 v3	17007	nba/wilson_a_block_verdap_dalvlva_jun_13_2021_v3_vertical_9x16.mp4	wilson_a_block_verdap_dalvlva_jun_13_2021_v3_vertical_9x16.xml
491	1022100063_256	vertical	wilson a block verdap dalvlva jun 13 2021 v4	17007	nba/wilson_a_block_verdap_dalvlva_jun_13_2021_v4_vertical_9x16.mp4	wilson_a_block_verdap_dalvlva_jun_13_2021_v4_vertical_9x16.xml
496	1022100070_438	vertical	bradford c atlvwas verdap jun 17 2021 v2	40025	nba/bradford_c_atlvwas_verdap_jun_17_2021_v2_vertical_9x16.mp4	bradford_c_atlvwas_verdap_jun_17_2021_v2_vertical_9x16.xml
509	0020500222_449	square	ariza t TEST dunk sqdap nykvdet dec 02 2005	7007	nba/ariza_t_TEST_dunk_sqdap_nykvdet_dec_02_2005_square.mp4	ariza_t_TEST_dunk_sqdap_nykvdet_dec_02_2005_square.xml
510	0020500222_449	vertical	ariza t TEST dunk verdap nykvdet dec 02 2005	17007	nba/ariza_t_TEST_dunk_verdap_nykvdet_dec_02_2005_vertical_9x16.mp4	ariza_t_TEST_dunk_verdap_nykvdet_dec_02_2005_vertical_9x16.xml
511	0020500222_449	square	ariza t dunk sqdap nykvdet dec 02 2005	7000	nba/ariza_t_dunk_sqdap_nykvdet_dec_02_2005_square.mp4	ariza_t_dunk_sqdap_nykvdet_dec_02_2005_square.xml
512	0020500222_449	vertical	ariza t dunk verdap nykvdet dec 02 2005	17000	nba/ariza_t_dunk_verdap_nykvdet_dec_02_2005_vertical_9x16.mp4	ariza_t_dunk_verdap_nykvdet_dec_02_2005_vertical_9x16.xml
513	0020500222_449	square	ariza t TEST dunk sqdap nykvdet dec 02 2005	7007	nba/ariza_t_TEST_dunk_sqdap_nykvdet_dec_02_2005_square.mp4	ariza_t_TEST_dunk_sqdap_nykvdet_dec_02_2005_square.xml
514	0020500222_449	vertical	ariza t TEST dunk verdap nykvdet dec 02 2005	17007	nba/ariza_t_TEST_dunk_verdap_nykvdet_dec_02_2005_vertical_9x16.mp4	ariza_t_TEST_dunk_verdap_nykvdet_dec_02_2005_vertical_9x16.xml
515	0020500222_449	square	ariza t dunk sqdap nykvdet dec 02 2005	7000	nba/ariza_t_dunk_sqdap_nykvdet_dec_02_2005_square.mp4	ariza_t_dunk_sqdap_nykvdet_dec_02_2005_square.xml
516	0020500222_449	vertical	ariza t dunk verdap nykvdet dec 02 2005	17000	nba/ariza_t_dunk_verdap_nykvdet_dec_02_2005_vertical_9x16.mp4	ariza_t_dunk_verdap_nykvdet_dec_02_2005_vertical_9x16.xml
517	0020500336_157	square	ilgauskas z assist miavcle sqdap TEST dec 17 2005	24999	nba/ilgauskas_z_assist_miavcle_sqdap_TEST_dec_17_2005_square.mp4	ilgauskas_z_assist_miavcle_sqdap_TEST_dec_17_2005_square.xml
518	0020500336_157	square	ilgauskas z assist miavcle sqdap dec 17 2005	24999	nba/ilgauskas_z_assist_miavcle_sqdap_dec_17_2005_square.mp4	ilgauskas_z_assist_miavcle_sqdap_dec_17_2005_square.xml
519	0020500336_157	vertical	ilgauskas z assist miavcle verdap TEST dec 17 2005	24999	nba/ilgauskas_z_assist_miavcle_verdap_TEST_dec_17_2005_vertical_9x16.mp4	ilgauskas_z_assist_miavcle_verdap_TEST_dec_17_2005_vertical_9x16.xml
520	0020500336_157	vertical	ilgauskas z assist miavcle verdap dec 17 2005	24999	nba/ilgauskas_z_assist_miavcle_verdap_dec_17_2005_vertical_9x16.mp4	ilgauskas_z_assist_miavcle_verdap_dec_17_2005_vertical_9x16.xml
521	0020500336_157	square	ilgauskas z assist miavcle sqdap TEST dec 17 2005	24999	nba/ilgauskas_z_assist_miavcle_sqdap_TEST_dec_17_2005_square.mp4	ilgauskas_z_assist_miavcle_sqdap_TEST_dec_17_2005_square.xml
522	0020500336_157	square	ilgauskas z assist miavcle sqdap dec 17 2005	24999	nba/ilgauskas_z_assist_miavcle_sqdap_dec_17_2005_square.mp4	ilgauskas_z_assist_miavcle_sqdap_dec_17_2005_square.xml
523	0020500336_157	vertical	ilgauskas z assist miavcle verdap TEST dec 17 2005	24999	nba/ilgauskas_z_assist_miavcle_verdap_TEST_dec_17_2005_vertical_9x16.mp4	ilgauskas_z_assist_miavcle_verdap_TEST_dec_17_2005_vertical_9x16.xml
524	0020500336_157	vertical	ilgauskas z assist miavcle verdap dec 17 2005	24999	nba/ilgauskas_z_assist_miavcle_verdap_dec_17_2005_vertical_9x16.mp4	ilgauskas_z_assist_miavcle_verdap_dec_17_2005_vertical_9x16.xml
525	0020500341_313	square	iguodala a dunk phivtor sqdap TEST dec 18 2005	12979	nba/iguodala_a_dunk_phivtor_sqdap_TEST_dec_18_2005_square.mp4	iguodala_a_dunk_phivtor_sqdap_TEST_dec_18_2005_square.xml
526	0020500341_313	vertical	iguodala a dunk phivtor verdap TEST dec 18 2005	12979	nba/iguodala_a_dunk_phivtor_verdap_TEST_dec_18_2005_vertical_9x16.mp4	iguodala_a_dunk_phivtor_verdap_TEST_dec_18_2005_vertical_9x16.xml
527	0020500341_313	square	iguodala a dunk phivtor sqdap TEST dec 18 2005	12979	nba/iguodala_a_dunk_phivtor_sqdap_TEST_dec_18_2005_square.mp4	iguodala_a_dunk_phivtor_sqdap_TEST_dec_18_2005_square.xml
528	0020500341_313	vertical	iguodala a dunk phivtor verdap TEST dec 18 2005	12979	nba/iguodala_a_dunk_phivtor_verdap_TEST_dec_18_2005_vertical_9x16.mp4	iguodala_a_dunk_phivtor_verdap_TEST_dec_18_2005_vertical_9x16.xml
529	0020500361_463	square	carter v alleyoop sqdap njnvorl dec 21 2005	7002	nba/carter_v_alleyoop_sqdap_njnvorl_dec_21_2005_square.mp4	carter_v_alleyoop_sqdap_njnvorl_dec_21_2005_square.xml
530	0020500361_463	vertical	carter v alleyoop verdap njnvorl dec 21 2005	18014	nba/carter_v_alleyoop_verdap_njnvorl_dec_21_2005_vertical_9x16.mp4	carter_v_alleyoop_verdap_njnvorl_dec_21_2005_vertical_9x16.xml
531	0020500361_463	square	carter v alleyoop sqdap njnvorl dec 21 2005	7002	nba/carter_v_alleyoop_sqdap_njnvorl_dec_21_2005_square.mp4	carter_v_alleyoop_sqdap_njnvorl_dec_21_2005_square.xml
532	0020500361_463	vertical	carter v alleyoop verdap njnvorl dec 21 2005	18014	nba/carter_v_alleyoop_verdap_njnvorl_dec_21_2005_vertical_9x16.mp4	carter_v_alleyoop_verdap_njnvorl_dec_21_2005_vertical_9x16.xml
533	0020500364_182	square	horry r assist sanvnyk sqdap TEST dec 21 2005	23018	nba/horry_r_assist_sanvnyk_sqdap_TEST_dec_21_2005_square.mp4	horry_r_assist_sanvnyk_sqdap_TEST_dec_21_2005_square.xml
534	0020500364_182	square	horry r assist sanvnyk sqdap dec 21 2005	23018	nba/horry_r_assist_sanvnyk_sqdap_dec_21_2005_square.mp4	horry_r_assist_sanvnyk_sqdap_dec_21_2005_square.xml
535	0020500364_182	vertical	horry r assist sanvnyk verdap TEST dec 21 2005	23018	nba/horry_r_assist_sanvnyk_verdap_TEST_dec_21_2005_vertical_9x16.mp4	horry_r_assist_sanvnyk_verdap_TEST_dec_21_2005_vertical_9x16.xml
536	0020500364_182	vertical	horry r assist sanvnyk verdap dec 21 2005	23018	nba/horry_r_assist_sanvnyk_verdap_dec_21_2005_vertical_9x16.mp4	horry_r_assist_sanvnyk_verdap_dec_21_2005_vertical_9x16.xml
537	0020500364_182	square	horry r assist sanvnyk sqdap TEST dec 21 2005	23018	nba/horry_r_assist_sanvnyk_sqdap_TEST_dec_21_2005_square.mp4	horry_r_assist_sanvnyk_sqdap_TEST_dec_21_2005_square.xml
538	0020500364_182	square	horry r assist sanvnyk sqdap dec 21 2005	23018	nba/horry_r_assist_sanvnyk_sqdap_dec_21_2005_square.mp4	horry_r_assist_sanvnyk_sqdap_dec_21_2005_square.xml
539	0020500364_182	vertical	horry r assist sanvnyk verdap TEST dec 21 2005	23018	nba/horry_r_assist_sanvnyk_verdap_TEST_dec_21_2005_vertical_9x16.mp4	horry_r_assist_sanvnyk_verdap_TEST_dec_21_2005_vertical_9x16.xml
540	0020500364_182	vertical	horry r assist sanvnyk verdap dec 21 2005	23018	nba/horry_r_assist_sanvnyk_verdap_dec_21_2005_vertical_9x16.mp4	horry_r_assist_sanvnyk_verdap_dec_21_2005_vertical_9x16.xml
541	0020500407_61	square	stevenson d layup nykvorl sqdap TEST dec 28 2005	18988	nba/stevenson_d_layup_nykvorl_sqdap_TEST_dec_28_2005_square.mp4	stevenson_d_layup_nykvorl_sqdap_TEST_dec_28_2005_square.xml
542	0020500407_61	square	stevenson d layup nykvorl sqdap dec 28 2005	18988	nba/stevenson_d_layup_nykvorl_sqdap_dec_28_2005_square.mp4	stevenson_d_layup_nykvorl_sqdap_dec_28_2005_square.xml
543	0020500407_61	vertical	stevenson d layup nykvorl verdap TEST dec 28 2005	18988	nba/stevenson_d_layup_nykvorl_verdap_TEST_dec_28_2005_vertical_9x16.mp4	stevenson_d_layup_nykvorl_verdap_TEST_dec_28_2005_vertical_9x16.xml
544	0020500407_61	vertical	stevenson d layup nykvorl verdap dec 28 2005	18988	nba/stevenson_d_layup_nykvorl_verdap_dec_28_2005_vertical_9x16.mp4	stevenson_d_layup_nykvorl_verdap_dec_28_2005_vertical_9x16.xml
545	0020500407_61	square	stevenson d layup nykvorl sqdap TEST dec 28 2005	18988	nba/stevenson_d_layup_nykvorl_sqdap_TEST_dec_28_2005_square.mp4	stevenson_d_layup_nykvorl_sqdap_TEST_dec_28_2005_square.xml
546	0020500407_61	square	stevenson d layup nykvorl sqdap dec 28 2005	18988	nba/stevenson_d_layup_nykvorl_sqdap_dec_28_2005_square.mp4	stevenson_d_layup_nykvorl_sqdap_dec_28_2005_square.xml
547	0020500407_61	vertical	stevenson d layup nykvorl verdap TEST dec 28 2005	18988	nba/stevenson_d_layup_nykvorl_verdap_TEST_dec_28_2005_vertical_9x16.mp4	stevenson_d_layup_nykvorl_verdap_TEST_dec_28_2005_vertical_9x16.xml
548	0020500407_61	vertical	stevenson d layup nykvorl verdap dec 28 2005	18988	nba/stevenson_d_layup_nykvorl_verdap_dec_28_2005_vertical_9x16.mp4	stevenson_d_layup_nykvorl_verdap_dec_28_2005_vertical_9x16.xml
549	0020500421_73	square	nash s assist sqdap phovcha dec 30 2005	7007	nba/nash_s_assist_sqdap_phovcha_dec_30_2005_square.mp4	nash_s_assist_sqdap_phovcha_dec_30_2005_square.xml
550	0020500421_73	vertical	nash s assist verdap phovcha dec 30 2005	17006	nba/nash_s_assist_verdap_phovcha_dec_30_2005_vertical_9x16.mp4	nash_s_assist_verdap_phovcha_dec_30_2005_vertical_9x16.xml
551	0020500421_73	square	nash s assist sqdap phovcha dec 30 2005	7007	nba/nash_s_assist_sqdap_phovcha_dec_30_2005_square.mp4	nash_s_assist_sqdap_phovcha_dec_30_2005_square.xml
552	0020500421_73	vertical	nash s assist verdap phovcha dec 30 2005	17006	nba/nash_s_assist_verdap_phovcha_dec_30_2005_vertical_9x16.mp4	nash_s_assist_verdap_phovcha_dec_30_2005_vertical_9x16.xml
553	0020500451_318	square	mason d dunk sqdap miavnoh jan 04 2006	7007	nba/mason_d_dunk_sqdap_miavnoh_jan_04_2006_square.mp4	mason_d_dunk_sqdap_miavnoh_jan_04_2006_square.xml
554	0020500451_318	vertical	mason d dunk verdap miavnoh jan 04 2006	17009	nba/mason_d_dunk_verdap_miavnoh_jan_04_2006_vertical_9x16.mp4	mason_d_dunk_verdap_miavnoh_jan_04_2006_vertical_9x16.xml
555	0020500451_318	square	mason d dunk sqdap miavnoh jan 04 2006	7007	nba/mason_d_dunk_sqdap_miavnoh_jan_04_2006_square.mp4	mason_d_dunk_sqdap_miavnoh_jan_04_2006_square.xml
556	0020500451_318	vertical	mason d dunk verdap miavnoh jan 04 2006	17009	nba/mason_d_dunk_verdap_miavnoh_jan_04_2006_vertical_9x16.mp4	mason_d_dunk_verdap_miavnoh_jan_04_2006_vertical_9x16.xml
557	0020500493_497	square	head l three sqdap houvcha jan 10 2006	7007	nba/head_l_three_sqdap_houvcha_jan_10_2006_square.mp4	head_l_three_sqdap_houvcha_jan_10_2006_square.xml
558	0020500493_497	vertical	head l three verdap houvcha jan 10 2006	17001	nba/head_l_three_verdap_houvcha_jan_10_2006_vertical_9x16.mp4	head_l_three_verdap_houvcha_jan_10_2006_vertical_9x16.xml
559	0020500493_497	square	head l three sqdap houvcha jan 10 2006	7007	nba/head_l_three_sqdap_houvcha_jan_10_2006_square.mp4	head_l_three_sqdap_houvcha_jan_10_2006_square.xml
560	0020500493_497	vertical	head l three verdap houvcha jan 10 2006	17001	nba/head_l_three_verdap_houvcha_jan_10_2006_vertical_9x16.mp4	head_l_three_verdap_houvcha_jan_10_2006_vertical_9x16.xml
561	0020500498_610	square	anthony c jumper phxvden sqdap 011006	100017	nba/anthony_c_jumper_phxvden_sqdap_011006_square.mp4	anthony_c_jumper_phxvden_sqdap_011006_square.xml
562	0020500498_610	square	anthony c jumper phxvden sqdap TEST 011006	100017	nba/anthony_c_jumper_phxvden_sqdap_TEST_011006_square.mp4	anthony_c_jumper_phxvden_sqdap_TEST_011006_square.xml
563	0020500498_610	vertical	anthony c jumper phxvden verdap 011006	100017	nba/anthony_c_jumper_phxvden_verdap_011006_vertical_9x16.mp4	anthony_c_jumper_phxvden_verdap_011006_vertical_9x16.xml
564	0020500498_610	vertical	anthony c jumper phxvden verdap TEST 011006	100017	nba/anthony_c_jumper_phxvden_verdap_TEST_011006_vertical_9x16.mp4	anthony_c_jumper_phxvden_verdap_TEST_011006_vertical_9x16.xml
565	0020500498_610	square	anthony c jumper phxvden sqdap 011006	100017	nba/anthony_c_jumper_phxvden_sqdap_011006_square.mp4	anthony_c_jumper_phxvden_sqdap_011006_square.xml
566	0020500498_610	square	anthony c jumper phxvden sqdap TEST 011006	100017	nba/anthony_c_jumper_phxvden_sqdap_TEST_011006_square.mp4	anthony_c_jumper_phxvden_sqdap_TEST_011006_square.xml
567	0020500498_610	vertical	anthony c jumper phxvden verdap 011006	100017	nba/anthony_c_jumper_phxvden_verdap_011006_vertical_9x16.mp4	anthony_c_jumper_phxvden_verdap_011006_vertical_9x16.xml
568	0020500498_610	vertical	anthony c jumper phxvden verdap TEST 011006	100017	nba/anthony_c_jumper_phxvden_verdap_TEST_011006_vertical_9x16.mp4	anthony_c_jumper_phxvden_verdap_TEST_011006_vertical_9x16.xml
569	0020500516_39	square	iguodala a dunk sqdap bosvphi jan 13 2006	7007	nba/iguodala_a_dunk_sqdap_bosvphi_jan_13_2006_square.mp4	iguodala_a_dunk_sqdap_bosvphi_jan_13_2006_square.xml
570	0020500516_39	vertical	iguodala a dunk verdap bosvphi jan 13 2006	17004	nba/iguodala_a_dunk_verdap_bosvphi_jan_13_2006_vertical_9x16.mp4	iguodala_a_dunk_verdap_bosvphi_jan_13_2006_vertical_9x16.xml
571	0020500516_39	square	iguodala a dunk sqdap bosvphi jan 13 2006	7007	nba/iguodala_a_dunk_sqdap_bosvphi_jan_13_2006_square.mp4	iguodala_a_dunk_sqdap_bosvphi_jan_13_2006_square.xml
572	0020500516_39	vertical	iguodala a dunk verdap bosvphi jan 13 2006	17004	nba/iguodala_a_dunk_verdap_bosvphi_jan_13_2006_vertical_9x16.mp4	iguodala_a_dunk_verdap_bosvphi_jan_13_2006_vertical_9x16.xml
573	0020500516_591	square	korver k 3 bosvphi sqdap TEST jan 13 2006	40021	nba/korver_k_3_bosvphi_sqdap_TEST_jan_13_2006_square.mp4	korver_k_3_bosvphi_sqdap_TEST_jan_13_2006_square.xml
574	0020500516_591	square	korver k 3 bosvphi sqdap jan 13 2006	40021	nba/korver_k_3_bosvphi_sqdap_jan_13_2006_square.mp4	korver_k_3_bosvphi_sqdap_jan_13_2006_square.xml
575	0020500516_591	vertical	korver k 3 bosvphi verdap TEST jan 13 2006	40021	nba/korver_k_3_bosvphi_verdap_TEST_jan_13_2006_vertical_9x16.mp4	korver_k_3_bosvphi_verdap_TEST_jan_13_2006_vertical_9x16.xml
576	0020500516_591	vertical	korver k 3 bosvphi verdap jan 13 2006	40021	nba/korver_k_3_bosvphi_verdap_jan_13_2006_vertical_9x16.mp4	korver_k_3_bosvphi_verdap_jan_13_2006_vertical_9x16.xml
577	0020500516_591	square	korver k 3 bosvphi sqdap TEST jan 13 2006	40021	nba/korver_k_3_bosvphi_sqdap_TEST_jan_13_2006_square.mp4	korver_k_3_bosvphi_sqdap_TEST_jan_13_2006_square.xml
578	0020500516_591	square	korver k 3 bosvphi sqdap jan 13 2006	40021	nba/korver_k_3_bosvphi_sqdap_jan_13_2006_square.mp4	korver_k_3_bosvphi_sqdap_jan_13_2006_square.xml
579	0020500516_591	vertical	korver k 3 bosvphi verdap TEST jan 13 2006	40021	nba/korver_k_3_bosvphi_verdap_TEST_jan_13_2006_vertical_9x16.mp4	korver_k_3_bosvphi_verdap_TEST_jan_13_2006_vertical_9x16.xml
580	0020500516_591	vertical	korver k 3 bosvphi verdap jan 13 2006	40021	nba/korver_k_3_bosvphi_verdap_jan_13_2006_vertical_9x16.mp4	korver_k_3_bosvphi_verdap_jan_13_2006_vertical_9x16.xml
581	0020500533_364	square	bosh c dunk sqdap nykvtor jan 15 2006	7978	nba/bosh_c_dunk_sqdap_nykvtor_jan_15_2006_square.mp4	bosh_c_dunk_sqdap_nykvtor_jan_15_2006_square.xml
582	0020500533_364	vertical	bosh c dunk verdap nykvtor jan 15 2006	17979	nba/bosh_c_dunk_verdap_nykvtor_jan_15_2006_vertical_9x16.mp4	bosh_c_dunk_verdap_nykvtor_jan_15_2006_vertical_9x16.xml
583	0020500533_364	square	bosh c dunk sqdap nykvtor jan 15 2006	7978	nba/bosh_c_dunk_sqdap_nykvtor_jan_15_2006_square.mp4	bosh_c_dunk_sqdap_nykvtor_jan_15_2006_square.xml
584	0020500533_364	vertical	bosh c dunk verdap nykvtor jan 15 2006	17979	nba/bosh_c_dunk_verdap_nykvtor_jan_15_2006_vertical_9x16.mp4	bosh_c_dunk_verdap_nykvtor_jan_15_2006_vertical_9x16.xml
585	0020500538_261	square	wallace g block nokvcha sqdap TEST jan 16 2006	31981	nba/wallace_g_block_nokvcha_sqdap_TEST_jan_16_2006_square.mp4	wallace_g_block_nokvcha_sqdap_TEST_jan_16_2006_square.xml
586	0020500538_261	square	wallace g block nokvcha sqdap jan 16 2006	31981	nba/wallace_g_block_nokvcha_sqdap_jan_16_2006_square.mp4	wallace_g_block_nokvcha_sqdap_jan_16_2006_square.xml
587	0020500538_261	vertical	wallace g block nokvcha verdap TEST jan 16 2006	31981	nba/wallace_g_block_nokvcha_verdap_TEST_jan_16_2006_vertical_9x16.mp4	wallace_g_block_nokvcha_verdap_TEST_jan_16_2006_vertical_9x16.xml
588	0020500538_261	vertical	wallace g block nokvcha verdap jan 16 2006	31981	nba/wallace_g_block_nokvcha_verdap_jan_16_2006_vertical_9x16.mp4	wallace_g_block_nokvcha_verdap_jan_16_2006_vertical_9x16.xml
589	0020500538_261	square	wallace g block nokvcha sqdap TEST jan 16 2006	31981	nba/wallace_g_block_nokvcha_sqdap_TEST_jan_16_2006_square.mp4	wallace_g_block_nokvcha_sqdap_TEST_jan_16_2006_square.xml
590	0020500538_261	square	wallace g block nokvcha sqdap jan 16 2006	31981	nba/wallace_g_block_nokvcha_sqdap_jan_16_2006_square.mp4	wallace_g_block_nokvcha_sqdap_jan_16_2006_square.xml
591	0020500538_261	vertical	wallace g block nokvcha verdap TEST jan 16 2006	31981	nba/wallace_g_block_nokvcha_verdap_TEST_jan_16_2006_vertical_9x16.mp4	wallace_g_block_nokvcha_verdap_TEST_jan_16_2006_vertical_9x16.xml
592	0020500538_261	vertical	wallace g block nokvcha verdap jan 16 2006	31981	nba/wallace_g_block_nokvcha_verdap_jan_16_2006_vertical_9x16.mp4	wallace_g_block_nokvcha_verdap_jan_16_2006_vertical_9x16.xml
593	0020500566_64	square	harrington a asst milvatl sqdap TEST jan 20 2006	12997	nba/harrington_a_asst_milvatl_sqdap_TEST_jan_20_2006_square.mp4	harrington_a_asst_milvatl_sqdap_TEST_jan_20_2006_square.xml
594	0020500566_64	square	harrington a asst milvatl sqdap jan 20 2006	12997	nba/harrington_a_asst_milvatl_sqdap_jan_20_2006_square.mp4	harrington_a_asst_milvatl_sqdap_jan_20_2006_square.xml
595	0020500566_64	vertical	harrington a asst milvatl verdap TEST jan 20 2006	12997	nba/harrington_a_asst_milvatl_verdap_TEST_jan_20_2006_vertical_9x16.mp4	harrington_a_asst_milvatl_verdap_TEST_jan_20_2006_vertical_9x16.xml
596	0020500566_64	vertical	harrington a asst milvatl verdap jan 20 2006	12997	nba/harrington_a_asst_milvatl_verdap_jan_20_2006_vertical_9x16.mp4	harrington_a_asst_milvatl_verdap_jan_20_2006_vertical_9x16.xml
597	0020500566_64	square	harrington a asst milvatl sqdap TEST jan 20 2006	12997	nba/harrington_a_asst_milvatl_sqdap_TEST_jan_20_2006_square.mp4	harrington_a_asst_milvatl_sqdap_TEST_jan_20_2006_square.xml
598	0020500566_64	square	harrington a asst milvatl sqdap jan 20 2006	12997	nba/harrington_a_asst_milvatl_sqdap_jan_20_2006_square.mp4	harrington_a_asst_milvatl_sqdap_jan_20_2006_square.xml
599	0020500566_64	vertical	harrington a asst milvatl verdap TEST jan 20 2006	12997	nba/harrington_a_asst_milvatl_verdap_TEST_jan_20_2006_vertical_9x16.mp4	harrington_a_asst_milvatl_verdap_TEST_jan_20_2006_vertical_9x16.xml
600	0020500566_64	vertical	harrington a asst milvatl verdap jan 20 2006	12997	nba/harrington_a_asst_milvatl_verdap_jan_20_2006_vertical_9x16.mp4	harrington_a_asst_milvatl_verdap_jan_20_2006_vertical_9x16.xml
601	0020500612_142	square	lewis r dunk sqdap seavuta jan 25 2006	7007	nba/lewis_r_dunk_sqdap_seavuta_jan_25_2006_square.mp4	lewis_r_dunk_sqdap_seavuta_jan_25_2006_square.xml
602	0020500612_142	vertical	lewis r dunk verdap seavuta jan 25 2006	17009	nba/lewis_r_dunk_verdap_seavuta_jan_25_2006_vertical_9x16.mp4	lewis_r_dunk_verdap_seavuta_jan_25_2006_vertical_9x16.xml
603	0020500612_142	square	lewis r dunk sqdap seavuta jan 25 2006	7007	nba/lewis_r_dunk_sqdap_seavuta_jan_25_2006_square.mp4	lewis_r_dunk_sqdap_seavuta_jan_25_2006_square.xml
604	0020500612_142	vertical	lewis r dunk verdap seavuta jan 25 2006	17009	nba/lewis_r_dunk_verdap_seavuta_jan_25_2006_vertical_9x16.mp4	lewis_r_dunk_verdap_seavuta_jan_25_2006_vertical_9x16.xml
605	0020500704_456	square	garnett k block sqdap minvpho feb 06 2006	7007	nba/garnett_k_block_sqdap_minvpho_feb_06_2006_square.mp4	garnett_k_block_sqdap_minvpho_feb_06_2006_square.xml
606	0020500704_456	vertical	garnett k block verdap minvpho feb 06 2006	17008	nba/garnett_k_block_verdap_minvpho_feb_06_2006_vertical_9x16.mp4	garnett_k_block_verdap_minvpho_feb_06_2006_vertical_9x16.xml
607	0020500704_456	square	garnett k block sqdap minvpho feb 06 2006	7007	nba/garnett_k_block_sqdap_minvpho_feb_06_2006_square.mp4	garnett_k_block_sqdap_minvpho_feb_06_2006_square.xml
608	0020500704_456	vertical	garnett k block verdap minvpho feb 06 2006	17008	nba/garnett_k_block_verdap_minvpho_feb_06_2006_vertical_9x16.mp4	garnett_k_block_verdap_minvpho_feb_06_2006_vertical_9x16.xml
609	0020500897_476	square	jones d 3 clevtor sqdap TEST mar 8 2006	201012	nba/jones_d_3_clevtor_sqdap_TEST_mar_8_2006_square.mp4	jones_d_3_clevtor_sqdap_TEST_mar_8_2006_square.xml
610	0020500897_476	square	jones d 3 clevtor sqdap mar 8 2006	201012	nba/jones_d_3_clevtor_sqdap_mar_8_2006_square.mp4	jones_d_3_clevtor_sqdap_mar_8_2006_square.xml
611	0020500897_476	vertical	jones d 3 clevtor verdap mar 8 2006	201012	nba/jones_d_3_clevtor_verdap_mar_8_2006_vertical_9x16.mp4	jones_d_3_clevtor_verdap_mar_8_2006_vertical_9x16.xml
612	0020500897_476	square	jones d 3 clevtor sqdap TEST mar 8 2006	201012	nba/jones_d_3_clevtor_sqdap_TEST_mar_8_2006_square.mp4	jones_d_3_clevtor_sqdap_TEST_mar_8_2006_square.xml
613	0020500897_476	square	jones d 3 clevtor sqdap mar 8 2006	201012	nba/jones_d_3_clevtor_sqdap_mar_8_2006_square.mp4	jones_d_3_clevtor_sqdap_mar_8_2006_square.xml
614	0020500897_476	vertical	jones d 3 clevtor verdap mar 8 2006	201012	nba/jones_d_3_clevtor_verdap_mar_8_2006_vertical_9x16.mp4	jones_d_3_clevtor_verdap_mar_8_2006_vertical_9x16.xml
615	0020500913_418	vertical	richardson j 360 verdap gswvmia mar 10 2006	17008	nba/richardson_j_360_verdap_gswvmia_mar_10_2006_vertical_9x16.mp4	richardson_j_360_verdap_gswvmia_mar_10_2006_vertical_9x16.xml
616	0020500913_418	vertical	richardson j 360 verdap gswvmia mar 10 2006	17008	nba/richardson_j_360_verdap_gswvmia_mar_10_2006_vertical_9x16.mp4	richardson_j_360_verdap_gswvmia_mar_10_2006_vertical_9x16.xml
617	0020500916_297	square	ginobili m layup lalvsan sqdap TEST mar 10 2006	56989	nba/ginobili_m_layup_lalvsan_sqdap_TEST_mar_10_2006_square.mp4	ginobili_m_layup_lalvsan_sqdap_TEST_mar_10_2006_square.xml
618	0020500916_297	vertical	ginobili m layup lalvsan verdap TEST mar 10 2006	56989	nba/ginobili_m_layup_lalvsan_verdap_TEST_mar_10_2006_vertical_9x16.mp4	ginobili_m_layup_lalvsan_verdap_TEST_mar_10_2006_vertical_9x16.xml
619	0020500916_297	square	ginobili m layup lalvsan sqdap TEST mar 10 2006	56989	nba/ginobili_m_layup_lalvsan_sqdap_TEST_mar_10_2006_square.mp4	ginobili_m_layup_lalvsan_sqdap_TEST_mar_10_2006_square.xml
620	0020500916_297	vertical	ginobili m layup lalvsan verdap TEST mar 10 2006	56989	nba/ginobili_m_layup_lalvsan_verdap_TEST_mar_10_2006_vertical_9x16.mp4	ginobili_m_layup_lalvsan_verdap_TEST_mar_10_2006_vertical_9x16.xml
621	0020500945_25	square	chandler t dunk porvchi sqdap TEST mar 14 2006	46006	nba/chandler_t_dunk_porvchi_sqdap_TEST_mar_14_2006_square.mp4	chandler_t_dunk_porvchi_sqdap_TEST_mar_14_2006_square.xml
622	0020500945_25	square	chandler t dunk porvchi sqdap mar 14 2006	46006	nba/chandler_t_dunk_porvchi_sqdap_mar_14_2006_square.mp4	chandler_t_dunk_porvchi_sqdap_mar_14_2006_square.xml
623	0020500945_25	vertical	chandler t dunk porvchi verdap TEST mar 14 2006	46006	nba/chandler_t_dunk_porvchi_verdap_TEST_mar_14_2006_vertical_9x16.mp4	chandler_t_dunk_porvchi_verdap_TEST_mar_14_2006_vertical_9x16.xml
624	0020500945_25	vertical	chandler t dunk porvchi verdap mar 14 2006	46006	nba/chandler_t_dunk_porvchi_verdap_mar_14_2006_vertical_9x16.mp4	chandler_t_dunk_porvchi_verdap_mar_14_2006_vertical_9x16.xml
625	0020500945_25	square	chandler t dunk porvchi sqdap TEST mar 14 2006	46006	nba/chandler_t_dunk_porvchi_sqdap_TEST_mar_14_2006_square.mp4	chandler_t_dunk_porvchi_sqdap_TEST_mar_14_2006_square.xml
626	0020500945_25	square	chandler t dunk porvchi sqdap mar 14 2006	46006	nba/chandler_t_dunk_porvchi_sqdap_mar_14_2006_square.mp4	chandler_t_dunk_porvchi_sqdap_mar_14_2006_square.xml
627	0020500945_25	vertical	chandler t dunk porvchi verdap TEST mar 14 2006	46006	nba/chandler_t_dunk_porvchi_verdap_TEST_mar_14_2006_vertical_9x16.mp4	chandler_t_dunk_porvchi_verdap_TEST_mar_14_2006_vertical_9x16.xml
628	0020500945_25	vertical	chandler t dunk porvchi verdap mar 14 2006	46006	nba/chandler_t_dunk_porvchi_verdap_mar_14_2006_vertical_9x16.mp4	chandler_t_dunk_porvchi_verdap_mar_14_2006_vertical_9x16.xml
629	0020500966_234	square	howard d dunk bosvorl sqdap TEST mar 17 2006	35007	nba/howard_d_dunk_bosvorl_sqdap_TEST_mar_17_2006_square.mp4	howard_d_dunk_bosvorl_sqdap_TEST_mar_17_2006_square.xml
630	0020500966_234	square	howard d dunk bosvorl sqdap mar 17 2006	35007	nba/howard_d_dunk_bosvorl_sqdap_mar_17_2006_square.mp4	howard_d_dunk_bosvorl_sqdap_mar_17_2006_square.xml
631	0020500966_234	vertical	howard d dunk bosvorl verdap TEST mar 17 2006	35007	nba/howard_d_dunk_bosvorl_verdap_TEST_mar_17_2006_vertical_9x16.mp4	howard_d_dunk_bosvorl_verdap_TEST_mar_17_2006_vertical_9x16.xml
632	0020500966_234	vertical	howard d dunk bosvorl verdap mar 17 2006	35007	nba/howard_d_dunk_bosvorl_verdap_mar_17_2006_vertical_9x16.mp4	howard_d_dunk_bosvorl_verdap_mar_17_2006_vertical_9x16.xml
633	0020500966_234	square	howard d dunk bosvorl sqdap TEST mar 17 2006	35007	nba/howard_d_dunk_bosvorl_sqdap_TEST_mar_17_2006_square.mp4	howard_d_dunk_bosvorl_sqdap_TEST_mar_17_2006_square.xml
634	0020500966_234	square	howard d dunk bosvorl sqdap mar 17 2006	35007	nba/howard_d_dunk_bosvorl_sqdap_mar_17_2006_square.mp4	howard_d_dunk_bosvorl_sqdap_mar_17_2006_square.xml
635	0020500966_234	vertical	howard d dunk bosvorl verdap TEST mar 17 2006	35007	nba/howard_d_dunk_bosvorl_verdap_TEST_mar_17_2006_vertical_9x16.mp4	howard_d_dunk_bosvorl_verdap_TEST_mar_17_2006_vertical_9x16.xml
636	0020500966_234	vertical	howard d dunk bosvorl verdap mar 17 2006	35007	nba/howard_d_dunk_bosvorl_verdap_mar_17_2006_vertical_9x16.mp4	howard_d_dunk_bosvorl_verdap_mar_17_2006_vertical_9x16.xml
637	0020500972_351	square	mohammed n dunk phxvsas sqdap TEST mar 17 2006	15980	nba/mohammed_n_dunk_phxvsas_sqdap_TEST_mar_17_2006_square.mp4	mohammed_n_dunk_phxvsas_sqdap_TEST_mar_17_2006_square.xml
638	0020500972_351	square	mohammed n dunk phxvsas sqdap mar 17 2006	15980	nba/mohammed_n_dunk_phxvsas_sqdap_mar_17_2006_square.mp4	mohammed_n_dunk_phxvsas_sqdap_mar_17_2006_square.xml
639	0020500972_351	vertical	mohammed n dunk phxvsas verdap TEST mar 17 2006	15980	nba/mohammed_n_dunk_phxvsas_verdap_TEST_mar_17_2006_vertical_9x16.mp4	mohammed_n_dunk_phxvsas_verdap_TEST_mar_17_2006_vertical_9x16.xml
640	0020500972_351	vertical	mohammed n dunk phxvsas verdap mar 17 2006	15980	nba/mohammed_n_dunk_phxvsas_verdap_mar_17_2006_vertical_9x16.mp4	mohammed_n_dunk_phxvsas_verdap_mar_17_2006_vertical_9x16.xml
641	0020500972_351	square	mohammed n dunk phxvsas sqdap TEST mar 17 2006	15980	nba/mohammed_n_dunk_phxvsas_sqdap_TEST_mar_17_2006_square.mp4	mohammed_n_dunk_phxvsas_sqdap_TEST_mar_17_2006_square.xml
642	0020500972_351	square	mohammed n dunk phxvsas sqdap mar 17 2006	15980	nba/mohammed_n_dunk_phxvsas_sqdap_mar_17_2006_square.mp4	mohammed_n_dunk_phxvsas_sqdap_mar_17_2006_square.xml
643	0020500972_351	vertical	mohammed n dunk phxvsas verdap TEST mar 17 2006	15980	nba/mohammed_n_dunk_phxvsas_verdap_TEST_mar_17_2006_vertical_9x16.mp4	mohammed_n_dunk_phxvsas_verdap_TEST_mar_17_2006_vertical_9x16.xml
644	0020500972_351	vertical	mohammed n dunk phxvsas verdap mar 17 2006	15980	nba/mohammed_n_dunk_phxvsas_verdap_mar_17_2006_vertical_9x16.mp4	mohammed_n_dunk_phxvsas_verdap_mar_17_2006_vertical_9x16.xml
645	0020500978_82	square	swift s dunk sanvhou sqdap TEST mar 18 2006	29982	nba/swift_s_dunk_sanvhou_sqdap_TEST_mar_18_2006_square.mp4	swift_s_dunk_sanvhou_sqdap_TEST_mar_18_2006_square.xml
646	0020500978_82	vertical	swift s dunk sanvhou verdap TEST mar 18 2006	29982	nba/swift_s_dunk_sanvhou_verdap_TEST_mar_18_2006_vertical_9x16.mp4	swift_s_dunk_sanvhou_verdap_TEST_mar_18_2006_vertical_9x16.xml
647	0020500978_82	square	swift s dunk sanvhou sqdap TEST mar 18 2006	29982	nba/swift_s_dunk_sanvhou_sqdap_TEST_mar_18_2006_square.mp4	swift_s_dunk_sanvhou_sqdap_TEST_mar_18_2006_square.xml
648	0020500978_82	vertical	swift s dunk sanvhou verdap TEST mar 18 2006	29982	nba/swift_s_dunk_sanvhou_verdap_TEST_mar_18_2006_vertical_9x16.mp4	swift_s_dunk_sanvhou_verdap_TEST_mar_18_2006_vertical_9x16.xml
649	0020500979_91	square	kidd j alleyoop sqdap dalvnjn mar 03 2006	7007	nba/kidd_j_alleyoop_sqdap_dalvnjn_mar_03_2006_square.mp4	kidd_j_alleyoop_sqdap_dalvnjn_mar_03_2006_square.xml
650	0020500979_91	square	kidd j alleyoop sqdap dalvnjn mar 03 2006	7007	nba/kidd_j_alleyoop_sqdap_dalvnjn_mar_03_2006_square.mp4	kidd_j_alleyoop_sqdap_dalvnjn_mar_03_2006_square.xml
651	0020500985_291	square	kirilenko a assist sqdap utavmem mar 19 2006	7007	nba/kirilenko_a_assist_sqdap_utavmem_mar_19_2006_square.mp4	kirilenko_a_assist_sqdap_utavmem_mar_19_2006_square.xml
652	0020500985_291	vertical	kirilenko a assist verdap utavmem mar 19 2006	17009	nba/kirilenko_a_assist_verdap_utavmem_mar_19_2006_vertical_9x16.mp4	kirilenko_a_assist_verdap_utavmem_mar_19_2006_vertical_9x16.xml
653	0020500985_291	square	kirilenko a assist sqdap utavmem mar 19 2006	7007	nba/kirilenko_a_assist_sqdap_utavmem_mar_19_2006_square.mp4	kirilenko_a_assist_sqdap_utavmem_mar_19_2006_square.xml
654	0020500985_291	vertical	kirilenko a assist verdap utavmem mar 19 2006	17009	nba/kirilenko_a_assist_verdap_utavmem_mar_19_2006_vertical_9x16.mp4	kirilenko_a_assist_verdap_utavmem_mar_19_2006_vertical_9x16.xml
655	0020501008_183	square	martin k dunk sasvden sqdap TEST mar 22 2006	18019	nba/martin_k_dunk_sasvden_sqdap_TEST_mar_22_2006_square.mp4	martin_k_dunk_sasvden_sqdap_TEST_mar_22_2006_square.xml
656	0020501008_183	square	martin k dunk sasvden sqdap mar 22 2006	18019	nba/martin_k_dunk_sasvden_sqdap_mar_22_2006_square.mp4	martin_k_dunk_sasvden_sqdap_mar_22_2006_square.xml
657	0020501008_183	vertical	martin k dunk sasvden verdap TEST mar 22 2006	18019	nba/martin_k_dunk_sasvden_verdap_TEST_mar_22_2006_vertical_9x16.mp4	martin_k_dunk_sasvden_verdap_TEST_mar_22_2006_vertical_9x16.xml
658	0020501008_183	vertical	martin k dunk sasvden verdap mar 22 2006	18019	nba/martin_k_dunk_sasvden_verdap_mar_22_2006_vertical_9x16.mp4	martin_k_dunk_sasvden_verdap_mar_22_2006_vertical_9x16.xml
659	0020501008_183	square	martin k dunk sasvden sqdap TEST mar 22 2006	18019	nba/martin_k_dunk_sasvden_sqdap_TEST_mar_22_2006_square.mp4	martin_k_dunk_sasvden_sqdap_TEST_mar_22_2006_square.xml
660	0020501008_183	square	martin k dunk sasvden sqdap mar 22 2006	18019	nba/martin_k_dunk_sasvden_sqdap_mar_22_2006_square.mp4	martin_k_dunk_sasvden_sqdap_mar_22_2006_square.xml
661	0020501008_183	vertical	martin k dunk sasvden verdap TEST mar 22 2006	18019	nba/martin_k_dunk_sasvden_verdap_TEST_mar_22_2006_vertical_9x16.mp4	martin_k_dunk_sasvden_verdap_TEST_mar_22_2006_vertical_9x16.xml
662	0020501008_183	vertical	martin k dunk sasvden verdap mar 22 2006	18019	nba/martin_k_dunk_sasvden_verdap_mar_22_2006_vertical_9x16.mp4	martin_k_dunk_sasvden_verdap_mar_22_2006_vertical_9x16.xml
663	0020501030_407	square	marion s dunk sqdap denvpho mar 25 2006	7002	nba/marion_s_dunk_sqdap_denvpho_mar_25_2006_square.mp4	marion_s_dunk_sqdap_denvpho_mar_25_2006_square.xml
664	0020501030_407	vertical	marion s dunk verdap denvpho mar 25 2006	17003	nba/marion_s_dunk_verdap_denvpho_mar_25_2006_vertical_9x16.mp4	marion_s_dunk_verdap_denvpho_mar_25_2006_vertical_9x16.xml
665	0020501030_407	square	marion s dunk sqdap denvpho mar 25 2006	7002	nba/marion_s_dunk_sqdap_denvpho_mar_25_2006_square.mp4	marion_s_dunk_sqdap_denvpho_mar_25_2006_square.xml
666	0020501030_407	vertical	marion s dunk verdap denvpho mar 25 2006	17003	nba/marion_s_dunk_verdap_denvpho_mar_25_2006_vertical_9x16.mp4	marion_s_dunk_verdap_denvpho_mar_25_2006_vertical_9x16.xml
667	0020501031_340	square	pierce p 3 chivbos sqdap TEST mar 26 2006	23013	nba/pierce_p_3_chivbos_sqdap_TEST_mar_26_2006_square.mp4	pierce_p_3_chivbos_sqdap_TEST_mar_26_2006_square.xml
668	0020501031_340	square	pierce p 3 chivbos sqdap mar 26 2006	23013	nba/pierce_p_3_chivbos_sqdap_mar_26_2006_square.mp4	pierce_p_3_chivbos_sqdap_mar_26_2006_square.xml
669	0020501031_340	vertical	pierce p 3 chivbos verdap mar 26 2006	23013	nba/pierce_p_3_chivbos_verdap_mar_26_2006_vertical_9x16.mp4	pierce_p_3_chivbos_verdap_mar_26_2006_vertical_9x16.xml
670	0020501031_340	square	pierce p 3 chivbos sqdap TEST mar 26 2006	23013	nba/pierce_p_3_chivbos_sqdap_TEST_mar_26_2006_square.mp4	pierce_p_3_chivbos_sqdap_TEST_mar_26_2006_square.xml
671	0020501031_340	square	pierce p 3 chivbos sqdap mar 26 2006	23013	nba/pierce_p_3_chivbos_sqdap_mar_26_2006_square.mp4	pierce_p_3_chivbos_sqdap_mar_26_2006_square.xml
672	0020501031_340	vertical	pierce p 3 chivbos verdap mar 26 2006	23013	nba/pierce_p_3_chivbos_verdap_mar_26_2006_vertical_9x16.mp4	pierce_p_3_chivbos_verdap_mar_26_2006_vertical_9x16.xml
673	0020501032_413	square	iguodala a TEST dunk sqdap phivind mar 26 2006	7977	nba/iguodala_a_TEST_dunk_sqdap_phivind_mar_26_2006_square.mp4	iguodala_a_TEST_dunk_sqdap_phivind_mar_26_2006_square.xml
674	0020501032_413	vertical	iguodala a TEST dunk verdap phivind mar 26 2006	17977	nba/iguodala_a_TEST_dunk_verdap_phivind_mar_26_2006_vertical_9x16.mp4	iguodala_a_TEST_dunk_verdap_phivind_mar_26_2006_vertical_9x16.xml
675	0020501032_413	square	iguodala a dunk sqdap phivind mar 26 2006	7000	nba/iguodala_a_dunk_sqdap_phivind_mar_26_2006_square.mp4	iguodala_a_dunk_sqdap_phivind_mar_26_2006_square.xml
676	0020501032_413	vertical	iguodala a dunk verdap phivind mar 26 2006	17000	nba/iguodala_a_dunk_verdap_phivind_mar_26_2006_vertical_9x16.mp4	iguodala_a_dunk_verdap_phivind_mar_26_2006_vertical_9x16.xml
677	0020501032_413	square	iguodala a TEST dunk sqdap phivind mar 26 2006	7977	nba/iguodala_a_TEST_dunk_sqdap_phivind_mar_26_2006_square.mp4	iguodala_a_TEST_dunk_sqdap_phivind_mar_26_2006_square.xml
678	0020501032_413	vertical	iguodala a TEST dunk verdap phivind mar 26 2006	17977	nba/iguodala_a_TEST_dunk_verdap_phivind_mar_26_2006_vertical_9x16.mp4	iguodala_a_TEST_dunk_verdap_phivind_mar_26_2006_vertical_9x16.xml
679	0020501032_413	square	iguodala a dunk sqdap phivind mar 26 2006	7000	nba/iguodala_a_dunk_sqdap_phivind_mar_26_2006_square.mp4	iguodala_a_dunk_sqdap_phivind_mar_26_2006_square.xml
680	0020501032_413	vertical	iguodala a dunk verdap phivind mar 26 2006	17000	nba/iguodala_a_dunk_verdap_phivind_mar_26_2006_vertical_9x16.mp4	iguodala_a_dunk_verdap_phivind_mar_26_2006_vertical_9x16.xml
681	0020501038_38	square	howard d dunk atlvorl sqdap TEST mar 26 2006	16996	nba/howard_d_dunk_atlvorl_sqdap_TEST_mar_26_2006_square.mp4	howard_d_dunk_atlvorl_sqdap_TEST_mar_26_2006_square.xml
682	0020501038_38	square	howard d dunk atlvorl sqdap mar 26 2006	16996	nba/howard_d_dunk_atlvorl_sqdap_mar_26_2006_square.mp4	howard_d_dunk_atlvorl_sqdap_mar_26_2006_square.xml
683	0020501038_38	vertical	howard d dunk atlvorl verdap TEST mar 26 2006	16996	nba/howard_d_dunk_atlvorl_verdap_TEST_mar_26_2006_vertical_9x16.mp4	howard_d_dunk_atlvorl_verdap_TEST_mar_26_2006_vertical_9x16.xml
684	0020501038_38	vertical	howard d dunk atlvorl verdap mar 26 2006	16996	nba/howard_d_dunk_atlvorl_verdap_mar_26_2006_vertical_9x16.mp4	howard_d_dunk_atlvorl_verdap_mar_26_2006_vertical_9x16.xml
685	0020501038_38	square	howard d dunk atlvorl sqdap TEST mar 26 2006	16996	nba/howard_d_dunk_atlvorl_sqdap_TEST_mar_26_2006_square.mp4	howard_d_dunk_atlvorl_sqdap_TEST_mar_26_2006_square.xml
686	0020501038_38	square	howard d dunk atlvorl sqdap mar 26 2006	16996	nba/howard_d_dunk_atlvorl_sqdap_mar_26_2006_square.mp4	howard_d_dunk_atlvorl_sqdap_mar_26_2006_square.xml
687	0020501038_38	vertical	howard d dunk atlvorl verdap TEST mar 26 2006	16996	nba/howard_d_dunk_atlvorl_verdap_TEST_mar_26_2006_vertical_9x16.mp4	howard_d_dunk_atlvorl_verdap_TEST_mar_26_2006_vertical_9x16.xml
688	0020501038_38	vertical	howard d dunk atlvorl verdap mar 26 2006	16996	nba/howard_d_dunk_atlvorl_verdap_mar_26_2006_vertical_9x16.mp4	howard_d_dunk_atlvorl_verdap_mar_26_2006_vertical_9x16.xml
689	0020501070_56	square	marbury s TEST assist sqdap phivnyk mar 31 2006	7007	nba/marbury_s_TEST_assist_sqdap_phivnyk_mar_31_2006_square.mp4	marbury_s_TEST_assist_sqdap_phivnyk_mar_31_2006_square.xml
690	0020501070_56	vertical	marbury s TEST assist verdap phivnyk mar 31 2006	17007	nba/marbury_s_TEST_assist_verdap_phivnyk_mar_31_2006_vertical_9x16.mp4	marbury_s_TEST_assist_verdap_phivnyk_mar_31_2006_vertical_9x16.xml
691	0020501070_56	square	marbury s assist sqdap phivnyk mar 31 2006	7000	nba/marbury_s_assist_sqdap_phivnyk_mar_31_2006_square.mp4	marbury_s_assist_sqdap_phivnyk_mar_31_2006_square.xml
692	0020501070_56	vertical	marbury s assist verdap phivnyk mar 31 2006	17000	nba/marbury_s_assist_verdap_phivnyk_mar_31_2006_vertical_9x16.mp4	marbury_s_assist_verdap_phivnyk_mar_31_2006_vertical_9x16.xml
693	0020501070_56	square	marbury s TEST assist sqdap phivnyk mar 31 2006	7007	nba/marbury_s_TEST_assist_sqdap_phivnyk_mar_31_2006_square.mp4	marbury_s_TEST_assist_sqdap_phivnyk_mar_31_2006_square.xml
694	0020501070_56	vertical	marbury s TEST assist verdap phivnyk mar 31 2006	17007	nba/marbury_s_TEST_assist_verdap_phivnyk_mar_31_2006_vertical_9x16.mp4	marbury_s_TEST_assist_verdap_phivnyk_mar_31_2006_vertical_9x16.xml
695	0020501070_56	square	marbury s assist sqdap phivnyk mar 31 2006	7000	nba/marbury_s_assist_sqdap_phivnyk_mar_31_2006_square.mp4	marbury_s_assist_sqdap_phivnyk_mar_31_2006_square.xml
696	0020501070_56	vertical	marbury s assist verdap phivnyk mar 31 2006	17000	nba/marbury_s_assist_verdap_phivnyk_mar_31_2006_vertical_9x16.mp4	marbury_s_assist_verdap_phivnyk_mar_31_2006_vertical_9x16.xml
697	0020501209_224	square	camby m dunk houvden sqdap TEST apr 17 2006	28990	nba/camby_m_dunk_houvden_sqdap_TEST_apr_17_2006_square.mp4	camby_m_dunk_houvden_sqdap_TEST_apr_17_2006_square.xml
698	0020501209_224	square	camby m dunk houvden sqdap apr 17 2006	28990	nba/camby_m_dunk_houvden_sqdap_apr_17_2006_square.mp4	camby_m_dunk_houvden_sqdap_apr_17_2006_square.xml
699	0020501209_224	vertical	camby m dunk houvden verdap TEST apr 17 2006	28990	nba/camby_m_dunk_houvden_verdap_TEST_apr_17_2006_vertical_9x16.mp4	camby_m_dunk_houvden_verdap_TEST_apr_17_2006_vertical_9x16.xml
700	0020501209_224	vertical	camby m dunk houvden verdap apr 17 2006	28990	nba/camby_m_dunk_houvden_verdap_apr_17_2006_vertical_9x16.mp4	camby_m_dunk_houvden_verdap_apr_17_2006_vertical_9x16.xml
701	0020501209_224	square	camby m dunk houvden sqdap TEST apr 17 2006	28990	nba/camby_m_dunk_houvden_sqdap_TEST_apr_17_2006_square.mp4	camby_m_dunk_houvden_sqdap_TEST_apr_17_2006_square.xml
702	0020501209_224	square	camby m dunk houvden sqdap apr 17 2006	28990	nba/camby_m_dunk_houvden_sqdap_apr_17_2006_square.mp4	camby_m_dunk_houvden_sqdap_apr_17_2006_square.xml
703	0020501209_224	vertical	camby m dunk houvden verdap TEST apr 17 2006	28990	nba/camby_m_dunk_houvden_verdap_TEST_apr_17_2006_vertical_9x16.mp4	camby_m_dunk_houvden_verdap_TEST_apr_17_2006_vertical_9x16.xml
704	0020501209_224	vertical	camby m dunk houvden verdap apr 17 2006	28990	nba/camby_m_dunk_houvden_verdap_apr_17_2006_vertical_9x16.mp4	camby_m_dunk_houvden_verdap_apr_17_2006_vertical_9x16.xml
705	0021300057_26	square	mcgee j block sasvden sqdap nov 5 2013	19009	nba/mcgee_j_block_sasvden_sqdap_nov_5_2013_square.mp4	mcgee_j_block_sasvden_sqdap_nov_5_2013_square.xml
706	0021300057_26	vertical	mcgee j block sasvden verdap nov 5 2013	19009	nba/mcgee_j_block_sasvden_verdap_nov_5_2013_vertical_9x16.mp4	mcgee_j_block_sasvden_verdap_nov_5_2013_vertical_9x16.xml
707	0021300057_26	square	mcgee j block sasvden sqdap nov 5 2013	19009	nba/mcgee_j_block_sasvden_sqdap_nov_5_2013_square.mp4	mcgee_j_block_sasvden_sqdap_nov_5_2013_square.xml
708	0021300057_26	vertical	mcgee j block sasvden verdap nov 5 2013	19009	nba/mcgee_j_block_sasvden_verdap_nov_5_2013_vertical_9x16.mp4	mcgee_j_block_sasvden_verdap_nov_5_2013_vertical_9x16.xml
709	0021300382_26	square	iguodala a dunk sqdap sasvgsw dec 19 2013	7007	nba/iguodala_a_dunk_sqdap_sasvgsw_dec_19_2013_square.mp4	iguodala_a_dunk_sqdap_sasvgsw_dec_19_2013_square.xml
710	0021300382_26	vertical	iguodala a dunk verdap sasvgsw dec 19 2013	17007	nba/iguodala_a_dunk_verdap_sasvgsw_dec_19_2013_vertical_9x16.mp4	iguodala_a_dunk_verdap_sasvgsw_dec_19_2013_vertical_9x16.xml
711	0021300382_26	square	iguodala a dunk sqdap sasvgsw dec 19 2013	7007	nba/iguodala_a_dunk_sqdap_sasvgsw_dec_19_2013_square.mp4	iguodala_a_dunk_sqdap_sasvgsw_dec_19_2013_square.xml
712	0021300382_26	vertical	iguodala a dunk verdap sasvgsw dec 19 2013	17007	nba/iguodala_a_dunk_verdap_sasvgsw_dec_19_2013_vertical_9x16.mp4	iguodala_a_dunk_verdap_sasvgsw_dec_19_2013_vertical_9x16.xml
713	0021300391_90	vertical	kaman c block verdap minvlal dec 20 2013 v2	17006	nba/kaman_c_block_verdap_minvlal_dec_20_2013_v2_vertical_9x16.mp4	kaman_c_block_verdap_minvlal_dec_20_2013_v2_vertical_9x16.xml
714	0021300391_90	vertical	kaman c block verdap minvlal dec 20 2013 v3	17000	nba/kaman_c_block_verdap_minvlal_dec_20_2013_v3_vertical_9x16.mp4	kaman_c_block_verdap_minvlal_dec_20_2013_v3_vertical_9x16.xml
715	0021300391_90	vertical	kaman c block verdap minvlal dec 20 2013 v2	17006	nba/kaman_c_block_verdap_minvlal_dec_20_2013_v2_vertical_9x16.mp4	kaman_c_block_verdap_minvlal_dec_20_2013_v2_vertical_9x16.xml
716	0021300391_90	vertical	kaman c block verdap minvlal dec 20 2013 v3	17000	nba/kaman_c_block_verdap_minvlal_dec_20_2013_v3_vertical_9x16.mp4	kaman_c_block_verdap_minvlal_dec_20_2013_v3_vertical_9x16.xml
717	0021300394_367	square	hayward g dunk sqdap utavcha dec 21 2013	7007	nba/hayward_g_dunk_sqdap_utavcha_dec_21_2013_square.mp4	hayward_g_dunk_sqdap_utavcha_dec_21_2013_square.xml
718	0021300394_367	vertical	hayward g dunk verdap utavcha dec 21 2013 v2	17004	nba/hayward_g_dunk_verdap_utavcha_dec_21_2013_v2_vertical_9x16.mp4	hayward_g_dunk_verdap_utavcha_dec_21_2013_v2_vertical_9x16.xml
719	0021300394_367	vertical	hayward g dunk verdap utavcha dec 21 2013	17009	nba/hayward_g_dunk_verdap_utavcha_dec_21_2013_vertical_9x16.mp4	hayward_g_dunk_verdap_utavcha_dec_21_2013_vertical_9x16.xml
720	0021300394_367	square	hayward g dunk sqdap utavcha dec 21 2013	7007	nba/hayward_g_dunk_sqdap_utavcha_dec_21_2013_square.mp4	hayward_g_dunk_sqdap_utavcha_dec_21_2013_square.xml
721	0021300394_367	vertical	hayward g dunk verdap utavcha dec 21 2013 v2	17004	nba/hayward_g_dunk_verdap_utavcha_dec_21_2013_v2_vertical_9x16.mp4	hayward_g_dunk_verdap_utavcha_dec_21_2013_v2_vertical_9x16.xml
722	0021300394_367	vertical	hayward g dunk verdap utavcha dec 21 2013	17009	nba/hayward_g_dunk_verdap_utavcha_dec_21_2013_vertical_9x16.mp4	hayward_g_dunk_verdap_utavcha_dec_21_2013_vertical_9x16.xml
723	0021300396_308	vertical	drummond a dunk verdap houvdet dec 21 2013 v2	17000	nba/drummond_a_dunk_verdap_houvdet_dec_21_2013_v2_vertical_9x16.mp4	drummond_a_dunk_verdap_houvdet_dec_21_2013_v2_vertical_9x16.xml
724	0021300396_308	vertical	drummond a dunk verdap houvdet dec 21 2013 v2	17000	nba/drummond_a_dunk_verdap_houvdet_dec_21_2013_v2_vertical_9x16.mp4	drummond_a_dunk_verdap_houvdet_dec_21_2013_v2_vertical_9x16.xml
725	0021300434_59	square	chalmers m assist sqdap miavsac dec 27 2013	8000	nba/chalmers_m_assist_sqdap_miavsac_dec_27_2013_square.mp4	chalmers_m_assist_sqdap_miavsac_dec_27_2013_square.xml
726	0021300434_59	vertical	chalmers m assist verdap miavsac dec 27 2013 v2	17001	nba/chalmers_m_assist_verdap_miavsac_dec_27_2013_v2_vertical_9x16.mp4	chalmers_m_assist_verdap_miavsac_dec_27_2013_v2_vertical_9x16.xml
727	0021300434_59	vertical	chalmers m assist verdap miavsac dec 27 2013 v3	17001	nba/chalmers_m_assist_verdap_miavsac_dec_27_2013_v3_vertical_9x16.mp4	chalmers_m_assist_verdap_miavsac_dec_27_2013_v3_vertical_9x16.xml
728	0021300434_59	vertical	chalmers m assist verdap miavsac dec 27 2013 v4	17001	nba/chalmers_m_assist_verdap_miavsac_dec_27_2013_v4_vertical_9x16.mp4	chalmers_m_assist_verdap_miavsac_dec_27_2013_v4_vertical_9x16.xml
729	0021300434_59	vertical	chalmers m assist verdap miavsac dec 27 2013	17978	nba/chalmers_m_assist_verdap_miavsac_dec_27_2013_vertical_9x16.mp4	chalmers_m_assist_verdap_miavsac_dec_27_2013_vertical_9x16.xml
730	0021300437_385	square	scola l assist sqdap bknvind dec 28 2013	7015	nba/scola_l_assist_sqdap_bknvind_dec_28_2013_square.mp4	scola_l_assist_sqdap_bknvind_dec_28_2013_square.xml
731	0021300437_385	vertical	scola l assist verdap bknvind dec 28 2013 v2	17000	nba/scola_l_assist_verdap_bknvind_dec_28_2013_v2_vertical_9x16.mp4	scola_l_assist_verdap_bknvind_dec_28_2013_v2_vertical_9x16.xml
732	0021300437_385	vertical	scola l assist verdap bknvind dec 28 2013 v3	17000	nba/scola_l_assist_verdap_bknvind_dec_28_2013_v3_vertical_9x16.mp4	scola_l_assist_verdap_bknvind_dec_28_2013_v3_vertical_9x16.xml
733	0021300437_385	vertical	scola l assist verdap bknvind dec 28 2013	17977	nba/scola_l_assist_verdap_bknvind_dec_28_2013_vertical_9x16.mp4	scola_l_assist_verdap_bknvind_dec_28_2013_vertical_9x16.xml
734	0021300676_348	square	ross t dunk orlvtor sqdap jan 29 2014	13000	nba/ross_t_dunk_orlvtor_sqdap_jan_29_2014_square.mp4	ross_t_dunk_orlvtor_sqdap_jan_29_2014_square.xml
735	0021300676_348	vertical	ross t dunk orlvtor verdap jan 29 2014	13000	nba/ross_t_dunk_orlvtor_verdap_jan_29_2014_vertical_9x16.mp4	ross_t_dunk_orlvtor_verdap_jan_29_2014_vertical_9x16.xml
736	0021300676_348	square	ross t dunk orlvtor sqdap jan 29 2014	13000	nba/ross_t_dunk_orlvtor_sqdap_jan_29_2014_square.mp4	ross_t_dunk_orlvtor_sqdap_jan_29_2014_square.xml
737	0021300676_348	vertical	ross t dunk orlvtor verdap jan 29 2014	13000	nba/ross_t_dunk_orlvtor_verdap_jan_29_2014_vertical_9x16.mp4	ross_t_dunk_orlvtor_verdap_jan_29_2014_vertical_9x16.xml
738	0021300727_192	square	beal b dunk sqdap sasvwas feb 5 2014	7004	nba/beal_b_dunk_sqdap_sasvwas_feb_5_2014_square.mp4	beal_b_dunk_sqdap_sasvwas_feb_5_2014_square.xml
739	0021300727_192	vertical	beal b dunk verdap sasvwas feb 5 2014	17014	nba/beal_b_dunk_verdap_sasvwas_feb_5_2014_vertical_9x16.mp4	beal_b_dunk_verdap_sasvwas_feb_5_2014_vertical_9x16.xml
740	0021300727_192	square	beal b dunk sqdap sasvwas feb 5 2014	7004	nba/beal_b_dunk_sqdap_sasvwas_feb_5_2014_square.mp4	beal_b_dunk_sqdap_sasvwas_feb_5_2014_square.xml
741	0021300727_192	vertical	beal b dunk verdap sasvwas feb 5 2014	17014	nba/beal_b_dunk_verdap_sasvwas_feb_5_2014_vertical_9x16.mp4	beal_b_dunk_verdap_sasvwas_feb_5_2014_vertical_9x16.xml
742	0021300740_523	square	harris t dunk sqdap okcvorl feb 07 2014 v2	7000	nba/harris_t_dunk_sqdap_okcvorl_feb_07_2014_v2_square.mp4	harris_t_dunk_sqdap_okcvorl_feb_07_2014_v2_square.xml
743	0021300740_523	vertical	harris t dunk verdap okcvorl feb 07 2014 v2	17000	nba/harris_t_dunk_verdap_okcvorl_feb_07_2014_v2_vertical_9x16.mp4	harris_t_dunk_verdap_okcvorl_feb_07_2014_v2_vertical_9x16.xml
744	0021300740_523	vertical	harris t dunk verdap okcvorl feb 07 2014 v3	17000	nba/harris_t_dunk_verdap_okcvorl_feb_07_2014_v3_vertical_9x16.mp4	harris_t_dunk_verdap_okcvorl_feb_07_2014_v3_vertical_9x16.xml
745	0021300740_523	square	harris t dunk sqdap okcvorl feb 07 2014 v2	7000	nba/harris_t_dunk_sqdap_okcvorl_feb_07_2014_v2_square.mp4	harris_t_dunk_sqdap_okcvorl_feb_07_2014_v2_square.xml
746	0021300740_523	vertical	harris t dunk verdap okcvorl feb 07 2014 v2	17000	nba/harris_t_dunk_verdap_okcvorl_feb_07_2014_v2_vertical_9x16.mp4	harris_t_dunk_verdap_okcvorl_feb_07_2014_v2_vertical_9x16.xml
747	0021300740_523	vertical	harris t dunk verdap okcvorl feb 07 2014 v3	17000	nba/harris_t_dunk_verdap_okcvorl_feb_07_2014_v3_vertical_9x16.mp4	harris_t_dunk_verdap_okcvorl_feb_07_2014_v3_vertical_9x16.xml
748	0021300759_204	vertical	terry j assist nopvbkn verdap feb 09 2014 v2	17009	nba/terry_j_assist_nopvbkn_verdap_feb_09_2014_v2_vertical_9x16.mp4	terry_j_assist_nopvbkn_verdap_feb_09_2014_v2_vertical_9x16.xml
749	0021300759_204	vertical	terry j assist nopvbkn verdap feb 09 2014 v3	17009	nba/terry_j_assist_nopvbkn_verdap_feb_09_2014_v3_vertical_9x16.mp4	terry_j_assist_nopvbkn_verdap_feb_09_2014_v3_vertical_9x16.xml
750	0021300759_204	vertical	terry j assist nopvbkn verdap feb 09 2014 v2	17009	nba/terry_j_assist_nopvbkn_verdap_feb_09_2014_v2_vertical_9x16.mp4	terry_j_assist_nopvbkn_verdap_feb_09_2014_v2_vertical_9x16.xml
751	0021300759_204	vertical	terry j assist nopvbkn verdap feb 09 2014 v3	17009	nba/terry_j_assist_nopvbkn_verdap_feb_09_2014_v3_vertical_9x16.mp4	terry_j_assist_nopvbkn_verdap_feb_09_2014_v3_vertical_9x16.xml
752	0021300763_226	square	griffin b windmill sqdap phivlac feb 9 2014	8984	nba/griffin_b_windmill_sqdap_phivlac_feb_9_2014_square.mp4	griffin_b_windmill_sqdap_phivlac_feb_9_2014_square.xml
753	0021300763_226	vertical	griffin b windmill verdap phivlac feb 9 2014	17014	nba/griffin_b_windmill_verdap_phivlac_feb_9_2014_vertical_9x16.mp4	griffin_b_windmill_verdap_phivlac_feb_9_2014_vertical_9x16.xml
754	0021300763_226	square	griffin b windmill sqdap phivlac feb 9 2014	8984	nba/griffin_b_windmill_sqdap_phivlac_feb_9_2014_square.mp4	griffin_b_windmill_sqdap_phivlac_feb_9_2014_square.xml
755	0021300763_226	vertical	griffin b windmill verdap phivlac feb 9 2014	17014	nba/griffin_b_windmill_verdap_phivlac_feb_9_2014_vertical_9x16.mp4	griffin_b_windmill_verdap_phivlac_feb_9_2014_vertical_9x16.xml
756	0021300803_225	square	derozan d dunk sqdap chivtor feb 19 2014	7976	nba/derozan_d_dunk_sqdap_chivtor_feb_19_2014_square.mp4	derozan_d_dunk_sqdap_chivtor_feb_19_2014_square.xml
757	0021300803_225	vertical	derozan d dunk verdap chivtor feb 19 2014 v2	17977	nba/derozan_d_dunk_verdap_chivtor_feb_19_2014_v2_vertical_9x16.mp4	derozan_d_dunk_verdap_chivtor_feb_19_2014_v2_vertical_9x16.xml
758	0021300803_225	vertical	derozan d dunk verdap chivtor feb 19 2014	17977	nba/derozan_d_dunk_verdap_chivtor_feb_19_2014_vertical_9x16.mp4	derozan_d_dunk_verdap_chivtor_feb_19_2014_vertical_9x16.xml
759	0021300803_225	square	derozan d dunk sqdap chivtor feb 19 2014	7976	nba/derozan_d_dunk_sqdap_chivtor_feb_19_2014_square.mp4	derozan_d_dunk_sqdap_chivtor_feb_19_2014_square.xml
760	0021300803_225	vertical	derozan d dunk verdap chivtor feb 19 2014 v2	17977	nba/derozan_d_dunk_verdap_chivtor_feb_19_2014_v2_vertical_9x16.mp4	derozan_d_dunk_verdap_chivtor_feb_19_2014_v2_vertical_9x16.xml
761	0021300803_225	vertical	derozan d dunk verdap chivtor feb 19 2014	17977	nba/derozan_d_dunk_verdap_chivtor_feb_19_2014_vertical_9x16.mp4	derozan_d_dunk_verdap_chivtor_feb_19_2014_vertical_9x16.xml
762	0021300805_339	square	rubio r assist sqdap indvmin feb 19 2014	7977	nba/rubio_r_assist_sqdap_indvmin_feb_19_2014_square.mp4	rubio_r_assist_sqdap_indvmin_feb_19_2014_square.xml
763	0021300805_339	vertical	rubio r assist verdap indvmin feb 19 2014	17007	nba/rubio_r_assist_verdap_indvmin_feb_19_2014_vertical_9x16.mp4	rubio_r_assist_verdap_indvmin_feb_19_2014_vertical_9x16.xml
764	0021300805_339	square	rubio r assist sqdap indvmin feb 19 2014	7977	nba/rubio_r_assist_sqdap_indvmin_feb_19_2014_square.mp4	rubio_r_assist_sqdap_indvmin_feb_19_2014_square.xml
765	0021300805_339	vertical	rubio r assist verdap indvmin feb 19 2014	17007	nba/rubio_r_assist_verdap_indvmin_feb_19_2014_vertical_9x16.mp4	rubio_r_assist_verdap_indvmin_feb_19_2014_vertical_9x16.xml
766	0021300814_480	square	howard d dunk sqdap houvgsw feb 20 2014	7007	nba/howard_d_dunk_sqdap_houvgsw_feb_20_2014_square.mp4	howard_d_dunk_sqdap_houvgsw_feb_20_2014_square.xml
767	0021300814_480	vertical	howard d dunk verdap houvgsw feb 20 2014 v2	17007	nba/howard_d_dunk_verdap_houvgsw_feb_20_2014_v2_vertical_9x16.mp4	howard_d_dunk_verdap_houvgsw_feb_20_2014_v2_vertical_9x16.xml
768	0021300814_480	vertical	howard d dunk verdap houvgsw feb 20 2014	17014	nba/howard_d_dunk_verdap_houvgsw_feb_20_2014_vertical_9x16.mp4	howard_d_dunk_verdap_houvgsw_feb_20_2014_vertical_9x16.xml
769	0021300814_480	square	howard d dunk sqdap houvgsw feb 20 2014	7007	nba/howard_d_dunk_sqdap_houvgsw_feb_20_2014_square.mp4	howard_d_dunk_sqdap_houvgsw_feb_20_2014_square.xml
770	0021300814_480	vertical	howard d dunk verdap houvgsw feb 20 2014 v2	17007	nba/howard_d_dunk_verdap_houvgsw_feb_20_2014_v2_vertical_9x16.mp4	howard_d_dunk_verdap_houvgsw_feb_20_2014_v2_vertical_9x16.xml
771	0021300814_480	vertical	howard d dunk verdap houvgsw feb 20 2014	17014	nba/howard_d_dunk_verdap_houvgsw_feb_20_2014_vertical_9x16.mp4	howard_d_dunk_verdap_houvgsw_feb_20_2014_vertical_9x16.xml
772	0021300823_142	vertical	barton w dunk verdap utavpor feb 21 2014 v2	17000	nba/barton_w_dunk_verdap_utavpor_feb_21_2014_v2_vertical_9x16.mp4	barton_w_dunk_verdap_utavpor_feb_21_2014_v2_vertical_9x16.xml
773	0021300823_142	vertical	barton w dunk verdap utavpor feb 21 2014 v3	17000	nba/barton_w_dunk_verdap_utavpor_feb_21_2014_v3_vertical_9x16.mp4	barton_w_dunk_verdap_utavpor_feb_21_2014_v3_vertical_9x16.xml
774	0021300823_142	vertical	barton w dunk verdap utavpor feb 21 2014 v2	17000	nba/barton_w_dunk_verdap_utavpor_feb_21_2014_v2_vertical_9x16.mp4	barton_w_dunk_verdap_utavpor_feb_21_2014_v2_vertical_9x16.xml
775	0021300823_142	vertical	barton w dunk verdap utavpor feb 21 2014 v3	17000	nba/barton_w_dunk_verdap_utavpor_feb_21_2014_v3_vertical_9x16.mp4	barton_w_dunk_verdap_utavpor_feb_21_2014_v3_vertical_9x16.xml
776	0021300899_496	square	thompson k jumper sqdap gswvind mar 04 2014	7007	nba/thompson_k_jumper_sqdap_gswvind_mar_04_2014_square.mp4	thompson_k_jumper_sqdap_gswvind_mar_04_2014_square.xml
777	0021300899_496	vertical	thompson k jumper verdap gswvind mar 04 2014 v3	17007	nba/thompson_k_jumper_verdap_gswvind_mar_04_2014_v3_vertical_9x16.mp4	thompson_k_jumper_verdap_gswvind_mar_04_2014_v3_vertical_9x16.xml
778	0021300899_496	vertical	thompson k jumper verdap gswvind mar 04 2014 v4	17008	nba/thompson_k_jumper_verdap_gswvind_mar_04_2014_v4_vertical_9x16.mp4	thompson_k_jumper_verdap_gswvind_mar_04_2014_v4_vertical_9x16.xml
779	0021300899_496	vertical	thompson k jumper verdap gswvind mar 04 2014	17002	nba/thompson_k_jumper_verdap_gswvind_mar_04_2014_vertical_9x16.mp4	thompson_k_jumper_verdap_gswvind_mar_04_2014_vertical_9x16.xml
780	0021300899_496	square	thompson k jumper sqdap gswvind mar 04 2014	7007	nba/thompson_k_jumper_sqdap_gswvind_mar_04_2014_square.mp4	thompson_k_jumper_sqdap_gswvind_mar_04_2014_square.xml
781	0021300899_496	vertical	thompson k jumper verdap gswvind mar 04 2014 v3	17007	nba/thompson_k_jumper_verdap_gswvind_mar_04_2014_v3_vertical_9x16.mp4	thompson_k_jumper_verdap_gswvind_mar_04_2014_v3_vertical_9x16.xml
782	0021300899_496	vertical	thompson k jumper verdap gswvind mar 04 2014 v4	17008	nba/thompson_k_jumper_verdap_gswvind_mar_04_2014_v4_vertical_9x16.mp4	thompson_k_jumper_verdap_gswvind_mar_04_2014_v4_vertical_9x16.xml
783	0021300899_496	vertical	thompson k jumper verdap gswvind mar 04 2014	17002	nba/thompson_k_jumper_verdap_gswvind_mar_04_2014_vertical_9x16.mp4	thompson_k_jumper_verdap_gswvind_mar_04_2014_vertical_9x16.xml
784	0021300965_521	square	mccollum cj dunk sqdap porvsas mar 12 2014 v2	7011	nba/mccollum_cj_dunk_sqdap_porvsas_mar_12_2014_v2_square.mp4	mccollum_cj_dunk_sqdap_porvsas_mar_12_2014_v2_square.xml
785	0021300965_521	vertical	mccollum cj dunk verdap porvsas mar 12 2014 v2	17010	nba/mccollum_cj_dunk_verdap_porvsas_mar_12_2014_v2_vertical_9x16.mp4	mccollum_cj_dunk_verdap_porvsas_mar_12_2014_v2_vertical_9x16.xml
786	0021301037_506	vertical	burke t jumper verdap orlvuta mar 22 2014 v2	17000	nba/burke_t_jumper_verdap_orlvuta_mar_22_2014_v2_vertical_9x16.mp4	burke_t_jumper_verdap_orlvuta_mar_22_2014_v2_vertical_9x16.xml
787	0021301037_506	vertical	burke t jumper verdap orlvuta mar 22 2014 v2	17000	nba/burke_t_jumper_verdap_orlvuta_mar_22_2014_v2_vertical_9x16.mp4	burke_t_jumper_verdap_orlvuta_mar_22_2014_v2_vertical_9x16.xml
788	0021301130_279	square	zeller c dunk sqdap orlvcha apr 4 2014	7007	nba/zeller_c_dunk_sqdap_orlvcha_apr_4_2014_square.mp4	zeller_c_dunk_sqdap_orlvcha_apr_4_2014_square.xml
789	0021301130_279	vertical	zeller c dunk verdap orlvcha apr 4 2014 v2	17000	nba/zeller_c_dunk_verdap_orlvcha_apr_4_2014_v2_vertical_9x16.mp4	zeller_c_dunk_verdap_orlvcha_apr_4_2014_v2_vertical_9x16.xml
790	0021301130_279	vertical	zeller c dunk verdap orlvcha apr 4 2014 v3	17000	nba/zeller_c_dunk_verdap_orlvcha_apr_4_2014_v3_vertical_9x16.mp4	zeller_c_dunk_verdap_orlvcha_apr_4_2014_v3_vertical_9x16.xml
791	0021301130_279	vertical	zeller c dunk verdap orlvcha apr 4 2014	17006	nba/zeller_c_dunk_verdap_orlvcha_apr_4_2014_vertical_9x16.mp4	zeller_c_dunk_verdap_orlvcha_apr_4_2014_vertical_9x16.xml
792	0021301130_279	square	zeller c dunk sqdap orlvcha apr 4 2014	7007	nba/zeller_c_dunk_sqdap_orlvcha_apr_4_2014_square.mp4	zeller_c_dunk_sqdap_orlvcha_apr_4_2014_square.xml
793	0021301130_279	vertical	zeller c dunk verdap orlvcha apr 4 2014 v2	17000	nba/zeller_c_dunk_verdap_orlvcha_apr_4_2014_v2_vertical_9x16.mp4	zeller_c_dunk_verdap_orlvcha_apr_4_2014_v2_vertical_9x16.xml
794	0021301130_279	vertical	zeller c dunk verdap orlvcha apr 4 2014 v3	17000	nba/zeller_c_dunk_verdap_orlvcha_apr_4_2014_v3_vertical_9x16.mp4	zeller_c_dunk_verdap_orlvcha_apr_4_2014_v3_vertical_9x16.xml
795	0021301130_279	vertical	zeller c dunk verdap orlvcha apr 4 2014	17006	nba/zeller_c_dunk_verdap_orlvcha_apr_4_2014_vertical_9x16.mp4	zeller_c_dunk_verdap_orlvcha_apr_4_2014_vertical_9x16.xml
796	0040500102_248	square	wallace b dunk milvdet sqdap TEST apr 26 2006	31006	nba/wallace_b_dunk_milvdet_sqdap_TEST_apr_26_2006_square.mp4	wallace_b_dunk_milvdet_sqdap_TEST_apr_26_2006_square.xml
797	0040500102_248	vertical	wallace b dunk milvdet verdap TEST apr 26 2006	31006	nba/wallace_b_dunk_milvdet_verdap_TEST_apr_26_2006_vertical_9x16.mp4	wallace_b_dunk_milvdet_verdap_TEST_apr_26_2006_vertical_9x16.xml
798	0040500102_248	square	wallace b dunk milvdet sqdap TEST apr 26 2006	31006	nba/wallace_b_dunk_milvdet_sqdap_TEST_apr_26_2006_square.mp4	wallace_b_dunk_milvdet_sqdap_TEST_apr_26_2006_square.xml
799	0040500102_248	vertical	wallace b dunk milvdet verdap TEST apr 26 2006	31006	nba/wallace_b_dunk_milvdet_verdap_TEST_apr_26_2006_vertical_9x16.mp4	wallace_b_dunk_milvdet_verdap_TEST_apr_26_2006_vertical_9x16.xml
800	0040500102_56	square	hamilton r dunk milvdet sqdap TEST apr 26 2006	65000	nba/hamilton_r_dunk_milvdet_sqdap_TEST_apr_26_2006_square.mp4	hamilton_r_dunk_milvdet_sqdap_TEST_apr_26_2006_square.xml
801	0040500102_56	square	hamilton r dunk milvdet sqdap apr 26 2006	65000	nba/hamilton_r_dunk_milvdet_sqdap_apr_26_2006_square.mp4	hamilton_r_dunk_milvdet_sqdap_apr_26_2006_square.xml
802	0040500102_56	vertical	hamilton r dunk milvdet verdap TEST apr 26 2006	65000	nba/hamilton_r_dunk_milvdet_verdap_TEST_apr_26_2006_vertical_9x16.mp4	hamilton_r_dunk_milvdet_verdap_TEST_apr_26_2006_vertical_9x16.xml
803	0040500102_56	vertical	hamilton r dunk milvdet verdap apr 26 2006	65000	nba/hamilton_r_dunk_milvdet_verdap_apr_26_2006_vertical_9x16.mp4	hamilton_r_dunk_milvdet_verdap_apr_26_2006_vertical_9x16.xml
804	0040500102_56	square	hamilton r dunk milvdet sqdap TEST apr 26 2006	65000	nba/hamilton_r_dunk_milvdet_sqdap_TEST_apr_26_2006_square.mp4	hamilton_r_dunk_milvdet_sqdap_TEST_apr_26_2006_square.xml
805	0040500102_56	square	hamilton r dunk milvdet sqdap apr 26 2006	65000	nba/hamilton_r_dunk_milvdet_sqdap_apr_26_2006_square.mp4	hamilton_r_dunk_milvdet_sqdap_apr_26_2006_square.xml
806	0040500102_56	vertical	hamilton r dunk milvdet verdap TEST apr 26 2006	65000	nba/hamilton_r_dunk_milvdet_verdap_TEST_apr_26_2006_vertical_9x16.mp4	hamilton_r_dunk_milvdet_verdap_TEST_apr_26_2006_vertical_9x16.xml
807	0040500102_56	vertical	hamilton r dunk milvdet verdap apr 26 2006	65000	nba/hamilton_r_dunk_milvdet_verdap_apr_26_2006_vertical_9x16.mp4	hamilton_r_dunk_milvdet_verdap_apr_26_2006_vertical_9x16.xml
808	0040500122_267	square	jefferson r dunk indvnjn sqdap TEST apr 25 2006	16988	nba/jefferson_r_dunk_indvnjn_sqdap_TEST_apr_25_2006_square.mp4	jefferson_r_dunk_indvnjn_sqdap_TEST_apr_25_2006_square.xml
809	0040500122_267	square	jefferson r dunk indvnjn sqdap apr 25 2006	16988	nba/jefferson_r_dunk_indvnjn_sqdap_apr_25_2006_square.mp4	jefferson_r_dunk_indvnjn_sqdap_apr_25_2006_square.xml
810	0040500122_267	vertical	jefferson r dunk indvnjn verdap TEST apr 25 2006	16988	nba/jefferson_r_dunk_indvnjn_verdap_TEST_apr_25_2006_vertical_9x16.mp4	jefferson_r_dunk_indvnjn_verdap_TEST_apr_25_2006_vertical_9x16.xml
811	0040500122_267	vertical	jefferson r dunk indvnjn verdap apr 25 2006	16988	nba/jefferson_r_dunk_indvnjn_verdap_apr_25_2006_vertical_9x16.mp4	jefferson_r_dunk_indvnjn_verdap_apr_25_2006_vertical_9x16.xml
812	0040500122_267	square	jefferson r dunk indvnjn sqdap TEST apr 25 2006	16988	nba/jefferson_r_dunk_indvnjn_sqdap_TEST_apr_25_2006_square.mp4	jefferson_r_dunk_indvnjn_sqdap_TEST_apr_25_2006_square.xml
813	0040500122_267	square	jefferson r dunk indvnjn sqdap apr 25 2006	16988	nba/jefferson_r_dunk_indvnjn_sqdap_apr_25_2006_square.mp4	jefferson_r_dunk_indvnjn_sqdap_apr_25_2006_square.xml
814	0040500122_267	vertical	jefferson r dunk indvnjn verdap TEST apr 25 2006	16988	nba/jefferson_r_dunk_indvnjn_verdap_TEST_apr_25_2006_vertical_9x16.mp4	jefferson_r_dunk_indvnjn_verdap_TEST_apr_25_2006_vertical_9x16.xml
815	0040500122_267	vertical	jefferson r dunk indvnjn verdap apr 25 2006	16988	nba/jefferson_r_dunk_indvnjn_verdap_apr_25_2006_vertical_9x16.mp4	jefferson_r_dunk_indvnjn_verdap_apr_25_2006_vertical_9x16.xml
816	0040500131_64	square	jeffries j block wasvcle sqdap TEST apr 22 2006	65004	nba/jeffries_j_block_wasvcle_sqdap_TEST_apr_22_2006_square.mp4	jeffries_j_block_wasvcle_sqdap_TEST_apr_22_2006_square.xml
817	0040500131_64	square	jeffries j block wasvcle sqdap apr 22 2006	65004	nba/jeffries_j_block_wasvcle_sqdap_apr_22_2006_square.mp4	jeffries_j_block_wasvcle_sqdap_apr_22_2006_square.xml
818	0040500131_64	vertical	jeffries j block wasvcle verdap TEST apr 22 2006	65004	nba/jeffries_j_block_wasvcle_verdap_TEST_apr_22_2006_vertical_9x16.mp4	jeffries_j_block_wasvcle_verdap_TEST_apr_22_2006_vertical_9x16.xml
819	0040500131_64	vertical	jeffries j block wasvcle verdap apr 22 2006	65004	nba/jeffries_j_block_wasvcle_verdap_apr_22_2006_vertical_9x16.mp4	jeffries_j_block_wasvcle_verdap_apr_22_2006_vertical_9x16.xml
820	0040500131_64	square	jeffries j block wasvcle sqdap TEST apr 22 2006	65004	nba/jeffries_j_block_wasvcle_sqdap_TEST_apr_22_2006_square.mp4	jeffries_j_block_wasvcle_sqdap_TEST_apr_22_2006_square.xml
821	0040500131_64	square	jeffries j block wasvcle sqdap apr 22 2006	65004	nba/jeffries_j_block_wasvcle_sqdap_apr_22_2006_square.mp4	jeffries_j_block_wasvcle_sqdap_apr_22_2006_square.xml
822	0040500131_64	vertical	jeffries j block wasvcle verdap TEST apr 22 2006	65004	nba/jeffries_j_block_wasvcle_verdap_TEST_apr_22_2006_vertical_9x16.mp4	jeffries_j_block_wasvcle_verdap_TEST_apr_22_2006_vertical_9x16.xml
823	0040500131_64	vertical	jeffries j block wasvcle verdap apr 22 2006	65004	nba/jeffries_j_block_wasvcle_verdap_apr_22_2006_vertical_9x16.mp4	jeffries_j_block_wasvcle_verdap_apr_22_2006_vertical_9x16.xml
824	0040500136_536	square	jones d jumper clevwas sqdap TEST may 5 2006	116999	nba/jones_d_jumper_clevwas_sqdap_TEST_may_5_2006_square.mp4	jones_d_jumper_clevwas_sqdap_TEST_may_5_2006_square.xml
825	0040500136_536	square	jones d jumper clevwas sqdap may 5 2006	116999	nba/jones_d_jumper_clevwas_sqdap_may_5_2006_square.mp4	jones_d_jumper_clevwas_sqdap_may_5_2006_square.xml
826	0040500136_536	vertical	jones d jumper clevwas verdap TEST may 5 2006	116999	nba/jones_d_jumper_clevwas_verdap_TEST_may_5_2006_vertical_9x16.mp4	jones_d_jumper_clevwas_verdap_TEST_may_5_2006_vertical_9x16.xml
827	0040500136_536	vertical	jones d jumper clevwas verdap  may 5 2006	116999	nba/jones_d_jumper_clevwas_verdap__may_5_2006_vertical_9x16.mp4	jones_d_jumper_clevwas_verdap__may_5_2006_vertical_9x16.xml
828	0040500136_536	square	jones d jumper clevwas sqdap TEST may 5 2006	116999	nba/jones_d_jumper_clevwas_sqdap_TEST_may_5_2006_square.mp4	jones_d_jumper_clevwas_sqdap_TEST_may_5_2006_square.xml
829	0040500136_536	square	jones d jumper clevwas sqdap may 5 2006	116999	nba/jones_d_jumper_clevwas_sqdap_may_5_2006_square.mp4	jones_d_jumper_clevwas_sqdap_may_5_2006_square.xml
830	0040500136_536	vertical	jones d jumper clevwas verdap TEST may 5 2006	116999	nba/jones_d_jumper_clevwas_verdap_TEST_may_5_2006_vertical_9x16.mp4	jones_d_jumper_clevwas_verdap_TEST_may_5_2006_vertical_9x16.xml
831	0040500136_536	vertical	jones d jumper clevwas verdap  may 5 2006	116999	nba/jones_d_jumper_clevwas_verdap__may_5_2006_vertical_9x16.mp4	jones_d_jumper_clevwas_verdap__may_5_2006_vertical_9x16.xml
832	0040500142_468	square	barry b jumper sqdap sacvsas apr 25 2006	7007	nba/barry_b_jumper_sqdap_sacvsas_apr_25_2006_square.mp4	barry_b_jumper_sqdap_sacvsas_apr_25_2006_square.xml
833	0040500142_468	vertical	barry b jumper verdap sacvsas apr 25 2006	17002	nba/barry_b_jumper_verdap_sacvsas_apr_25_2006_vertical_9x16.mp4	barry_b_jumper_verdap_sacvsas_apr_25_2006_vertical_9x16.xml
834	0040500142_468	square	barry b jumper sqdap sacvsas apr 25 2006	7007	nba/barry_b_jumper_sqdap_sacvsas_apr_25_2006_square.mp4	barry_b_jumper_sqdap_sacvsas_apr_25_2006_square.xml
835	0040500142_468	vertical	barry b jumper verdap sacvsas apr 25 2006	17002	nba/barry_b_jumper_verdap_sacvsas_apr_25_2006_vertical_9x16.mp4	barry_b_jumper_verdap_sacvsas_apr_25_2006_vertical_9x16.xml
836	0040500144_233	square	wells b dunk sqdap sasvsac apr 30 2006	7009	nba/wells_b_dunk_sqdap_sasvsac_apr_30_2006_square.mp4	wells_b_dunk_sqdap_sasvsac_apr_30_2006_square.xml
837	0040500144_233	vertical	wells b dunk verdap sasvsac apr 30 2006	17002	nba/wells_b_dunk_verdap_sasvsac_apr_30_2006_vertical_9x16.mp4	wells_b_dunk_verdap_sasvsac_apr_30_2006_vertical_9x16.xml
838	0040500144_233	square	wells b dunk sqdap sasvsac apr 30 2006	7009	nba/wells_b_dunk_sqdap_sasvsac_apr_30_2006_square.mp4	wells_b_dunk_sqdap_sasvsac_apr_30_2006_square.xml
839	0040500144_233	vertical	wells b dunk verdap sasvsac apr 30 2006	17002	nba/wells_b_dunk_verdap_sasvsac_apr_30_2006_vertical_9x16.mp4	wells_b_dunk_verdap_sasvsac_apr_30_2006_vertical_9x16.xml
840	0040500203_82	square	james l dunk detvcle sqdap may 13 2006	32006	nba/james_l_dunk_detvcle_sqdap_may_13_2006_square.mp4	james_l_dunk_detvcle_sqdap_may_13_2006_square.xml
841	0040500203_82	vertical	james l dunk detvcle verdap TEST may 13 2006	32006	nba/james_l_dunk_detvcle_verdap_TEST_may_13_2006_vertical_9x16.mp4	james_l_dunk_detvcle_verdap_TEST_may_13_2006_vertical_9x16.xml
842	0040500203_82	vertical	james l dunk detvcle verdap may 13 2006	32006	nba/james_l_dunk_detvcle_verdap_may_13_2006_vertical_9x16.mp4	james_l_dunk_detvcle_verdap_may_13_2006_vertical_9x16.xml
843	0040500203_82	square	james l dunk detvcle sqdap may 13 2006	32006	nba/james_l_dunk_detvcle_sqdap_may_13_2006_square.mp4	james_l_dunk_detvcle_sqdap_may_13_2006_square.xml
844	0040500203_82	vertical	james l dunk detvcle verdap TEST may 13 2006	32006	nba/james_l_dunk_detvcle_verdap_TEST_may_13_2006_vertical_9x16.mp4	james_l_dunk_detvcle_verdap_TEST_may_13_2006_vertical_9x16.xml
845	0040500203_82	vertical	james l dunk detvcle verdap may 13 2006	32006	nba/james_l_dunk_detvcle_verdap_may_13_2006_vertical_9x16.mp4	james_l_dunk_detvcle_verdap_may_13_2006_vertical_9x16.xml
846	0040500305_151	square	mcdyess a dunk miavdet sqdap TEST may 31 2006	30983	nba/mcdyess_a_dunk_miavdet_sqdap_TEST_may_31_2006_square.mp4	mcdyess_a_dunk_miavdet_sqdap_TEST_may_31_2006_square.xml
847	0040500305_151	square	mcdyess a dunk miavdet sqdap may 31 2006	30983	nba/mcdyess_a_dunk_miavdet_sqdap_may_31_2006_square.mp4	mcdyess_a_dunk_miavdet_sqdap_may_31_2006_square.xml
848	0040500305_151	vertical	mcdyess a dunk miavdet verdap TEST may 31 2006	30983	nba/mcdyess_a_dunk_miavdet_verdap_TEST_may_31_2006_vertical_9x16.mp4	mcdyess_a_dunk_miavdet_verdap_TEST_may_31_2006_vertical_9x16.xml
849	0040500305_151	vertical	mcdyess a dunk miavdet verdap may 31 2006	30983	nba/mcdyess_a_dunk_miavdet_verdap_may_31_2006_vertical_9x16.mp4	mcdyess_a_dunk_miavdet_verdap_may_31_2006_vertical_9x16.xml
850	0040500305_258	square	wallace b miavdet sqdap TEST may 31 2006	38997	nba/wallace_b_miavdet_sqdap_TEST_may_31_2006_square.mp4	wallace_b_miavdet_sqdap_TEST_may_31_2006_square.xml
851	0040500305_258	square	wallace b miavdet sqdap may 31 2006	38997	nba/wallace_b_miavdet_sqdap_may_31_2006_square.mp4	wallace_b_miavdet_sqdap_may_31_2006_square.xml
852	0040500305_258	vertical	wallace b miavdet verdap TEST may 31 2006	38997	nba/wallace_b_miavdet_verdap_TEST_may_31_2006_vertical_9x16.mp4	wallace_b_miavdet_verdap_TEST_may_31_2006_vertical_9x16.xml
853	0040500305_258	vertical	wallace b miavdet verdap may 31 2006	38997	nba/wallace_b_miavdet_verdap_may_31_2006_vertical_9x16.mp4	wallace_b_miavdet_verdap_may_31_2006_vertical_9x16.xml
854	0040500305_258	square	wallace b miavdet sqdap TEST may 31 2006	38997	nba/wallace_b_miavdet_sqdap_TEST_may_31_2006_square.mp4	wallace_b_miavdet_sqdap_TEST_may_31_2006_square.xml
855	0040500305_258	square	wallace b miavdet sqdap may 31 2006	38997	nba/wallace_b_miavdet_sqdap_may_31_2006_square.mp4	wallace_b_miavdet_sqdap_may_31_2006_square.xml
856	0040500305_258	vertical	wallace b miavdet verdap TEST may 31 2006	38997	nba/wallace_b_miavdet_verdap_TEST_may_31_2006_vertical_9x16.mp4	wallace_b_miavdet_verdap_TEST_may_31_2006_vertical_9x16.xml
857	0040500305_258	vertical	wallace b miavdet verdap may 31 2006	38997	nba/wallace_b_miavdet_verdap_may_31_2006_vertical_9x16.mp4	wallace_b_miavdet_verdap_may_31_2006_vertical_9x16.xml
858	0040500315_462	square	nowitzki d 3 phxvdal sqdap TEST jun 1 2006	26999	nba/nowitzki_d_3_phxvdal_sqdap_TEST_jun_1_2006_square.mp4	nowitzki_d_3_phxvdal_sqdap_TEST_jun_1_2006_square.xml
859	0040500315_462	square	nowitzki d 3 phxvdal sqdap jun 1 2006	26999	nba/nowitzki_d_3_phxvdal_sqdap_jun_1_2006_square.mp4	nowitzki_d_3_phxvdal_sqdap_jun_1_2006_square.xml
860	0040500315_462	vertical	nowitzki d 3 phxvdal verdap TEST jun 1 2006	26999	nba/nowitzki_d_3_phxvdal_verdap_TEST_jun_1_2006_vertical_9x16.mp4	nowitzki_d_3_phxvdal_verdap_TEST_jun_1_2006_vertical_9x16.xml
861	0040500315_462	vertical	nowitzki d 3 phxvdal verdap jun 1 2006	26999	nba/nowitzki_d_3_phxvdal_verdap_jun_1_2006_vertical_9x16.mp4	nowitzki_d_3_phxvdal_verdap_jun_1_2006_vertical_9x16.xml
862	0040500315_462	square	nowitzki d 3 phxvdal sqdap TEST jun 1 2006	26999	nba/nowitzki_d_3_phxvdal_sqdap_TEST_jun_1_2006_square.mp4	nowitzki_d_3_phxvdal_sqdap_TEST_jun_1_2006_square.xml
863	0040500315_462	square	nowitzki d 3 phxvdal sqdap jun 1 2006	26999	nba/nowitzki_d_3_phxvdal_sqdap_jun_1_2006_square.mp4	nowitzki_d_3_phxvdal_sqdap_jun_1_2006_square.xml
864	0040500315_462	vertical	nowitzki d 3 phxvdal verdap TEST jun 1 2006	26999	nba/nowitzki_d_3_phxvdal_verdap_TEST_jun_1_2006_vertical_9x16.mp4	nowitzki_d_3_phxvdal_verdap_TEST_jun_1_2006_vertical_9x16.xml
865	0040500315_462	vertical	nowitzki d 3 phxvdal verdap jun 1 2006	26999	nba/nowitzki_d_3_phxvdal_verdap_jun_1_2006_vertical_9x16.mp4	nowitzki_d_3_phxvdal_verdap_jun_1_2006_vertical_9x16.xml
866	0040500404_177	square	oneal s block sqdap dalvmia jun 15 2006	7007	nba/oneal_s_block_sqdap_dalvmia_jun_15_2006_square.mp4	oneal_s_block_sqdap_dalvmia_jun_15_2006_square.xml
867	0040500404_177	vertical	oneal s block verdap dalvmia jun 15 2006	17007	nba/oneal_s_block_verdap_dalvmia_jun_15_2006_vertical_9x16.mp4	oneal_s_block_verdap_dalvmia_jun_15_2006_vertical_9x16.xml
868	0040500404_177	square	oneal s block sqdap dalvmia jun 15 2006	7007	nba/oneal_s_block_sqdap_dalvmia_jun_15_2006_square.mp4	oneal_s_block_sqdap_dalvmia_jun_15_2006_square.xml
869	0040500404_177	vertical	oneal s block verdap dalvmia jun 15 2006	17007	nba/oneal_s_block_verdap_dalvmia_jun_15_2006_vertical_9x16.mp4	oneal_s_block_verdap_dalvmia_jun_15_2006_vertical_9x16.xml
870	0040500406_442	square	mourning a block miavdal sqdap TEST jun 20 2006	56010	nba/mourning_a_block_miavdal_sqdap_TEST_jun_20_2006_square.mp4	mourning_a_block_miavdal_sqdap_TEST_jun_20_2006_square.xml
871	0040500406_442	square	mourning a block miavdal sqdap jun 20 2006	56010	nba/mourning_a_block_miavdal_sqdap_jun_20_2006_square.mp4	mourning_a_block_miavdal_sqdap_jun_20_2006_square.xml
872	0040500406_442	vertical	mourning a block miavdal verdap TEST jun 20 2006	56010	nba/mourning_a_block_miavdal_verdap_TEST_jun_20_2006_vertical_9x16.mp4	mourning_a_block_miavdal_verdap_TEST_jun_20_2006_vertical_9x16.xml
873	0040500406_442	vertical	mourning a block miavdal verdap jun 20 2006	56010	nba/mourning_a_block_miavdal_verdap_jun_20_2006_vertical_9x16.mp4	mourning_a_block_miavdal_verdap_jun_20_2006_vertical_9x16.xml
874	0040500406_442	square	mourning a block miavdal sqdap TEST jun 20 2006	56010	nba/mourning_a_block_miavdal_sqdap_TEST_jun_20_2006_square.mp4	mourning_a_block_miavdal_sqdap_TEST_jun_20_2006_square.xml
875	0040500406_442	square	mourning a block miavdal sqdap jun 20 2006	56010	nba/mourning_a_block_miavdal_sqdap_jun_20_2006_square.mp4	mourning_a_block_miavdal_sqdap_jun_20_2006_square.xml
876	0040500406_442	vertical	mourning a block miavdal verdap TEST jun 20 2006	56010	nba/mourning_a_block_miavdal_verdap_TEST_jun_20_2006_vertical_9x16.mp4	mourning_a_block_miavdal_verdap_TEST_jun_20_2006_vertical_9x16.xml
877	0040500406_442	vertical	mourning a block miavdal verdap jun 20 2006	56010	nba/mourning_a_block_miavdal_verdap_jun_20_2006_vertical_9x16.mp4	mourning_a_block_miavdal_verdap_jun_20_2006_vertical_9x16.xml
878	0041300176_538	square	lillard d three sqdap houvpor may 2 2014	7010	nba/lillard_d_three_sqdap_houvpor_may_2_2014_square.mp4	lillard_d_three_sqdap_houvpor_may_2_2014_square.xml
879	0041300176_538	vertical	lillard d three verdap houvpor may 2 2014 v2	17000	nba/lillard_d_three_verdap_houvpor_may_2_2014_v2_vertical_9x16.mp4	lillard_d_three_verdap_houvpor_may_2_2014_v2_vertical_9x16.xml
880	0041300176_538	vertical	lillard d three verdap houvpor may 2 2014 v3	17000	nba/lillard_d_three_verdap_houvpor_may_2_2014_v3_vertical_9x16.mp4	lillard_d_three_verdap_houvpor_may_2_2014_v3_vertical_9x16.xml
881	0041300176_538	vertical	lillard d three verdap houvpor may 2 2014	17009	nba/lillard_d_three_verdap_houvpor_may_2_2014_vertical_9x16.mp4	lillard_d_three_verdap_houvpor_may_2_2014_vertical_9x16.xml
882	0041300176_538	square	lillard d three sqdap houvpor may 2 2014	7010	nba/lillard_d_three_sqdap_houvpor_may_2_2014_square.mp4	lillard_d_three_sqdap_houvpor_may_2_2014_square.xml
883	0041300176_538	vertical	lillard d three verdap houvpor may 2 2014 v2	17000	nba/lillard_d_three_verdap_houvpor_may_2_2014_v2_vertical_9x16.mp4	lillard_d_three_verdap_houvpor_may_2_2014_v2_vertical_9x16.xml
884	0041300176_538	vertical	lillard d three verdap houvpor may 2 2014 v3	17000	nba/lillard_d_three_verdap_houvpor_may_2_2014_v3_vertical_9x16.mp4	lillard_d_three_verdap_houvpor_may_2_2014_v3_vertical_9x16.xml
885	0041300176_538	vertical	lillard d three verdap houvpor may 2 2014	17009	nba/lillard_d_three_verdap_houvpor_may_2_2014_vertical_9x16.mp4	lillard_d_three_verdap_houvpor_may_2_2014_vertical_9x16.xml
886	0041300312_266	vertical	diaw b layup verdap okcvsas may 21 2014 v2	17006	nba/diaw_b_layup_verdap_okcvsas_may_21_2014_v2_vertical_9x16.mp4	diaw_b_layup_verdap_okcvsas_may_21_2014_v2_vertical_9x16.xml
887	0041300312_266	vertical	diaw b layup verdap okcvsas may 21 2014 v2	17006	nba/diaw_b_layup_verdap_okcvsas_may_21_2014_v2_vertical_9x16.mp4	diaw_b_layup_verdap_okcvsas_may_21_2014_v2_vertical_9x16.xml
888	0041300313_296	vertical	ibaka s block sasvokc verdap may 25 2014 v2	41987	nba/ibaka_s_block_sasvokc_verdap_may_25_2014_v2_vertical_9x16.mp4	ibaka_s_block_sasvokc_verdap_may_25_2014_v2_vertical_9x16.xml
889	0041300313_296	vertical	ibaka s block sasvokc verdap may 25 2014 v2	41987	nba/ibaka_s_block_sasvokc_verdap_may_25_2014_v2_vertical_9x16.mp4	ibaka_s_block_sasvokc_verdap_may_25_2014_v2_vertical_9x16.xml
890	1020900012_264	square	jackson l layup seavind sqdap TEST jun 9 2009	53994	nba/jackson_l_layup_seavind_sqdap_TEST_jun_9_2009_square.mp4	jackson_l_layup_seavind_sqdap_TEST_jun_9_2009_square.xml
891	1020900012_264	square	jackson l layup seavind sqdap TEST jun 9 2009	53994	nba/jackson_l_layup_seavind_sqdap_TEST_jun_9_2009_square.mp4	jackson_l_layup_seavind_sqdap_TEST_jun_9_2009_square.xml
892	1020900071_29	square	jackson l layup sqdap sacvsea aug 09 2009	7007	nba/jackson_l_layup_sqdap_sacvsea_aug_09_2009_square.mp4	jackson_l_layup_sqdap_sacvsea_aug_09_2009_square.xml
893	1020900071_29	vertical	jackson l layup verdap sacvsea aug 09 2009	17009	nba/jackson_l_layup_verdap_sacvsea_aug_09_2009_vertical_9x16.mp4	jackson_l_layup_verdap_sacvsea_aug_09_2009_vertical_9x16.xml
894	1020900071_29	square	jackson l layup sqdap sacvsea aug 09 2009	7007	nba/jackson_l_layup_sqdap_sacvsea_aug_09_2009_square.mp4	jackson_l_layup_sqdap_sacvsea_aug_09_2009_square.xml
895	1020900071_29	vertical	jackson l layup verdap sacvsea aug 09 2009	17009	nba/jackson_l_layup_verdap_sacvsea_aug_09_2009_vertical_9x16.mp4	jackson_l_layup_verdap_sacvsea_aug_09_2009_vertical_9x16.xml
896	1020900126_230	square	smith k jumper sqdap nylvdet aug 04 2009	7007	nba/smith_k_jumper_sqdap_nylvdet_aug_04_2009_square.mp4	smith_k_jumper_sqdap_nylvdet_aug_04_2009_square.xml
897	1020900126_230	vertical	smith k jumper verdap nylvdet aug 04 2009	17010	nba/smith_k_jumper_verdap_nylvdet_aug_04_2009_vertical_9x16.mp4	smith_k_jumper_verdap_nylvdet_aug_04_2009_vertical_9x16.xml
898	1020900126_230	vertical	smith k three verdap nylvdet aug 04 2009 TEST	17007	nba/smith_k_three_verdap_nylvdet_aug_04_2009_TEST_vertical_9x16.mp4	smith_k_three_verdap_nylvdet_aug_04_2009_TEST_vertical_9x16.xml
899	1020900126_230	square	smith k jumper sqdap nylvdet aug 04 2009	7007	nba/smith_k_jumper_sqdap_nylvdet_aug_04_2009_square.mp4	smith_k_jumper_sqdap_nylvdet_aug_04_2009_square.xml
900	1020900126_230	vertical	smith k jumper verdap nylvdet aug 04 2009	17010	nba/smith_k_jumper_verdap_nylvdet_aug_04_2009_vertical_9x16.mp4	smith_k_jumper_verdap_nylvdet_aug_04_2009_vertical_9x16.xml
901	1020900126_230	vertical	smith k three verdap nylvdet aug 04 2009 TEST	17007	nba/smith_k_three_verdap_nylvdet_aug_04_2009_TEST_vertical_9x16.mp4	smith_k_three_verdap_nylvdet_aug_04_2009_TEST_vertical_9x16.xml
902	1020900201_228	vertical	cash s layup verdap seavmin sept 05 2009 TEST	17009	nba/cash_s_layup_verdap_seavmin_sept_05_2009_TEST_vertical_9x16.mp4	cash_s_layup_verdap_seavmin_sept_05_2009_TEST_vertical_9x16.xml
903	1020900201_228	vertical	cash s layup verdap seavmin sept 05 2009 TEST	17009	nba/cash_s_layup_verdap_seavmin_sept_05_2009_TEST_vertical_9x16.mp4	cash_s_layup_verdap_seavmin_sept_05_2009_TEST_vertical_9x16.xml
904	1021100005_204	square	hammon b jumper sqdap tulvsas jun 04 2011	7008	nba/hammon_b_jumper_sqdap_tulvsas_jun_04_2011_square.mp4	hammon_b_jumper_sqdap_tulvsas_jun_04_2011_square.xml
905	1021100005_204	vertical	hammon b jumper verdap tulvsas jun 04 2011 v2	17009	nba/hammon_b_jumper_verdap_tulvsas_jun_04_2011_v2_vertical_9x16.mp4	hammon_b_jumper_verdap_tulvsas_jun_04_2011_v2_vertical_9x16.xml
906	1021100005_204	vertical	hammon b jumper verdap tulvsas jun 04 2011	17002	nba/hammon_b_jumper_verdap_tulvsas_jun_04_2011_vertical_9x16.mp4	hammon_b_jumper_verdap_tulvsas_jun_04_2011_vertical_9x16.xml
907	1021100005_204	square	hammon b jumper sqdap tulvsas jun 04 2011	7008	nba/hammon_b_jumper_sqdap_tulvsas_jun_04_2011_square.mp4	hammon_b_jumper_sqdap_tulvsas_jun_04_2011_square.xml
908	1021100005_204	vertical	hammon b jumper verdap tulvsas jun 04 2011 v2	17009	nba/hammon_b_jumper_verdap_tulvsas_jun_04_2011_v2_vertical_9x16.mp4	hammon_b_jumper_verdap_tulvsas_jun_04_2011_v2_vertical_9x16.xml
909	1021100005_204	vertical	hammon b jumper verdap tulvsas jun 04 2011	17002	nba/hammon_b_jumper_verdap_tulvsas_jun_04_2011_vertical_9x16.mp4	hammon_b_jumper_verdap_tulvsas_jun_04_2011_vertical_9x16.xml
910	1021100030_131	square	penicheiro t assist sqdap seavlas jun 19 2011 TEST	7007	nba/penicheiro_t_assist_sqdap_seavlas_jun_19_2011_TEST_square.mp4	penicheiro_t_assist_sqdap_seavlas_jun_19_2011_TEST_square.xml
911	1021100030_131	square	penicheiro t assist sqdap seavlas jun 19 2011 TEST	7007	nba/penicheiro_t_assist_sqdap_seavlas_jun_19_2011_TEST_square.mp4	penicheiro_t_assist_sqdap_seavlas_jun_19_2011_TEST_square.xml
912	1021100073_21	square	hammon b assist sqdap seavsas jul 14 2011 TEST	7008	nba/hammon_b_assist_sqdap_seavsas_jul_14_2011_TEST_square.mp4	hammon_b_assist_sqdap_seavsas_jul_14_2011_TEST_square.xml
913	1021100073_21	vertical	hammon b assist verdap seavsas jul 14 2011 TEST	17008	nba/hammon_b_assist_verdap_seavsas_jul_14_2011_TEST_vertical_9x16.mp4	hammon_b_assist_verdap_seavsas_jul_14_2011_TEST_vertical_9x16.xml
914	1021100073_21	square	hammon b assist sqdap seavsas jul 14 2011 TEST	7008	nba/hammon_b_assist_sqdap_seavsas_jul_14_2011_TEST_square.mp4	hammon_b_assist_sqdap_seavsas_jul_14_2011_TEST_square.xml
915	1021100073_21	vertical	hammon b assist verdap seavsas jul 14 2011 TEST	17008	nba/hammon_b_assist_verdap_seavsas_jul_14_2011_TEST_vertical_9x16.mp4	hammon_b_assist_verdap_seavsas_jul_14_2011_TEST_vertical_9x16.xml
916	1021100106_402	square	whalen l game winner sqdap minvsas jul 31 2011 TEST	7007	nba/whalen_l_game_winner_sqdap_minvsas_jul_31_2011_TEST_square.mp4	whalen_l_game_winner_sqdap_minvsas_jul_31_2011_TEST_square.xml
917	1021100106_402	vertical	whalen l game winner verdap minvsas jul 31 2011 TEST	17007	nba/whalen_l_game_winner_verdap_minvsas_jul_31_2011_TEST_vertical_9x16.mp4	whalen_l_game_winner_verdap_minvsas_jul_31_2011_TEST_vertical_9x16.xml
918	1021100106_402	square	whalen l jumper minvsas sqdap TEST jul 31 2011	34007	nba/whalen_l_jumper_minvsas_sqdap_TEST_jul_31_2011_square.mp4	whalen_l_jumper_minvsas_sqdap_TEST_jul_31_2011_square.xml
919	1021100106_402	vertical	whalen l jumper minvsas verdap TEST jul 31 2011	34007	nba/whalen_l_jumper_minvsas_verdap_TEST_jul_31_2011_vertical_9x16.mp4	whalen_l_jumper_minvsas_verdap_TEST_jul_31_2011_vertical_9x16.xml
920	1021300011_160	square	parker c block lasvsas sqdap TEST jun 1 2013	28987	nba/parker_c_block_lasvsas_sqdap_TEST_jun_1_2013_square.mp4	parker_c_block_lasvsas_sqdap_TEST_jun_1_2013_square.xml
921	1021300011_160	vertical	parker c block lasvsas verdap TEST jun 1 2013	28987	nba/parker_c_block_lasvsas_verdap_TEST_jun_1_2013_vertical_9x16.mp4	parker_c_block_lasvsas_verdap_TEST_jun_1_2013_vertical_9x16.xml
922	1021300011_160	square	parker c block lasvsas sqdap TEST jun 1 2013	28987	nba/parker_c_block_lasvsas_sqdap_TEST_jun_1_2013_square.mp4	parker_c_block_lasvsas_sqdap_TEST_jun_1_2013_square.xml
923	1021300011_160	vertical	parker c block lasvsas verdap TEST jun 1 2013	28987	nba/parker_c_block_lasvsas_verdap_TEST_jun_1_2013_vertical_9x16.mp4	parker_c_block_lasvsas_verdap_TEST_jun_1_2013_vertical_9x16.xml
924	1021300135_111	square	ogwumike n layup sqdap chivlas aug 13 2013	7002	nba/ogwumike_n_layup_sqdap_chivlas_aug_13_2013_square.mp4	ogwumike_n_layup_sqdap_chivlas_aug_13_2013_square.xml
925	1021300135_111	vertical	ogwumike n layup verdap chivlas aug 13 2013	17977	nba/ogwumike_n_layup_verdap_chivlas_aug_13_2013_vertical_9x16.mp4	ogwumike_n_layup_verdap_chivlas_aug_13_2013_vertical_9x16.xml
926	1021300135_111	square	ogwumike n layup sqdap chivlas aug 13 2013	7002	nba/ogwumike_n_layup_sqdap_chivlas_aug_13_2013_square.mp4	ogwumike_n_layup_sqdap_chivlas_aug_13_2013_square.xml
927	1021300135_111	vertical	ogwumike n layup verdap chivlas aug 13 2013	17977	nba/ogwumike_n_layup_verdap_chivlas_aug_13_2013_vertical_9x16.mp4	ogwumike_n_layup_verdap_chivlas_aug_13_2013_vertical_9x16.xml
928	1021800099_372	square	bird s assist sqdap phxvsea july 01 2018	7977	nba/bird_s_assist_sqdap_phxvsea_july_01_2018_square.mp4	bird_s_assist_sqdap_phxvsea_july_01_2018_square.xml
929	1021800099_372	vertical	bird s assist verdap phxvsea july 01 2018	17976	nba/bird_s_assist_verdap_phxvsea_july_01_2018_vertical_9x16.mp4	bird_s_assist_verdap_phxvsea_july_01_2018_vertical_9x16.xml
930	1021800099_372	square	bird s assist sqdap phxvsea july 01 2018	7977	nba/bird_s_assist_sqdap_phxvsea_july_01_2018_square.mp4	bird_s_assist_sqdap_phxvsea_july_01_2018_square.xml
931	1021800099_372	vertical	bird s assist verdap phxvsea july 01 2018	17976	nba/bird_s_assist_verdap_phxvsea_july_01_2018_vertical_9x16.mp4	bird_s_assist_verdap_phxvsea_july_01_2018_vertical_9x16.xml
932	1022100001_570	vertical	ionescu s 3 indvnyl verdap may 14 2021 v2	86004	nba/ionescu_s_3_indvnyl_verdap_may_14_2021_v2_vertical_9x16.mp4	ionescu_s_3_indvnyl_verdap_may_14_2021_v2_vertical_9x16.xml
933	1022100001_570	vertical	ionescu s 3 indvnyl verdap may 14 2021 v2	86004	nba/ionescu_s_3_indvnyl_verdap_may_14_2021_v2_vertical_9x16.mp4	ionescu_s_3_indvnyl_verdap_may_14_2021_v2_vertical_9x16.xml
934	1022100004_7	square	ogwumike n layup sqdap dalvlas may 14 2021	7009	nba/ogwumike_n_layup_sqdap_dalvlas_may_14_2021_square.mp4	ogwumike_n_layup_sqdap_dalvlas_may_14_2021_square.xml
935	1022100004_7	vertical	ogwumike n layup verdap dalvlas may 14 2021	17007	nba/ogwumike_n_layup_verdap_dalvlas_may_14_2021_vertical_9x16.mp4	ogwumike_n_layup_verdap_dalvlas_may_14_2021_vertical_9x16.xml
936	1022100004_7	square	ogwumike n layup sqdap dalvlas may 14 2021	7009	nba/ogwumike_n_layup_sqdap_dalvlas_may_14_2021_square.mp4	ogwumike_n_layup_sqdap_dalvlas_may_14_2021_square.xml
937	1022100004_7	vertical	ogwumike n layup verdap dalvlas may 14 2021	17007	nba/ogwumike_n_layup_verdap_dalvlas_may_14_2021_vertical_9x16.mp4	ogwumike_n_layup_verdap_dalvlas_may_14_2021_vertical_9x16.xml
938	1022100005_17	square	parker c layup chivwas sqdap may 15 2021	20000	nba/parker_c_layup_chivwas_sqdap_may_15_2021_square.mp4	parker_c_layup_chivwas_sqdap_may_15_2021_square.xml
939	1022100005_17	vertical	parker c layup chivwas verdap may 15 2021	20000	nba/parker_c_layup_chivwas_verdap_may_15_2021_vertical_9x16.mp4	parker_c_layup_chivwas_verdap_may_15_2021_vertical_9x16.xml
940	1022100011_125	square	hamby d layup sqdap lvavsea may 18 2021	7007	nba/hamby_d_layup_sqdap_lvavsea_may_18_2021_square.mp4	hamby_d_layup_sqdap_lvavsea_may_18_2021_square.xml
941	1022100011_125	vertical	hamby d layup verdap lvavsea may 18 2021	17007	nba/hamby_d_layup_verdap_lvavsea_may_18_2021_vertical_9x16.mp4	hamby_d_layup_verdap_lvavsea_may_18_2021_vertical_9x16.xml
942	1022100011_125	square	hamby d layup sqdap lvavsea may 18 2021	7007	nba/hamby_d_layup_sqdap_lvavsea_may_18_2021_square.mp4	hamby_d_layup_sqdap_lvavsea_may_18_2021_square.xml
943	1022100011_125	vertical	hamby d layup verdap lvavsea may 18 2021	17007	nba/hamby_d_layup_verdap_lvavsea_may_18_2021_vertical_9x16.mp4	hamby_d_layup_verdap_lvavsea_may_18_2021_vertical_9x16.xml
944	1022100011_399	vertical	samuelson k 3 lvavsea verdap may 18 2021 v2	46993	nba/samuelson_k_3_lvavsea_verdap_may_18_2021_v2_vertical_9x16.mp4	samuelson_k_3_lvavsea_verdap_may_18_2021_v2_vertical_9x16.xml
945	1022100011_399	vertical	samuelson k 3 lvavsea verdap may 18 2021 v2	46993	nba/samuelson_k_3_lvavsea_verdap_may_18_2021_v2_vertical_9x16.mp4	samuelson_k_3_lvavsea_verdap_may_18_2021_v2_vertical_9x16.xml
946	1022100019_453	vertical	canada j jumper seavdal verdap may 22 2021 v2	20000	nba/canada_j_jumper_seavdal_verdap_may_22_2021_v2_vertical_9x16.mp4	canada_j_jumper_seavdal_verdap_may_22_2021_v2_vertical_9x16.xml
947	1022100019_453	vertical	canada j jumper seavdal verdap may 22 2021 v2	20000	nba/canada_j_jumper_seavdal_verdap_may_22_2021_v2_vertical_9x16.mp4	canada_j_jumper_seavdal_verdap_may_22_2021_v2_vertical_9x16.xml
948	1022100022_411	square	mompremier b block convlva sqdap may 23 2021 v2	37017	nba/mompremier_b_block_convlva_sqdap_may_23_2021_v2_square.mp4	mompremier_b_block_convlva_sqdap_may_23_2021_v2_square.xml
949	1022100022_411	square	mompremier b block convlva sqdap may 23 2021 v2	37017	nba/mompremier_b_block_convlva_sqdap_may_23_2021_v2_square.mp4	mompremier_b_block_convlva_sqdap_may_23_2021_v2_square.xml
950	1022100023_139	square	gondrezick k 3 wasvind sqdap may 25 2021	20000	nba/gondrezick_k_3_wasvind_sqdap_may_25_2021_square.mp4	gondrezick_k_3_wasvind_sqdap_may_25_2021_square.xml
951	1022100023_139	vertical	gondrezick k 3 wasvind verdap may 25 2021	20000	nba/gondrezick_k_3_wasvind_verdap_may_25_2021_vertical_9x16.mp4	gondrezick_k_3_wasvind_verdap_may_25_2021_vertical_9x16.xml
952	1022100023_139	square	gondrezick k 3 wasvind sqdap may 25 2021	20000	nba/gondrezick_k_3_wasvind_sqdap_may_25_2021_square.mp4	gondrezick_k_3_wasvind_sqdap_may_25_2021_square.xml
953	1022100023_139	vertical	gondrezick k 3 wasvind verdap may 25 2021	20000	nba/gondrezick_k_3_wasvind_verdap_may_25_2021_vertical_9x16.mp4	gondrezick_k_3_wasvind_verdap_may_25_2021_vertical_9x16.xml
954	1022100025_78	square	mcdonald a 3 atlvchi sqdap may 25 2021	27977	nba/mcdonald_a_3_atlvchi_sqdap_may_25_2021_square.mp4	mcdonald_a_3_atlvchi_sqdap_may_25_2021_square.xml
955	1022100025_78	vertical	mcdonald a 3 atlvchi verdap may 25 2021	27977	nba/mcdonald_a_3_atlvchi_verdap_may_25_2021_vertical_9x16.mp4	mcdonald_a_3_atlvchi_verdap_may_25_2021_vertical_9x16.xml
956	1022100025_78	square	mcdonald a 3 atlvchi sqdap may 25 2021	27977	nba/mcdonald_a_3_atlvchi_sqdap_may_25_2021_square.mp4	mcdonald_a_3_atlvchi_sqdap_may_25_2021_square.xml
957	1022100025_78	vertical	mcdonald a 3 atlvchi verdap may 25 2021	27977	nba/mcdonald_a_3_atlvchi_verdap_may_25_2021_vertical_9x16.mp4	mcdonald_a_3_atlvchi_verdap_may_25_2021_vertical_9x16.xml
958	1022100035_220	square	deshields d block lasvchi sqdap may 30 2021	24979	nba/deshields_d_block_lasvchi_sqdap_may_30_2021_square.mp4	deshields_d_block_lasvchi_sqdap_may_30_2021_square.xml
959	1022100035_220	square	deshields d block lasvchi sqdap may 30 2021 v2	24979	nba/deshields_d_block_lasvchi_sqdap_may_30_2021_v2_square.mp4	deshields_d_block_lasvchi_sqdap_may_30_2021_v2_square.xml
960	1022100035_220	vertical	deshields d block lasvchi verdap may 30 2021 v2	24979	nba/deshields_d_block_lasvchi_verdap_may_30_2021_v2_vertical_9x16.mp4	deshields_d_block_lasvchi_verdap_may_30_2021_v2_vertical_9x16.xml
961	1022100035_220	vertical	deshields d block lasvchi verdap may 30 2021	24979	nba/deshields_d_block_lasvchi_verdap_may_30_2021_vertical_9x16.mp4	deshields_d_block_lasvchi_verdap_may_30_2021_vertical_9x16.xml
962	1022100035_220	square	deshields d block lasvchi sqdap may 30 2021	24979	nba/deshields_d_block_lasvchi_sqdap_may_30_2021_square.mp4	deshields_d_block_lasvchi_sqdap_may_30_2021_square.xml
963	1022100035_220	square	deshields d block lasvchi sqdap may 30 2021 v2	24979	nba/deshields_d_block_lasvchi_sqdap_may_30_2021_v2_square.mp4	deshields_d_block_lasvchi_sqdap_may_30_2021_v2_square.xml
964	1022100035_220	vertical	deshields d block lasvchi verdap may 30 2021 v2	24979	nba/deshields_d_block_lasvchi_verdap_may_30_2021_v2_vertical_9x16.mp4	deshields_d_block_lasvchi_verdap_may_30_2021_v2_vertical_9x16.xml
965	1022100035_220	vertical	deshields d block lasvchi verdap may 30 2021	24979	nba/deshields_d_block_lasvchi_verdap_may_30_2021_vertical_9x16.mp4	deshields_d_block_lasvchi_verdap_may_30_2021_vertical_9x16.xml
966	1022100035_410	vertical	sykes b block lasvchi verdap may 30 2021 v2	20000	nba/sykes_b_block_lasvchi_verdap_may_30_2021_v2_vertical_9x16.mp4	sykes_b_block_lasvchi_verdap_may_30_2021_v2_vertical_9x16.xml
967	1022100035_410	vertical	sykes b block lasvchi verdap may 30 2021 v2	20000	nba/sykes_b_block_lasvchi_verdap_may_30_2021_v2_vertical_9x16.mp4	sykes_b_block_lasvchi_verdap_may_30_2021_v2_vertical_9x16.xml
968	1022100035_483	square	deshields d alleyoop sqdap lasvchi may 30 2021	7008	nba/deshields_d_alleyoop_sqdap_lasvchi_may_30_2021_square.mp4	deshields_d_alleyoop_sqdap_lasvchi_may_30_2021_square.xml
969	1022100035_483	vertical	deshields d alleyoop verdap lasvchi may 30 2021	17002	nba/deshields_d_alleyoop_verdap_lasvchi_may_30_2021_vertical_9x16.mp4	deshields_d_alleyoop_verdap_lasvchi_may_30_2021_vertical_9x16.xml
970	1022100035_483	square	deshields d alleyoop sqdap lasvchi may 30 2021	7008	nba/deshields_d_alleyoop_sqdap_lasvchi_may_30_2021_square.mp4	deshields_d_alleyoop_sqdap_lasvchi_may_30_2021_square.xml
971	1022100035_483	vertical	deshields d alleyoop verdap lasvchi may 30 2021	17002	nba/deshields_d_alleyoop_verdap_lasvchi_may_30_2021_vertical_9x16.mp4	deshields_d_alleyoop_verdap_lasvchi_may_30_2021_vertical_9x16.xml
972	1022100054_41	square	parker c assist sqdap indvchi jun 9 2021	7979	nba/parker_c_assist_sqdap_indvchi_jun_9_2021_square.mp4	parker_c_assist_sqdap_indvchi_jun_9_2021_square.xml
973	1022100054_41	vertical	parker c assist verdap indvchi jun 9 2021 v2	17011	nba/parker_c_assist_verdap_indvchi_jun_9_2021_v2_vertical_9x16.mp4	parker_c_assist_verdap_indvchi_jun_9_2021_v2_vertical_9x16.xml
974	1022100054_41	vertical	parker c assist verdap indvchi jun 9 2021	17014	nba/parker_c_assist_verdap_indvchi_jun_9_2021_vertical_9x16.mp4	parker_c_assist_verdap_indvchi_jun_9_2021_vertical_9x16.xml
975	1022100054_41	square	parker c assist sqdap indvchi jun 9 2021	7979	nba/parker_c_assist_sqdap_indvchi_jun_9_2021_square.mp4	parker_c_assist_sqdap_indvchi_jun_9_2021_square.xml
976	1022100054_41	vertical	parker c assist verdap indvchi jun 9 2021 v2	17011	nba/parker_c_assist_verdap_indvchi_jun_9_2021_v2_vertical_9x16.mp4	parker_c_assist_verdap_indvchi_jun_9_2021_v2_vertical_9x16.xml
977	1022100054_41	vertical	parker c assist verdap indvchi jun 9 2021	17014	nba/parker_c_assist_verdap_indvchi_jun_9_2021_vertical_9x16.mp4	parker_c_assist_verdap_indvchi_jun_9_2021_vertical_9x16.xml
978	1022100062_85	square	charles t jumper sqdap wasvatl jun 13 2021	7977	nba/charles_t_jumper_sqdap_wasvatl_jun_13_2021_square.mp4	charles_t_jumper_sqdap_wasvatl_jun_13_2021_square.xml
979	1022100062_85	vertical	charles t jumper verdap wasvatl jun 13 2021 v2	17979	nba/charles_t_jumper_verdap_wasvatl_jun_13_2021_v2_vertical_9x16.mp4	charles_t_jumper_verdap_wasvatl_jun_13_2021_v2_vertical_9x16.xml
980	1022100062_85	vertical	charles t jumper verdap wasvatl jun 13 2021	17976	nba/charles_t_jumper_verdap_wasvatl_jun_13_2021_vertical_9x16.mp4	charles_t_jumper_verdap_wasvatl_jun_13_2021_vertical_9x16.xml
981	1022100062_85	square	charles t jumper sqdap wasvatl jun 13 2021	7977	nba/charles_t_jumper_sqdap_wasvatl_jun_13_2021_square.mp4	charles_t_jumper_sqdap_wasvatl_jun_13_2021_square.xml
982	1022100062_85	vertical	charles t jumper verdap wasvatl jun 13 2021 v2	17979	nba/charles_t_jumper_verdap_wasvatl_jun_13_2021_v2_vertical_9x16.mp4	charles_t_jumper_verdap_wasvatl_jun_13_2021_v2_vertical_9x16.xml
983	1022100062_85	vertical	charles t jumper verdap wasvatl jun 13 2021	17976	nba/charles_t_jumper_verdap_wasvatl_jun_13_2021_vertical_9x16.mp4	charles_t_jumper_verdap_wasvatl_jun_13_2021_vertical_9x16.xml
984	1022100063_256	vertical	wilson a block verdap dalvlva jun 13 2021 v3	17007	nba/wilson_a_block_verdap_dalvlva_jun_13_2021_v3_vertical_9x16.mp4	wilson_a_block_verdap_dalvlva_jun_13_2021_v3_vertical_9x16.xml
985	1022100063_256	vertical	wilson a block verdap dalvlva jun 13 2021 v4	17007	nba/wilson_a_block_verdap_dalvlva_jun_13_2021_v4_vertical_9x16.mp4	wilson_a_block_verdap_dalvlva_jun_13_2021_v4_vertical_9x16.xml
986	1022100063_256	vertical	wilson a block verdap dalvlva jun 13 2021 v3	17007	nba/wilson_a_block_verdap_dalvlva_jun_13_2021_v3_vertical_9x16.mp4	wilson_a_block_verdap_dalvlva_jun_13_2021_v3_vertical_9x16.xml
987	1022100063_256	vertical	wilson a block verdap dalvlva jun 13 2021 v4	17007	nba/wilson_a_block_verdap_dalvlva_jun_13_2021_v4_vertical_9x16.mp4	wilson_a_block_verdap_dalvlva_jun_13_2021_v4_vertical_9x16.xml
988	1022100063_628	square	cambage e three sqdap dalvlva jun 13 2021	7006	nba/cambage_e_three_sqdap_dalvlva_jun_13_2021_square.mp4	cambage_e_three_sqdap_dalvlva_jun_13_2021_square.xml
989	1022100063_628	square	cambage e three sqdap dalvlva jun 13 2021 v2	7000	nba/cambage_e_three_sqdap_dalvlva_jun_13_2021_v2_square.mp4	cambage_e_three_sqdap_dalvlva_jun_13_2021_v2_square.xml
990	1022100063_628	vertical	cambage e three verdap dalvlva jun 13 2021 v2	17000	nba/cambage_e_three_verdap_dalvlva_jun_13_2021_v2_vertical_9x16.mp4	cambage_e_three_verdap_dalvlva_jun_13_2021_v2_vertical_9x16.xml
991	1022100063_628	vertical	cambage e three verdap dalvlva jun 13 2021	17007	nba/cambage_e_three_verdap_dalvlva_jun_13_2021_vertical_9x16.mp4	cambage_e_three_verdap_dalvlva_jun_13_2021_vertical_9x16.xml
992	1022100063_628	square	cambage e three sqdap dalvlva jun 13 2021	7006	nba/cambage_e_three_sqdap_dalvlva_jun_13_2021_square.mp4	cambage_e_three_sqdap_dalvlva_jun_13_2021_square.xml
993	1022100063_628	square	cambage e three sqdap dalvlva jun 13 2021 v2	7000	nba/cambage_e_three_sqdap_dalvlva_jun_13_2021_v2_square.mp4	cambage_e_three_sqdap_dalvlva_jun_13_2021_v2_square.xml
994	1022100063_628	vertical	cambage e three verdap dalvlva jun 13 2021 v2	17000	nba/cambage_e_three_verdap_dalvlva_jun_13_2021_v2_vertical_9x16.mp4	cambage_e_three_verdap_dalvlva_jun_13_2021_v2_vertical_9x16.xml
995	1022100063_628	vertical	cambage e three verdap dalvlva jun 13 2021	17007	nba/cambage_e_three_verdap_dalvlva_jun_13_2021_vertical_9x16.mp4	cambage_e_three_verdap_dalvlva_jun_13_2021_vertical_9x16.xml
996	1022100070_438	vertical	bradford c atlvwas verdap jun 17 2021 v2	40025	nba/bradford_c_atlvwas_verdap_jun_17_2021_v2_vertical_9x16.mp4	bradford_c_atlvwas_verdap_jun_17_2021_v2_vertical_9x16.xml
997	1022100070_438	vertical	bradford c atlvwas verdap jun 17 2021 v2	40025	nba/bradford_c_atlvwas_verdap_jun_17_2021_v2_vertical_9x16.mp4	bradford_c_atlvwas_verdap_jun_17_2021_v2_vertical_9x16.xml
998	1022100093_129	square	atkins a assist sqdap convwas jun 29 2021	7009	nba/atkins_a_assist_sqdap_convwas_jun_29_2021_square.mp4	atkins_a_assist_sqdap_convwas_jun_29_2021_square.xml
999	1022100093_129	vertical	atkins a assist verdap convwas jun 29 2021	17002	nba/atkins_a_assist_verdap_convwas_jun_29_2021_vertical_9x16.mp4	atkins_a_assist_verdap_convwas_jun_29_2021_vertical_9x16.xml
1000	1022100093_129	square	atkins a assist sqdap convwas jun 29 2021	7009	nba/atkins_a_assist_sqdap_convwas_jun_29_2021_square.mp4	atkins_a_assist_sqdap_convwas_jun_29_2021_square.xml
1001	1022100093_129	vertical	atkins a assist verdap convwas jun 29 2021	17002	nba/atkins_a_assist_verdap_convwas_jun_29_2021_vertical_9x16.mp4	atkins_a_assist_verdap_convwas_jun_29_2021_vertical_9x16.xml
1002	1022100099_425	square	wheeler e assist sqdap lvavlas jul 2 2021	7007	nba/wheeler_e_assist_sqdap_lvavlas_jul_2_2021_square.mp4	wheeler_e_assist_sqdap_lvavlas_jul_2_2021_square.xml
1003	1022100099_425	vertical	wheeler e assist verdap lvavlas jul 2 2021	17008	nba/wheeler_e_assist_verdap_lvavlas_jul_2_2021_vertical_9x16.mp4	wheeler_e_assist_verdap_lvavlas_jul_2_2021_vertical_9x16.xml
1004	1022100099_425	square	wheeler e assist sqdap lvavlas jul 2 2021	7007	nba/wheeler_e_assist_sqdap_lvavlas_jul_2_2021_square.mp4	wheeler_e_assist_sqdap_lvavlas_jul_2_2021_square.xml
1005	1022100099_425	vertical	wheeler e assist verdap lvavlas jul 2 2021	17008	nba/wheeler_e_assist_verdap_lvavlas_jul_2_2021_vertical_9x16.mp4	wheeler_e_assist_verdap_lvavlas_jul_2_2021_vertical_9x16.xml
1006	1022100100_359	square	fowles s block sqdap minvpho jul 3 2021	7003	nba/fowles_s_block_sqdap_minvpho_jul_3_2021_square.mp4	fowles_s_block_sqdap_minvpho_jul_3_2021_square.xml
1007	1022100100_359	vertical	fowles s block verdap minvpho jul 3 2021	17001	nba/fowles_s_block_verdap_minvpho_jul_3_2021_vertical_9x16.mp4	fowles_s_block_verdap_minvpho_jul_3_2021_vertical_9x16.xml
1008	1022100100_359	square	fowles s block sqdap minvpho jul 3 2021	7003	nba/fowles_s_block_sqdap_minvpho_jul_3_2021_square.mp4	fowles_s_block_sqdap_minvpho_jul_3_2021_square.xml
1009	1022100100_359	vertical	fowles s block verdap minvpho jul 3 2021	17001	nba/fowles_s_block_verdap_minvpho_jul_3_2021_vertical_9x16.mp4	fowles_s_block_verdap_minvpho_jul_3_2021_vertical_9x16.xml
1010	1022100112_334	square	bird s assist sqdap seavpho july 09 2021	7007	nba/bird_s_assist_sqdap_seavpho_july_09_2021_square.mp4	bird_s_assist_sqdap_seavpho_july_09_2021_square.xml
1011	1022100112_334	vertical	bird s assist verdap seavpho july 09 2021	17009	nba/bird_s_assist_verdap_seavpho_july_09_2021_vertical_9x16.mp4	bird_s_assist_verdap_seavpho_july_09_2021_vertical_9x16.xml
1012	1022100112_334	square	bird s assist sqdap seavpho july 09 2021	7007	nba/bird_s_assist_sqdap_seavpho_july_09_2021_square.mp4	bird_s_assist_sqdap_seavpho_july_09_2021_square.xml
1013	1022100112_334	vertical	bird s assist verdap seavpho july 09 2021	17009	nba/bird_s_assist_verdap_seavpho_july_09_2021_vertical_9x16.mp4	bird_s_assist_verdap_seavpho_july_09_2021_vertical_9x16.xml
1014	1022100116_257	square	jones b layup sqdap convnyl jul 11 2021	7977	nba/jones_b_layup_sqdap_convnyl_jul_11_2021_square.mp4	jones_b_layup_sqdap_convnyl_jul_11_2021_square.xml
1015	1022100116_257	vertical	jones b layup verdap convnyl jul 11 2021	17007	nba/jones_b_layup_verdap_convnyl_jul_11_2021_vertical_9x16.mp4	jones_b_layup_verdap_convnyl_jul_11_2021_vertical_9x16.xml
1016	1022100116_257	square	jones b layup sqdap convnyl jul 11 2021	7977	nba/jones_b_layup_sqdap_convnyl_jul_11_2021_square.mp4	jones_b_layup_sqdap_convnyl_jul_11_2021_square.xml
1017	1022100116_257	vertical	jones b layup verdap convnyl jul 11 2021	17007	nba/jones_b_layup_verdap_convnyl_jul_11_2021_vertical_9x16.mp4	jones_b_layup_verdap_convnyl_jul_11_2021_vertical_9x16.xml
1018	1041100301_224	square	moore m layup sqdap atlvmin oct 02 2011 TEST	7979	nba/moore_m_layup_sqdap_atlvmin_oct_02_2011_TEST_square.mp4	moore_m_layup_sqdap_atlvmin_oct_02_2011_TEST_square.xml
1019	1041100301_224	vertical	moore m layup verdap atlvmin oct 02 2011 TEST	17979	nba/moore_m_layup_verdap_atlvmin_oct_02_2011_TEST_vertical_9x16.mp4	moore_m_layup_verdap_atlvmin_oct_02_2011_TEST_vertical_9x16.xml
1020	1041100301_224	square	moore m layup sqdap atlvmin oct 02 2011 TEST	7979	nba/moore_m_layup_sqdap_atlvmin_oct_02_2011_TEST_square.mp4	moore_m_layup_sqdap_atlvmin_oct_02_2011_TEST_square.xml
1021	1041100301_224	vertical	moore m layup verdap atlvmin oct 02 2011 TEST	17979	nba/moore_m_layup_verdap_atlvmin_oct_02_2011_TEST_vertical_9x16.mp4	moore_m_layup_verdap_atlvmin_oct_02_2011_TEST_vertical_9x16.xml
1022	0020500222_449	square	ariza t TEST dunk sqdap nykvdet dec 02 2005	7007	nba/ariza_t_TEST_dunk_sqdap_nykvdet_dec_02_2005_square.mp4	ariza_t_TEST_dunk_sqdap_nykvdet_dec_02_2005_square.xml
1023	0020500222_449	vertical	ariza t TEST dunk verdap nykvdet dec 02 2005	17007	nba/ariza_t_TEST_dunk_verdap_nykvdet_dec_02_2005_vertical_9x16.mp4	ariza_t_TEST_dunk_verdap_nykvdet_dec_02_2005_vertical_9x16.xml
1024	0020500222_449	square	ariza t dunk sqdap nykvdet dec 02 2005	7000	nba/ariza_t_dunk_sqdap_nykvdet_dec_02_2005_square.mp4	ariza_t_dunk_sqdap_nykvdet_dec_02_2005_square.xml
1025	0020500222_449	vertical	ariza t dunk verdap nykvdet dec 02 2005	17000	nba/ariza_t_dunk_verdap_nykvdet_dec_02_2005_vertical_9x16.mp4	ariza_t_dunk_verdap_nykvdet_dec_02_2005_vertical_9x16.xml
1026	0020500222_449	square	ariza t TEST dunk sqdap nykvdet dec 02 2005	7007	nba/ariza_t_TEST_dunk_sqdap_nykvdet_dec_02_2005_square.mp4	ariza_t_TEST_dunk_sqdap_nykvdet_dec_02_2005_square.xml
1027	0020500222_449	vertical	ariza t TEST dunk verdap nykvdet dec 02 2005	17007	nba/ariza_t_TEST_dunk_verdap_nykvdet_dec_02_2005_vertical_9x16.mp4	ariza_t_TEST_dunk_verdap_nykvdet_dec_02_2005_vertical_9x16.xml
1028	0020500222_449	square	ariza t dunk sqdap nykvdet dec 02 2005	7000	nba/ariza_t_dunk_sqdap_nykvdet_dec_02_2005_square.mp4	ariza_t_dunk_sqdap_nykvdet_dec_02_2005_square.xml
1029	0020500222_449	vertical	ariza t dunk verdap nykvdet dec 02 2005	17000	nba/ariza_t_dunk_verdap_nykvdet_dec_02_2005_vertical_9x16.mp4	ariza_t_dunk_verdap_nykvdet_dec_02_2005_vertical_9x16.xml
1030	0020500336_157	square	ilgauskas z assist miavcle sqdap TEST dec 17 2005	24999	nba/ilgauskas_z_assist_miavcle_sqdap_TEST_dec_17_2005_square.mp4	ilgauskas_z_assist_miavcle_sqdap_TEST_dec_17_2005_square.xml
1031	0020500336_157	square	ilgauskas z assist miavcle sqdap dec 17 2005	24999	nba/ilgauskas_z_assist_miavcle_sqdap_dec_17_2005_square.mp4	ilgauskas_z_assist_miavcle_sqdap_dec_17_2005_square.xml
1032	0020500336_157	vertical	ilgauskas z assist miavcle verdap TEST dec 17 2005	24999	nba/ilgauskas_z_assist_miavcle_verdap_TEST_dec_17_2005_vertical_9x16.mp4	ilgauskas_z_assist_miavcle_verdap_TEST_dec_17_2005_vertical_9x16.xml
1033	0020500336_157	vertical	ilgauskas z assist miavcle verdap dec 17 2005	24999	nba/ilgauskas_z_assist_miavcle_verdap_dec_17_2005_vertical_9x16.mp4	ilgauskas_z_assist_miavcle_verdap_dec_17_2005_vertical_9x16.xml
1034	0020500336_157	square	ilgauskas z assist miavcle sqdap TEST dec 17 2005	24999	nba/ilgauskas_z_assist_miavcle_sqdap_TEST_dec_17_2005_square.mp4	ilgauskas_z_assist_miavcle_sqdap_TEST_dec_17_2005_square.xml
1035	0020500336_157	square	ilgauskas z assist miavcle sqdap dec 17 2005	24999	nba/ilgauskas_z_assist_miavcle_sqdap_dec_17_2005_square.mp4	ilgauskas_z_assist_miavcle_sqdap_dec_17_2005_square.xml
1036	0020500336_157	vertical	ilgauskas z assist miavcle verdap TEST dec 17 2005	24999	nba/ilgauskas_z_assist_miavcle_verdap_TEST_dec_17_2005_vertical_9x16.mp4	ilgauskas_z_assist_miavcle_verdap_TEST_dec_17_2005_vertical_9x16.xml
1037	0020500336_157	vertical	ilgauskas z assist miavcle verdap dec 17 2005	24999	nba/ilgauskas_z_assist_miavcle_verdap_dec_17_2005_vertical_9x16.mp4	ilgauskas_z_assist_miavcle_verdap_dec_17_2005_vertical_9x16.xml
1038	0020500341_313	square	iguodala a dunk phivtor sqdap TEST dec 18 2005	12979	nba/iguodala_a_dunk_phivtor_sqdap_TEST_dec_18_2005_square.mp4	iguodala_a_dunk_phivtor_sqdap_TEST_dec_18_2005_square.xml
1039	0020500341_313	vertical	iguodala a dunk phivtor verdap TEST dec 18 2005	12979	nba/iguodala_a_dunk_phivtor_verdap_TEST_dec_18_2005_vertical_9x16.mp4	iguodala_a_dunk_phivtor_verdap_TEST_dec_18_2005_vertical_9x16.xml
1040	0020500341_313	square	iguodala a dunk phivtor sqdap TEST dec 18 2005	12979	nba/iguodala_a_dunk_phivtor_sqdap_TEST_dec_18_2005_square.mp4	iguodala_a_dunk_phivtor_sqdap_TEST_dec_18_2005_square.xml
1041	0020500341_313	vertical	iguodala a dunk phivtor verdap TEST dec 18 2005	12979	nba/iguodala_a_dunk_phivtor_verdap_TEST_dec_18_2005_vertical_9x16.mp4	iguodala_a_dunk_phivtor_verdap_TEST_dec_18_2005_vertical_9x16.xml
1042	0020500361_463	square	carter v alleyoop sqdap njnvorl dec 21 2005	7002	nba/carter_v_alleyoop_sqdap_njnvorl_dec_21_2005_square.mp4	carter_v_alleyoop_sqdap_njnvorl_dec_21_2005_square.xml
1043	0020500361_463	vertical	carter v alleyoop verdap njnvorl dec 21 2005	18014	nba/carter_v_alleyoop_verdap_njnvorl_dec_21_2005_vertical_9x16.mp4	carter_v_alleyoop_verdap_njnvorl_dec_21_2005_vertical_9x16.xml
1044	0020500361_463	square	carter v alleyoop sqdap njnvorl dec 21 2005	7002	nba/carter_v_alleyoop_sqdap_njnvorl_dec_21_2005_square.mp4	carter_v_alleyoop_sqdap_njnvorl_dec_21_2005_square.xml
1045	0020500361_463	vertical	carter v alleyoop verdap njnvorl dec 21 2005	18014	nba/carter_v_alleyoop_verdap_njnvorl_dec_21_2005_vertical_9x16.mp4	carter_v_alleyoop_verdap_njnvorl_dec_21_2005_vertical_9x16.xml
1046	0020500364_182	square	horry r assist sanvnyk sqdap TEST dec 21 2005	23018	nba/horry_r_assist_sanvnyk_sqdap_TEST_dec_21_2005_square.mp4	horry_r_assist_sanvnyk_sqdap_TEST_dec_21_2005_square.xml
1047	0020500364_182	square	horry r assist sanvnyk sqdap dec 21 2005	23018	nba/horry_r_assist_sanvnyk_sqdap_dec_21_2005_square.mp4	horry_r_assist_sanvnyk_sqdap_dec_21_2005_square.xml
1048	0020500364_182	vertical	horry r assist sanvnyk verdap TEST dec 21 2005	23018	nba/horry_r_assist_sanvnyk_verdap_TEST_dec_21_2005_vertical_9x16.mp4	horry_r_assist_sanvnyk_verdap_TEST_dec_21_2005_vertical_9x16.xml
1049	0020500364_182	vertical	horry r assist sanvnyk verdap dec 21 2005	23018	nba/horry_r_assist_sanvnyk_verdap_dec_21_2005_vertical_9x16.mp4	horry_r_assist_sanvnyk_verdap_dec_21_2005_vertical_9x16.xml
1050	0020500364_182	square	horry r assist sanvnyk sqdap TEST dec 21 2005	23018	nba/horry_r_assist_sanvnyk_sqdap_TEST_dec_21_2005_square.mp4	horry_r_assist_sanvnyk_sqdap_TEST_dec_21_2005_square.xml
1051	0020500364_182	square	horry r assist sanvnyk sqdap dec 21 2005	23018	nba/horry_r_assist_sanvnyk_sqdap_dec_21_2005_square.mp4	horry_r_assist_sanvnyk_sqdap_dec_21_2005_square.xml
1052	0020500364_182	vertical	horry r assist sanvnyk verdap TEST dec 21 2005	23018	nba/horry_r_assist_sanvnyk_verdap_TEST_dec_21_2005_vertical_9x16.mp4	horry_r_assist_sanvnyk_verdap_TEST_dec_21_2005_vertical_9x16.xml
1053	0020500364_182	vertical	horry r assist sanvnyk verdap dec 21 2005	23018	nba/horry_r_assist_sanvnyk_verdap_dec_21_2005_vertical_9x16.mp4	horry_r_assist_sanvnyk_verdap_dec_21_2005_vertical_9x16.xml
1054	0020500407_61	square	stevenson d layup nykvorl sqdap TEST dec 28 2005	18988	nba/stevenson_d_layup_nykvorl_sqdap_TEST_dec_28_2005_square.mp4	stevenson_d_layup_nykvorl_sqdap_TEST_dec_28_2005_square.xml
1055	0020500407_61	square	stevenson d layup nykvorl sqdap dec 28 2005	18988	nba/stevenson_d_layup_nykvorl_sqdap_dec_28_2005_square.mp4	stevenson_d_layup_nykvorl_sqdap_dec_28_2005_square.xml
1056	0020500407_61	vertical	stevenson d layup nykvorl verdap TEST dec 28 2005	18988	nba/stevenson_d_layup_nykvorl_verdap_TEST_dec_28_2005_vertical_9x16.mp4	stevenson_d_layup_nykvorl_verdap_TEST_dec_28_2005_vertical_9x16.xml
1057	0020500407_61	vertical	stevenson d layup nykvorl verdap dec 28 2005	18988	nba/stevenson_d_layup_nykvorl_verdap_dec_28_2005_vertical_9x16.mp4	stevenson_d_layup_nykvorl_verdap_dec_28_2005_vertical_9x16.xml
1058	0020500407_61	square	stevenson d layup nykvorl sqdap TEST dec 28 2005	18988	nba/stevenson_d_layup_nykvorl_sqdap_TEST_dec_28_2005_square.mp4	stevenson_d_layup_nykvorl_sqdap_TEST_dec_28_2005_square.xml
1059	0020500407_61	square	stevenson d layup nykvorl sqdap dec 28 2005	18988	nba/stevenson_d_layup_nykvorl_sqdap_dec_28_2005_square.mp4	stevenson_d_layup_nykvorl_sqdap_dec_28_2005_square.xml
1060	0020500407_61	vertical	stevenson d layup nykvorl verdap TEST dec 28 2005	18988	nba/stevenson_d_layup_nykvorl_verdap_TEST_dec_28_2005_vertical_9x16.mp4	stevenson_d_layup_nykvorl_verdap_TEST_dec_28_2005_vertical_9x16.xml
1061	0020500407_61	vertical	stevenson d layup nykvorl verdap dec 28 2005	18988	nba/stevenson_d_layup_nykvorl_verdap_dec_28_2005_vertical_9x16.mp4	stevenson_d_layup_nykvorl_verdap_dec_28_2005_vertical_9x16.xml
1062	0020500421_73	square	nash s assist sqdap phovcha dec 30 2005	7007	nba/nash_s_assist_sqdap_phovcha_dec_30_2005_square.mp4	nash_s_assist_sqdap_phovcha_dec_30_2005_square.xml
1063	0020500421_73	vertical	nash s assist verdap phovcha dec 30 2005	17006	nba/nash_s_assist_verdap_phovcha_dec_30_2005_vertical_9x16.mp4	nash_s_assist_verdap_phovcha_dec_30_2005_vertical_9x16.xml
1064	0020500421_73	square	nash s assist sqdap phovcha dec 30 2005	7007	nba/nash_s_assist_sqdap_phovcha_dec_30_2005_square.mp4	nash_s_assist_sqdap_phovcha_dec_30_2005_square.xml
1065	0020500421_73	vertical	nash s assist verdap phovcha dec 30 2005	17006	nba/nash_s_assist_verdap_phovcha_dec_30_2005_vertical_9x16.mp4	nash_s_assist_verdap_phovcha_dec_30_2005_vertical_9x16.xml
1066	0020500451_318	square	mason d dunk sqdap miavnoh jan 04 2006	7007	nba/mason_d_dunk_sqdap_miavnoh_jan_04_2006_square.mp4	mason_d_dunk_sqdap_miavnoh_jan_04_2006_square.xml
1067	0020500451_318	vertical	mason d dunk verdap miavnoh jan 04 2006	17009	nba/mason_d_dunk_verdap_miavnoh_jan_04_2006_vertical_9x16.mp4	mason_d_dunk_verdap_miavnoh_jan_04_2006_vertical_9x16.xml
1068	0020500451_318	square	mason d dunk sqdap miavnoh jan 04 2006	7007	nba/mason_d_dunk_sqdap_miavnoh_jan_04_2006_square.mp4	mason_d_dunk_sqdap_miavnoh_jan_04_2006_square.xml
1069	0020500451_318	vertical	mason d dunk verdap miavnoh jan 04 2006	17009	nba/mason_d_dunk_verdap_miavnoh_jan_04_2006_vertical_9x16.mp4	mason_d_dunk_verdap_miavnoh_jan_04_2006_vertical_9x16.xml
1070	0020500493_497	square	head l three sqdap houvcha jan 10 2006	7007	nba/head_l_three_sqdap_houvcha_jan_10_2006_square.mp4	head_l_three_sqdap_houvcha_jan_10_2006_square.xml
1071	0020500493_497	vertical	head l three verdap houvcha jan 10 2006	17001	nba/head_l_three_verdap_houvcha_jan_10_2006_vertical_9x16.mp4	head_l_three_verdap_houvcha_jan_10_2006_vertical_9x16.xml
1072	0020500493_497	square	head l three sqdap houvcha jan 10 2006	7007	nba/head_l_three_sqdap_houvcha_jan_10_2006_square.mp4	head_l_three_sqdap_houvcha_jan_10_2006_square.xml
1073	0020500493_497	vertical	head l three verdap houvcha jan 10 2006	17001	nba/head_l_three_verdap_houvcha_jan_10_2006_vertical_9x16.mp4	head_l_three_verdap_houvcha_jan_10_2006_vertical_9x16.xml
1074	0020500498_610	square	anthony c jumper phxvden sqdap 011006	100017	nba/anthony_c_jumper_phxvden_sqdap_011006_square.mp4	anthony_c_jumper_phxvden_sqdap_011006_square.xml
1075	0020500498_610	square	anthony c jumper phxvden sqdap TEST 011006	100017	nba/anthony_c_jumper_phxvden_sqdap_TEST_011006_square.mp4	anthony_c_jumper_phxvden_sqdap_TEST_011006_square.xml
1076	0020500498_610	vertical	anthony c jumper phxvden verdap 011006	100017	nba/anthony_c_jumper_phxvden_verdap_011006_vertical_9x16.mp4	anthony_c_jumper_phxvden_verdap_011006_vertical_9x16.xml
1077	0020500498_610	vertical	anthony c jumper phxvden verdap TEST 011006	100017	nba/anthony_c_jumper_phxvden_verdap_TEST_011006_vertical_9x16.mp4	anthony_c_jumper_phxvden_verdap_TEST_011006_vertical_9x16.xml
1078	0020500498_610	square	anthony c jumper phxvden sqdap 011006	100017	nba/anthony_c_jumper_phxvden_sqdap_011006_square.mp4	anthony_c_jumper_phxvden_sqdap_011006_square.xml
1079	0020500498_610	square	anthony c jumper phxvden sqdap TEST 011006	100017	nba/anthony_c_jumper_phxvden_sqdap_TEST_011006_square.mp4	anthony_c_jumper_phxvden_sqdap_TEST_011006_square.xml
1080	0020500498_610	vertical	anthony c jumper phxvden verdap 011006	100017	nba/anthony_c_jumper_phxvden_verdap_011006_vertical_9x16.mp4	anthony_c_jumper_phxvden_verdap_011006_vertical_9x16.xml
1081	0020500498_610	vertical	anthony c jumper phxvden verdap TEST 011006	100017	nba/anthony_c_jumper_phxvden_verdap_TEST_011006_vertical_9x16.mp4	anthony_c_jumper_phxvden_verdap_TEST_011006_vertical_9x16.xml
1082	0020500516_39	square	iguodala a dunk sqdap bosvphi jan 13 2006	7007	nba/iguodala_a_dunk_sqdap_bosvphi_jan_13_2006_square.mp4	iguodala_a_dunk_sqdap_bosvphi_jan_13_2006_square.xml
1083	0020500516_39	vertical	iguodala a dunk verdap bosvphi jan 13 2006	17004	nba/iguodala_a_dunk_verdap_bosvphi_jan_13_2006_vertical_9x16.mp4	iguodala_a_dunk_verdap_bosvphi_jan_13_2006_vertical_9x16.xml
1084	0020500516_39	square	iguodala a dunk sqdap bosvphi jan 13 2006	7007	nba/iguodala_a_dunk_sqdap_bosvphi_jan_13_2006_square.mp4	iguodala_a_dunk_sqdap_bosvphi_jan_13_2006_square.xml
1085	0020500516_39	vertical	iguodala a dunk verdap bosvphi jan 13 2006	17004	nba/iguodala_a_dunk_verdap_bosvphi_jan_13_2006_vertical_9x16.mp4	iguodala_a_dunk_verdap_bosvphi_jan_13_2006_vertical_9x16.xml
1086	0020500516_591	square	korver k 3 bosvphi sqdap TEST jan 13 2006	40021	nba/korver_k_3_bosvphi_sqdap_TEST_jan_13_2006_square.mp4	korver_k_3_bosvphi_sqdap_TEST_jan_13_2006_square.xml
1087	0020500516_591	square	korver k 3 bosvphi sqdap jan 13 2006	40021	nba/korver_k_3_bosvphi_sqdap_jan_13_2006_square.mp4	korver_k_3_bosvphi_sqdap_jan_13_2006_square.xml
1088	0020500516_591	vertical	korver k 3 bosvphi verdap TEST jan 13 2006	40021	nba/korver_k_3_bosvphi_verdap_TEST_jan_13_2006_vertical_9x16.mp4	korver_k_3_bosvphi_verdap_TEST_jan_13_2006_vertical_9x16.xml
1089	0020500516_591	vertical	korver k 3 bosvphi verdap jan 13 2006	40021	nba/korver_k_3_bosvphi_verdap_jan_13_2006_vertical_9x16.mp4	korver_k_3_bosvphi_verdap_jan_13_2006_vertical_9x16.xml
1090	0020500516_591	square	korver k 3 bosvphi sqdap TEST jan 13 2006	40021	nba/korver_k_3_bosvphi_sqdap_TEST_jan_13_2006_square.mp4	korver_k_3_bosvphi_sqdap_TEST_jan_13_2006_square.xml
1091	0020500516_591	square	korver k 3 bosvphi sqdap jan 13 2006	40021	nba/korver_k_3_bosvphi_sqdap_jan_13_2006_square.mp4	korver_k_3_bosvphi_sqdap_jan_13_2006_square.xml
1092	0020500516_591	vertical	korver k 3 bosvphi verdap TEST jan 13 2006	40021	nba/korver_k_3_bosvphi_verdap_TEST_jan_13_2006_vertical_9x16.mp4	korver_k_3_bosvphi_verdap_TEST_jan_13_2006_vertical_9x16.xml
1093	0020500516_591	vertical	korver k 3 bosvphi verdap jan 13 2006	40021	nba/korver_k_3_bosvphi_verdap_jan_13_2006_vertical_9x16.mp4	korver_k_3_bosvphi_verdap_jan_13_2006_vertical_9x16.xml
1094	0020500533_364	square	bosh c dunk sqdap nykvtor jan 15 2006	7978	nba/bosh_c_dunk_sqdap_nykvtor_jan_15_2006_square.mp4	bosh_c_dunk_sqdap_nykvtor_jan_15_2006_square.xml
1095	0020500533_364	vertical	bosh c dunk verdap nykvtor jan 15 2006	17979	nba/bosh_c_dunk_verdap_nykvtor_jan_15_2006_vertical_9x16.mp4	bosh_c_dunk_verdap_nykvtor_jan_15_2006_vertical_9x16.xml
1096	0020500533_364	square	bosh c dunk sqdap nykvtor jan 15 2006	7978	nba/bosh_c_dunk_sqdap_nykvtor_jan_15_2006_square.mp4	bosh_c_dunk_sqdap_nykvtor_jan_15_2006_square.xml
1097	0020500533_364	vertical	bosh c dunk verdap nykvtor jan 15 2006	17979	nba/bosh_c_dunk_verdap_nykvtor_jan_15_2006_vertical_9x16.mp4	bosh_c_dunk_verdap_nykvtor_jan_15_2006_vertical_9x16.xml
1098	0020500538_261	square	wallace g block nokvcha sqdap TEST jan 16 2006	31981	nba/wallace_g_block_nokvcha_sqdap_TEST_jan_16_2006_square.mp4	wallace_g_block_nokvcha_sqdap_TEST_jan_16_2006_square.xml
1099	0020500538_261	square	wallace g block nokvcha sqdap jan 16 2006	31981	nba/wallace_g_block_nokvcha_sqdap_jan_16_2006_square.mp4	wallace_g_block_nokvcha_sqdap_jan_16_2006_square.xml
1100	0020500538_261	vertical	wallace g block nokvcha verdap TEST jan 16 2006	31981	nba/wallace_g_block_nokvcha_verdap_TEST_jan_16_2006_vertical_9x16.mp4	wallace_g_block_nokvcha_verdap_TEST_jan_16_2006_vertical_9x16.xml
1101	0020500538_261	vertical	wallace g block nokvcha verdap jan 16 2006	31981	nba/wallace_g_block_nokvcha_verdap_jan_16_2006_vertical_9x16.mp4	wallace_g_block_nokvcha_verdap_jan_16_2006_vertical_9x16.xml
1102	0020500538_261	square	wallace g block nokvcha sqdap TEST jan 16 2006	31981	nba/wallace_g_block_nokvcha_sqdap_TEST_jan_16_2006_square.mp4	wallace_g_block_nokvcha_sqdap_TEST_jan_16_2006_square.xml
1103	0020500538_261	square	wallace g block nokvcha sqdap jan 16 2006	31981	nba/wallace_g_block_nokvcha_sqdap_jan_16_2006_square.mp4	wallace_g_block_nokvcha_sqdap_jan_16_2006_square.xml
1104	0020500538_261	vertical	wallace g block nokvcha verdap TEST jan 16 2006	31981	nba/wallace_g_block_nokvcha_verdap_TEST_jan_16_2006_vertical_9x16.mp4	wallace_g_block_nokvcha_verdap_TEST_jan_16_2006_vertical_9x16.xml
1105	0020500538_261	vertical	wallace g block nokvcha verdap jan 16 2006	31981	nba/wallace_g_block_nokvcha_verdap_jan_16_2006_vertical_9x16.mp4	wallace_g_block_nokvcha_verdap_jan_16_2006_vertical_9x16.xml
1106	0020500566_64	square	harrington a asst milvatl sqdap TEST jan 20 2006	12997	nba/harrington_a_asst_milvatl_sqdap_TEST_jan_20_2006_square.mp4	harrington_a_asst_milvatl_sqdap_TEST_jan_20_2006_square.xml
1107	0020500566_64	square	harrington a asst milvatl sqdap jan 20 2006	12997	nba/harrington_a_asst_milvatl_sqdap_jan_20_2006_square.mp4	harrington_a_asst_milvatl_sqdap_jan_20_2006_square.xml
1108	0020500566_64	vertical	harrington a asst milvatl verdap TEST jan 20 2006	12997	nba/harrington_a_asst_milvatl_verdap_TEST_jan_20_2006_vertical_9x16.mp4	harrington_a_asst_milvatl_verdap_TEST_jan_20_2006_vertical_9x16.xml
1109	0020500566_64	vertical	harrington a asst milvatl verdap jan 20 2006	12997	nba/harrington_a_asst_milvatl_verdap_jan_20_2006_vertical_9x16.mp4	harrington_a_asst_milvatl_verdap_jan_20_2006_vertical_9x16.xml
1110	0020500566_64	square	harrington a asst milvatl sqdap TEST jan 20 2006	12997	nba/harrington_a_asst_milvatl_sqdap_TEST_jan_20_2006_square.mp4	harrington_a_asst_milvatl_sqdap_TEST_jan_20_2006_square.xml
1111	0020500566_64	square	harrington a asst milvatl sqdap jan 20 2006	12997	nba/harrington_a_asst_milvatl_sqdap_jan_20_2006_square.mp4	harrington_a_asst_milvatl_sqdap_jan_20_2006_square.xml
1112	0020500566_64	vertical	harrington a asst milvatl verdap TEST jan 20 2006	12997	nba/harrington_a_asst_milvatl_verdap_TEST_jan_20_2006_vertical_9x16.mp4	harrington_a_asst_milvatl_verdap_TEST_jan_20_2006_vertical_9x16.xml
1113	0020500566_64	vertical	harrington a asst milvatl verdap jan 20 2006	12997	nba/harrington_a_asst_milvatl_verdap_jan_20_2006_vertical_9x16.mp4	harrington_a_asst_milvatl_verdap_jan_20_2006_vertical_9x16.xml
1114	0020500612_142	square	lewis r dunk sqdap seavuta jan 25 2006	7007	nba/lewis_r_dunk_sqdap_seavuta_jan_25_2006_square.mp4	lewis_r_dunk_sqdap_seavuta_jan_25_2006_square.xml
1115	0020500612_142	vertical	lewis r dunk verdap seavuta jan 25 2006	17009	nba/lewis_r_dunk_verdap_seavuta_jan_25_2006_vertical_9x16.mp4	lewis_r_dunk_verdap_seavuta_jan_25_2006_vertical_9x16.xml
1116	0020500612_142	square	lewis r dunk sqdap seavuta jan 25 2006	7007	nba/lewis_r_dunk_sqdap_seavuta_jan_25_2006_square.mp4	lewis_r_dunk_sqdap_seavuta_jan_25_2006_square.xml
1117	0020500612_142	vertical	lewis r dunk verdap seavuta jan 25 2006	17009	nba/lewis_r_dunk_verdap_seavuta_jan_25_2006_vertical_9x16.mp4	lewis_r_dunk_verdap_seavuta_jan_25_2006_vertical_9x16.xml
1118	0020500704_456	square	garnett k block sqdap minvpho feb 06 2006	7007	nba/garnett_k_block_sqdap_minvpho_feb_06_2006_square.mp4	garnett_k_block_sqdap_minvpho_feb_06_2006_square.xml
1119	0020500704_456	vertical	garnett k block verdap minvpho feb 06 2006	17008	nba/garnett_k_block_verdap_minvpho_feb_06_2006_vertical_9x16.mp4	garnett_k_block_verdap_minvpho_feb_06_2006_vertical_9x16.xml
1120	0020500704_456	square	garnett k block sqdap minvpho feb 06 2006	7007	nba/garnett_k_block_sqdap_minvpho_feb_06_2006_square.mp4	garnett_k_block_sqdap_minvpho_feb_06_2006_square.xml
1121	0020500704_456	vertical	garnett k block verdap minvpho feb 06 2006	17008	nba/garnett_k_block_verdap_minvpho_feb_06_2006_vertical_9x16.mp4	garnett_k_block_verdap_minvpho_feb_06_2006_vertical_9x16.xml
1122	0020500897_476	square	jones d 3 clevtor sqdap TEST mar 8 2006	201012	nba/jones_d_3_clevtor_sqdap_TEST_mar_8_2006_square.mp4	jones_d_3_clevtor_sqdap_TEST_mar_8_2006_square.xml
1123	0020500897_476	square	jones d 3 clevtor sqdap mar 8 2006	201012	nba/jones_d_3_clevtor_sqdap_mar_8_2006_square.mp4	jones_d_3_clevtor_sqdap_mar_8_2006_square.xml
1124	0020500897_476	vertical	jones d 3 clevtor verdap mar 8 2006	201012	nba/jones_d_3_clevtor_verdap_mar_8_2006_vertical_9x16.mp4	jones_d_3_clevtor_verdap_mar_8_2006_vertical_9x16.xml
1125	0020500897_476	square	jones d 3 clevtor sqdap TEST mar 8 2006	201012	nba/jones_d_3_clevtor_sqdap_TEST_mar_8_2006_square.mp4	jones_d_3_clevtor_sqdap_TEST_mar_8_2006_square.xml
1126	0020500897_476	square	jones d 3 clevtor sqdap mar 8 2006	201012	nba/jones_d_3_clevtor_sqdap_mar_8_2006_square.mp4	jones_d_3_clevtor_sqdap_mar_8_2006_square.xml
1127	0020500897_476	vertical	jones d 3 clevtor verdap mar 8 2006	201012	nba/jones_d_3_clevtor_verdap_mar_8_2006_vertical_9x16.mp4	jones_d_3_clevtor_verdap_mar_8_2006_vertical_9x16.xml
1128	0020500913_418	vertical	richardson j 360 verdap gswvmia mar 10 2006	17008	nba/richardson_j_360_verdap_gswvmia_mar_10_2006_vertical_9x16.mp4	richardson_j_360_verdap_gswvmia_mar_10_2006_vertical_9x16.xml
1129	0020500913_418	vertical	richardson j 360 verdap gswvmia mar 10 2006	17008	nba/richardson_j_360_verdap_gswvmia_mar_10_2006_vertical_9x16.mp4	richardson_j_360_verdap_gswvmia_mar_10_2006_vertical_9x16.xml
1130	0020500916_297	square	ginobili m layup lalvsan sqdap TEST mar 10 2006	56989	nba/ginobili_m_layup_lalvsan_sqdap_TEST_mar_10_2006_square.mp4	ginobili_m_layup_lalvsan_sqdap_TEST_mar_10_2006_square.xml
1131	0020500916_297	vertical	ginobili m layup lalvsan verdap TEST mar 10 2006	56989	nba/ginobili_m_layup_lalvsan_verdap_TEST_mar_10_2006_vertical_9x16.mp4	ginobili_m_layup_lalvsan_verdap_TEST_mar_10_2006_vertical_9x16.xml
1132	0020500916_297	square	ginobili m layup lalvsan sqdap TEST mar 10 2006	56989	nba/ginobili_m_layup_lalvsan_sqdap_TEST_mar_10_2006_square.mp4	ginobili_m_layup_lalvsan_sqdap_TEST_mar_10_2006_square.xml
1133	0020500916_297	vertical	ginobili m layup lalvsan verdap TEST mar 10 2006	56989	nba/ginobili_m_layup_lalvsan_verdap_TEST_mar_10_2006_vertical_9x16.mp4	ginobili_m_layup_lalvsan_verdap_TEST_mar_10_2006_vertical_9x16.xml
1134	0020500945_25	square	chandler t dunk porvchi sqdap TEST mar 14 2006	46006	nba/chandler_t_dunk_porvchi_sqdap_TEST_mar_14_2006_square.mp4	chandler_t_dunk_porvchi_sqdap_TEST_mar_14_2006_square.xml
1135	0020500945_25	square	chandler t dunk porvchi sqdap mar 14 2006	46006	nba/chandler_t_dunk_porvchi_sqdap_mar_14_2006_square.mp4	chandler_t_dunk_porvchi_sqdap_mar_14_2006_square.xml
1136	0020500945_25	vertical	chandler t dunk porvchi verdap TEST mar 14 2006	46006	nba/chandler_t_dunk_porvchi_verdap_TEST_mar_14_2006_vertical_9x16.mp4	chandler_t_dunk_porvchi_verdap_TEST_mar_14_2006_vertical_9x16.xml
1137	0020500945_25	vertical	chandler t dunk porvchi verdap mar 14 2006	46006	nba/chandler_t_dunk_porvchi_verdap_mar_14_2006_vertical_9x16.mp4	chandler_t_dunk_porvchi_verdap_mar_14_2006_vertical_9x16.xml
1138	0020500945_25	square	chandler t dunk porvchi sqdap TEST mar 14 2006	46006	nba/chandler_t_dunk_porvchi_sqdap_TEST_mar_14_2006_square.mp4	chandler_t_dunk_porvchi_sqdap_TEST_mar_14_2006_square.xml
1139	0020500945_25	square	chandler t dunk porvchi sqdap mar 14 2006	46006	nba/chandler_t_dunk_porvchi_sqdap_mar_14_2006_square.mp4	chandler_t_dunk_porvchi_sqdap_mar_14_2006_square.xml
1140	0020500945_25	vertical	chandler t dunk porvchi verdap TEST mar 14 2006	46006	nba/chandler_t_dunk_porvchi_verdap_TEST_mar_14_2006_vertical_9x16.mp4	chandler_t_dunk_porvchi_verdap_TEST_mar_14_2006_vertical_9x16.xml
1141	0020500945_25	vertical	chandler t dunk porvchi verdap mar 14 2006	46006	nba/chandler_t_dunk_porvchi_verdap_mar_14_2006_vertical_9x16.mp4	chandler_t_dunk_porvchi_verdap_mar_14_2006_vertical_9x16.xml
1142	0020500966_234	square	howard d dunk bosvorl sqdap TEST mar 17 2006	35007	nba/howard_d_dunk_bosvorl_sqdap_TEST_mar_17_2006_square.mp4	howard_d_dunk_bosvorl_sqdap_TEST_mar_17_2006_square.xml
1143	0020500966_234	square	howard d dunk bosvorl sqdap mar 17 2006	35007	nba/howard_d_dunk_bosvorl_sqdap_mar_17_2006_square.mp4	howard_d_dunk_bosvorl_sqdap_mar_17_2006_square.xml
1144	0020500966_234	vertical	howard d dunk bosvorl verdap TEST mar 17 2006	35007	nba/howard_d_dunk_bosvorl_verdap_TEST_mar_17_2006_vertical_9x16.mp4	howard_d_dunk_bosvorl_verdap_TEST_mar_17_2006_vertical_9x16.xml
1145	0020500966_234	vertical	howard d dunk bosvorl verdap mar 17 2006	35007	nba/howard_d_dunk_bosvorl_verdap_mar_17_2006_vertical_9x16.mp4	howard_d_dunk_bosvorl_verdap_mar_17_2006_vertical_9x16.xml
1146	0020500966_234	square	howard d dunk bosvorl sqdap TEST mar 17 2006	35007	nba/howard_d_dunk_bosvorl_sqdap_TEST_mar_17_2006_square.mp4	howard_d_dunk_bosvorl_sqdap_TEST_mar_17_2006_square.xml
1147	0020500966_234	square	howard d dunk bosvorl sqdap mar 17 2006	35007	nba/howard_d_dunk_bosvorl_sqdap_mar_17_2006_square.mp4	howard_d_dunk_bosvorl_sqdap_mar_17_2006_square.xml
1148	0020500966_234	vertical	howard d dunk bosvorl verdap TEST mar 17 2006	35007	nba/howard_d_dunk_bosvorl_verdap_TEST_mar_17_2006_vertical_9x16.mp4	howard_d_dunk_bosvorl_verdap_TEST_mar_17_2006_vertical_9x16.xml
1149	0020500966_234	vertical	howard d dunk bosvorl verdap mar 17 2006	35007	nba/howard_d_dunk_bosvorl_verdap_mar_17_2006_vertical_9x16.mp4	howard_d_dunk_bosvorl_verdap_mar_17_2006_vertical_9x16.xml
1150	0020500972_351	square	mohammed n dunk phxvsas sqdap TEST mar 17 2006	15980	nba/mohammed_n_dunk_phxvsas_sqdap_TEST_mar_17_2006_square.mp4	mohammed_n_dunk_phxvsas_sqdap_TEST_mar_17_2006_square.xml
1151	0020500972_351	square	mohammed n dunk phxvsas sqdap mar 17 2006	15980	nba/mohammed_n_dunk_phxvsas_sqdap_mar_17_2006_square.mp4	mohammed_n_dunk_phxvsas_sqdap_mar_17_2006_square.xml
1152	0020500972_351	vertical	mohammed n dunk phxvsas verdap TEST mar 17 2006	15980	nba/mohammed_n_dunk_phxvsas_verdap_TEST_mar_17_2006_vertical_9x16.mp4	mohammed_n_dunk_phxvsas_verdap_TEST_mar_17_2006_vertical_9x16.xml
1153	0020500972_351	vertical	mohammed n dunk phxvsas verdap mar 17 2006	15980	nba/mohammed_n_dunk_phxvsas_verdap_mar_17_2006_vertical_9x16.mp4	mohammed_n_dunk_phxvsas_verdap_mar_17_2006_vertical_9x16.xml
1154	0020500972_351	square	mohammed n dunk phxvsas sqdap TEST mar 17 2006	15980	nba/mohammed_n_dunk_phxvsas_sqdap_TEST_mar_17_2006_square.mp4	mohammed_n_dunk_phxvsas_sqdap_TEST_mar_17_2006_square.xml
1155	0020500972_351	square	mohammed n dunk phxvsas sqdap mar 17 2006	15980	nba/mohammed_n_dunk_phxvsas_sqdap_mar_17_2006_square.mp4	mohammed_n_dunk_phxvsas_sqdap_mar_17_2006_square.xml
1156	0020500972_351	vertical	mohammed n dunk phxvsas verdap TEST mar 17 2006	15980	nba/mohammed_n_dunk_phxvsas_verdap_TEST_mar_17_2006_vertical_9x16.mp4	mohammed_n_dunk_phxvsas_verdap_TEST_mar_17_2006_vertical_9x16.xml
1157	0020500972_351	vertical	mohammed n dunk phxvsas verdap mar 17 2006	15980	nba/mohammed_n_dunk_phxvsas_verdap_mar_17_2006_vertical_9x16.mp4	mohammed_n_dunk_phxvsas_verdap_mar_17_2006_vertical_9x16.xml
1158	0020500978_82	square	swift s dunk sanvhou sqdap TEST mar 18 2006	29982	nba/swift_s_dunk_sanvhou_sqdap_TEST_mar_18_2006_square.mp4	swift_s_dunk_sanvhou_sqdap_TEST_mar_18_2006_square.xml
1159	0020500978_82	vertical	swift s dunk sanvhou verdap TEST mar 18 2006	29982	nba/swift_s_dunk_sanvhou_verdap_TEST_mar_18_2006_vertical_9x16.mp4	swift_s_dunk_sanvhou_verdap_TEST_mar_18_2006_vertical_9x16.xml
1160	0020500978_82	square	swift s dunk sanvhou sqdap TEST mar 18 2006	29982	nba/swift_s_dunk_sanvhou_sqdap_TEST_mar_18_2006_square.mp4	swift_s_dunk_sanvhou_sqdap_TEST_mar_18_2006_square.xml
1161	0020500978_82	vertical	swift s dunk sanvhou verdap TEST mar 18 2006	29982	nba/swift_s_dunk_sanvhou_verdap_TEST_mar_18_2006_vertical_9x16.mp4	swift_s_dunk_sanvhou_verdap_TEST_mar_18_2006_vertical_9x16.xml
1162	0020500979_91	square	kidd j alleyoop sqdap dalvnjn mar 03 2006	7007	nba/kidd_j_alleyoop_sqdap_dalvnjn_mar_03_2006_square.mp4	kidd_j_alleyoop_sqdap_dalvnjn_mar_03_2006_square.xml
1163	0020500979_91	square	kidd j alleyoop sqdap dalvnjn mar 03 2006	7007	nba/kidd_j_alleyoop_sqdap_dalvnjn_mar_03_2006_square.mp4	kidd_j_alleyoop_sqdap_dalvnjn_mar_03_2006_square.xml
1164	0020500985_291	square	kirilenko a assist sqdap utavmem mar 19 2006	7007	nba/kirilenko_a_assist_sqdap_utavmem_mar_19_2006_square.mp4	kirilenko_a_assist_sqdap_utavmem_mar_19_2006_square.xml
1165	0020500985_291	vertical	kirilenko a assist verdap utavmem mar 19 2006	17009	nba/kirilenko_a_assist_verdap_utavmem_mar_19_2006_vertical_9x16.mp4	kirilenko_a_assist_verdap_utavmem_mar_19_2006_vertical_9x16.xml
1166	0020500985_291	square	kirilenko a assist sqdap utavmem mar 19 2006	7007	nba/kirilenko_a_assist_sqdap_utavmem_mar_19_2006_square.mp4	kirilenko_a_assist_sqdap_utavmem_mar_19_2006_square.xml
1167	0020500985_291	vertical	kirilenko a assist verdap utavmem mar 19 2006	17009	nba/kirilenko_a_assist_verdap_utavmem_mar_19_2006_vertical_9x16.mp4	kirilenko_a_assist_verdap_utavmem_mar_19_2006_vertical_9x16.xml
1168	0020501008_183	square	martin k dunk sasvden sqdap TEST mar 22 2006	18019	nba/martin_k_dunk_sasvden_sqdap_TEST_mar_22_2006_square.mp4	martin_k_dunk_sasvden_sqdap_TEST_mar_22_2006_square.xml
1169	0020501008_183	square	martin k dunk sasvden sqdap mar 22 2006	18019	nba/martin_k_dunk_sasvden_sqdap_mar_22_2006_square.mp4	martin_k_dunk_sasvden_sqdap_mar_22_2006_square.xml
1170	0020501008_183	vertical	martin k dunk sasvden verdap TEST mar 22 2006	18019	nba/martin_k_dunk_sasvden_verdap_TEST_mar_22_2006_vertical_9x16.mp4	martin_k_dunk_sasvden_verdap_TEST_mar_22_2006_vertical_9x16.xml
1171	0020501008_183	vertical	martin k dunk sasvden verdap mar 22 2006	18019	nba/martin_k_dunk_sasvden_verdap_mar_22_2006_vertical_9x16.mp4	martin_k_dunk_sasvden_verdap_mar_22_2006_vertical_9x16.xml
1172	0020501008_183	square	martin k dunk sasvden sqdap TEST mar 22 2006	18019	nba/martin_k_dunk_sasvden_sqdap_TEST_mar_22_2006_square.mp4	martin_k_dunk_sasvden_sqdap_TEST_mar_22_2006_square.xml
1173	0020501008_183	square	martin k dunk sasvden sqdap mar 22 2006	18019	nba/martin_k_dunk_sasvden_sqdap_mar_22_2006_square.mp4	martin_k_dunk_sasvden_sqdap_mar_22_2006_square.xml
1174	0020501008_183	vertical	martin k dunk sasvden verdap TEST mar 22 2006	18019	nba/martin_k_dunk_sasvden_verdap_TEST_mar_22_2006_vertical_9x16.mp4	martin_k_dunk_sasvden_verdap_TEST_mar_22_2006_vertical_9x16.xml
1175	0020501008_183	vertical	martin k dunk sasvden verdap mar 22 2006	18019	nba/martin_k_dunk_sasvden_verdap_mar_22_2006_vertical_9x16.mp4	martin_k_dunk_sasvden_verdap_mar_22_2006_vertical_9x16.xml
1176	0020501030_407	square	marion s dunk sqdap denvpho mar 25 2006	7002	nba/marion_s_dunk_sqdap_denvpho_mar_25_2006_square.mp4	marion_s_dunk_sqdap_denvpho_mar_25_2006_square.xml
1177	0020501030_407	vertical	marion s dunk verdap denvpho mar 25 2006	17003	nba/marion_s_dunk_verdap_denvpho_mar_25_2006_vertical_9x16.mp4	marion_s_dunk_verdap_denvpho_mar_25_2006_vertical_9x16.xml
1178	0020501030_407	square	marion s dunk sqdap denvpho mar 25 2006	7002	nba/marion_s_dunk_sqdap_denvpho_mar_25_2006_square.mp4	marion_s_dunk_sqdap_denvpho_mar_25_2006_square.xml
1179	0020501030_407	vertical	marion s dunk verdap denvpho mar 25 2006	17003	nba/marion_s_dunk_verdap_denvpho_mar_25_2006_vertical_9x16.mp4	marion_s_dunk_verdap_denvpho_mar_25_2006_vertical_9x16.xml
1180	0020501031_340	square	pierce p 3 chivbos sqdap TEST mar 26 2006	23013	nba/pierce_p_3_chivbos_sqdap_TEST_mar_26_2006_square.mp4	pierce_p_3_chivbos_sqdap_TEST_mar_26_2006_square.xml
1181	0020501031_340	square	pierce p 3 chivbos sqdap mar 26 2006	23013	nba/pierce_p_3_chivbos_sqdap_mar_26_2006_square.mp4	pierce_p_3_chivbos_sqdap_mar_26_2006_square.xml
1182	0020501031_340	vertical	pierce p 3 chivbos verdap mar 26 2006	23013	nba/pierce_p_3_chivbos_verdap_mar_26_2006_vertical_9x16.mp4	pierce_p_3_chivbos_verdap_mar_26_2006_vertical_9x16.xml
1183	0020501031_340	square	pierce p 3 chivbos sqdap TEST mar 26 2006	23013	nba/pierce_p_3_chivbos_sqdap_TEST_mar_26_2006_square.mp4	pierce_p_3_chivbos_sqdap_TEST_mar_26_2006_square.xml
1184	0020501031_340	square	pierce p 3 chivbos sqdap mar 26 2006	23013	nba/pierce_p_3_chivbos_sqdap_mar_26_2006_square.mp4	pierce_p_3_chivbos_sqdap_mar_26_2006_square.xml
1185	0020501031_340	vertical	pierce p 3 chivbos verdap mar 26 2006	23013	nba/pierce_p_3_chivbos_verdap_mar_26_2006_vertical_9x16.mp4	pierce_p_3_chivbos_verdap_mar_26_2006_vertical_9x16.xml
1186	0020501032_413	square	iguodala a TEST dunk sqdap phivind mar 26 2006	7977	nba/iguodala_a_TEST_dunk_sqdap_phivind_mar_26_2006_square.mp4	iguodala_a_TEST_dunk_sqdap_phivind_mar_26_2006_square.xml
1187	0020501032_413	vertical	iguodala a TEST dunk verdap phivind mar 26 2006	17977	nba/iguodala_a_TEST_dunk_verdap_phivind_mar_26_2006_vertical_9x16.mp4	iguodala_a_TEST_dunk_verdap_phivind_mar_26_2006_vertical_9x16.xml
1188	0020501032_413	square	iguodala a dunk sqdap phivind mar 26 2006	7000	nba/iguodala_a_dunk_sqdap_phivind_mar_26_2006_square.mp4	iguodala_a_dunk_sqdap_phivind_mar_26_2006_square.xml
1189	0020501032_413	vertical	iguodala a dunk verdap phivind mar 26 2006	17000	nba/iguodala_a_dunk_verdap_phivind_mar_26_2006_vertical_9x16.mp4	iguodala_a_dunk_verdap_phivind_mar_26_2006_vertical_9x16.xml
1190	0020501032_413	square	iguodala a TEST dunk sqdap phivind mar 26 2006	7977	nba/iguodala_a_TEST_dunk_sqdap_phivind_mar_26_2006_square.mp4	iguodala_a_TEST_dunk_sqdap_phivind_mar_26_2006_square.xml
1191	0020501032_413	vertical	iguodala a TEST dunk verdap phivind mar 26 2006	17977	nba/iguodala_a_TEST_dunk_verdap_phivind_mar_26_2006_vertical_9x16.mp4	iguodala_a_TEST_dunk_verdap_phivind_mar_26_2006_vertical_9x16.xml
1192	0020501032_413	square	iguodala a dunk sqdap phivind mar 26 2006	7000	nba/iguodala_a_dunk_sqdap_phivind_mar_26_2006_square.mp4	iguodala_a_dunk_sqdap_phivind_mar_26_2006_square.xml
1193	0020501032_413	vertical	iguodala a dunk verdap phivind mar 26 2006	17000	nba/iguodala_a_dunk_verdap_phivind_mar_26_2006_vertical_9x16.mp4	iguodala_a_dunk_verdap_phivind_mar_26_2006_vertical_9x16.xml
1194	0020501038_38	square	howard d dunk atlvorl sqdap TEST mar 26 2006	16996	nba/howard_d_dunk_atlvorl_sqdap_TEST_mar_26_2006_square.mp4	howard_d_dunk_atlvorl_sqdap_TEST_mar_26_2006_square.xml
1195	0020501038_38	square	howard d dunk atlvorl sqdap mar 26 2006	16996	nba/howard_d_dunk_atlvorl_sqdap_mar_26_2006_square.mp4	howard_d_dunk_atlvorl_sqdap_mar_26_2006_square.xml
1196	0020501038_38	vertical	howard d dunk atlvorl verdap TEST mar 26 2006	16996	nba/howard_d_dunk_atlvorl_verdap_TEST_mar_26_2006_vertical_9x16.mp4	howard_d_dunk_atlvorl_verdap_TEST_mar_26_2006_vertical_9x16.xml
1197	0020501038_38	vertical	howard d dunk atlvorl verdap mar 26 2006	16996	nba/howard_d_dunk_atlvorl_verdap_mar_26_2006_vertical_9x16.mp4	howard_d_dunk_atlvorl_verdap_mar_26_2006_vertical_9x16.xml
1198	0020501038_38	square	howard d dunk atlvorl sqdap TEST mar 26 2006	16996	nba/howard_d_dunk_atlvorl_sqdap_TEST_mar_26_2006_square.mp4	howard_d_dunk_atlvorl_sqdap_TEST_mar_26_2006_square.xml
1199	0020501038_38	square	howard d dunk atlvorl sqdap mar 26 2006	16996	nba/howard_d_dunk_atlvorl_sqdap_mar_26_2006_square.mp4	howard_d_dunk_atlvorl_sqdap_mar_26_2006_square.xml
1200	0020501038_38	vertical	howard d dunk atlvorl verdap TEST mar 26 2006	16996	nba/howard_d_dunk_atlvorl_verdap_TEST_mar_26_2006_vertical_9x16.mp4	howard_d_dunk_atlvorl_verdap_TEST_mar_26_2006_vertical_9x16.xml
1201	0020501038_38	vertical	howard d dunk atlvorl verdap mar 26 2006	16996	nba/howard_d_dunk_atlvorl_verdap_mar_26_2006_vertical_9x16.mp4	howard_d_dunk_atlvorl_verdap_mar_26_2006_vertical_9x16.xml
1202	0020501070_56	square	marbury s TEST assist sqdap phivnyk mar 31 2006	7007	nba/marbury_s_TEST_assist_sqdap_phivnyk_mar_31_2006_square.mp4	marbury_s_TEST_assist_sqdap_phivnyk_mar_31_2006_square.xml
1203	0020501070_56	vertical	marbury s TEST assist verdap phivnyk mar 31 2006	17007	nba/marbury_s_TEST_assist_verdap_phivnyk_mar_31_2006_vertical_9x16.mp4	marbury_s_TEST_assist_verdap_phivnyk_mar_31_2006_vertical_9x16.xml
1204	0020501070_56	square	marbury s assist sqdap phivnyk mar 31 2006	7000	nba/marbury_s_assist_sqdap_phivnyk_mar_31_2006_square.mp4	marbury_s_assist_sqdap_phivnyk_mar_31_2006_square.xml
1205	0020501070_56	vertical	marbury s assist verdap phivnyk mar 31 2006	17000	nba/marbury_s_assist_verdap_phivnyk_mar_31_2006_vertical_9x16.mp4	marbury_s_assist_verdap_phivnyk_mar_31_2006_vertical_9x16.xml
1206	0020501070_56	square	marbury s TEST assist sqdap phivnyk mar 31 2006	7007	nba/marbury_s_TEST_assist_sqdap_phivnyk_mar_31_2006_square.mp4	marbury_s_TEST_assist_sqdap_phivnyk_mar_31_2006_square.xml
1207	0020501070_56	vertical	marbury s TEST assist verdap phivnyk mar 31 2006	17007	nba/marbury_s_TEST_assist_verdap_phivnyk_mar_31_2006_vertical_9x16.mp4	marbury_s_TEST_assist_verdap_phivnyk_mar_31_2006_vertical_9x16.xml
1208	0020501070_56	square	marbury s assist sqdap phivnyk mar 31 2006	7000	nba/marbury_s_assist_sqdap_phivnyk_mar_31_2006_square.mp4	marbury_s_assist_sqdap_phivnyk_mar_31_2006_square.xml
1209	0020501070_56	vertical	marbury s assist verdap phivnyk mar 31 2006	17000	nba/marbury_s_assist_verdap_phivnyk_mar_31_2006_vertical_9x16.mp4	marbury_s_assist_verdap_phivnyk_mar_31_2006_vertical_9x16.xml
1210	0020501209_224	square	camby m dunk houvden sqdap TEST apr 17 2006	28990	nba/camby_m_dunk_houvden_sqdap_TEST_apr_17_2006_square.mp4	camby_m_dunk_houvden_sqdap_TEST_apr_17_2006_square.xml
1211	0020501209_224	square	camby m dunk houvden sqdap apr 17 2006	28990	nba/camby_m_dunk_houvden_sqdap_apr_17_2006_square.mp4	camby_m_dunk_houvden_sqdap_apr_17_2006_square.xml
1212	0020501209_224	vertical	camby m dunk houvden verdap TEST apr 17 2006	28990	nba/camby_m_dunk_houvden_verdap_TEST_apr_17_2006_vertical_9x16.mp4	camby_m_dunk_houvden_verdap_TEST_apr_17_2006_vertical_9x16.xml
1213	0020501209_224	vertical	camby m dunk houvden verdap apr 17 2006	28990	nba/camby_m_dunk_houvden_verdap_apr_17_2006_vertical_9x16.mp4	camby_m_dunk_houvden_verdap_apr_17_2006_vertical_9x16.xml
1214	0020501209_224	square	camby m dunk houvden sqdap TEST apr 17 2006	28990	nba/camby_m_dunk_houvden_sqdap_TEST_apr_17_2006_square.mp4	camby_m_dunk_houvden_sqdap_TEST_apr_17_2006_square.xml
1215	0020501209_224	square	camby m dunk houvden sqdap apr 17 2006	28990	nba/camby_m_dunk_houvden_sqdap_apr_17_2006_square.mp4	camby_m_dunk_houvden_sqdap_apr_17_2006_square.xml
1216	0020501209_224	vertical	camby m dunk houvden verdap TEST apr 17 2006	28990	nba/camby_m_dunk_houvden_verdap_TEST_apr_17_2006_vertical_9x16.mp4	camby_m_dunk_houvden_verdap_TEST_apr_17_2006_vertical_9x16.xml
1217	0020501209_224	vertical	camby m dunk houvden verdap apr 17 2006	28990	nba/camby_m_dunk_houvden_verdap_apr_17_2006_vertical_9x16.mp4	camby_m_dunk_houvden_verdap_apr_17_2006_vertical_9x16.xml
1218	0021300057_26	square	mcgee j block sasvden sqdap nov 5 2013	19009	nba/mcgee_j_block_sasvden_sqdap_nov_5_2013_square.mp4	mcgee_j_block_sasvden_sqdap_nov_5_2013_square.xml
1219	0021300057_26	vertical	mcgee j block sasvden verdap nov 5 2013	19009	nba/mcgee_j_block_sasvden_verdap_nov_5_2013_vertical_9x16.mp4	mcgee_j_block_sasvden_verdap_nov_5_2013_vertical_9x16.xml
1220	0021300057_26	square	mcgee j block sasvden sqdap nov 5 2013	19009	nba/mcgee_j_block_sasvden_sqdap_nov_5_2013_square.mp4	mcgee_j_block_sasvden_sqdap_nov_5_2013_square.xml
1221	0021300057_26	vertical	mcgee j block sasvden verdap nov 5 2013	19009	nba/mcgee_j_block_sasvden_verdap_nov_5_2013_vertical_9x16.mp4	mcgee_j_block_sasvden_verdap_nov_5_2013_vertical_9x16.xml
1222	0021300382_26	square	iguodala a dunk sqdap sasvgsw dec 19 2013	7007	nba/iguodala_a_dunk_sqdap_sasvgsw_dec_19_2013_square.mp4	iguodala_a_dunk_sqdap_sasvgsw_dec_19_2013_square.xml
1223	0021300382_26	vertical	iguodala a dunk verdap sasvgsw dec 19 2013	17007	nba/iguodala_a_dunk_verdap_sasvgsw_dec_19_2013_vertical_9x16.mp4	iguodala_a_dunk_verdap_sasvgsw_dec_19_2013_vertical_9x16.xml
1224	0021300382_26	square	iguodala a dunk sqdap sasvgsw dec 19 2013	7007	nba/iguodala_a_dunk_sqdap_sasvgsw_dec_19_2013_square.mp4	iguodala_a_dunk_sqdap_sasvgsw_dec_19_2013_square.xml
1225	0021300382_26	vertical	iguodala a dunk verdap sasvgsw dec 19 2013	17007	nba/iguodala_a_dunk_verdap_sasvgsw_dec_19_2013_vertical_9x16.mp4	iguodala_a_dunk_verdap_sasvgsw_dec_19_2013_vertical_9x16.xml
1226	0021300391_90	vertical	kaman c block verdap minvlal dec 20 2013 v2	17006	nba/kaman_c_block_verdap_minvlal_dec_20_2013_v2_vertical_9x16.mp4	kaman_c_block_verdap_minvlal_dec_20_2013_v2_vertical_9x16.xml
1227	0021300391_90	vertical	kaman c block verdap minvlal dec 20 2013 v3	17000	nba/kaman_c_block_verdap_minvlal_dec_20_2013_v3_vertical_9x16.mp4	kaman_c_block_verdap_minvlal_dec_20_2013_v3_vertical_9x16.xml
1228	0021300391_90	vertical	kaman c block verdap minvlal dec 20 2013 v2	17006	nba/kaman_c_block_verdap_minvlal_dec_20_2013_v2_vertical_9x16.mp4	kaman_c_block_verdap_minvlal_dec_20_2013_v2_vertical_9x16.xml
1229	0021300391_90	vertical	kaman c block verdap minvlal dec 20 2013 v3	17000	nba/kaman_c_block_verdap_minvlal_dec_20_2013_v3_vertical_9x16.mp4	kaman_c_block_verdap_minvlal_dec_20_2013_v3_vertical_9x16.xml
1230	0021300394_367	square	hayward g dunk sqdap utavcha dec 21 2013	7007	nba/hayward_g_dunk_sqdap_utavcha_dec_21_2013_square.mp4	hayward_g_dunk_sqdap_utavcha_dec_21_2013_square.xml
1231	0021300394_367	vertical	hayward g dunk verdap utavcha dec 21 2013 v2	17004	nba/hayward_g_dunk_verdap_utavcha_dec_21_2013_v2_vertical_9x16.mp4	hayward_g_dunk_verdap_utavcha_dec_21_2013_v2_vertical_9x16.xml
1232	0021300394_367	vertical	hayward g dunk verdap utavcha dec 21 2013	17009	nba/hayward_g_dunk_verdap_utavcha_dec_21_2013_vertical_9x16.mp4	hayward_g_dunk_verdap_utavcha_dec_21_2013_vertical_9x16.xml
1233	0021300394_367	square	hayward g dunk sqdap utavcha dec 21 2013	7007	nba/hayward_g_dunk_sqdap_utavcha_dec_21_2013_square.mp4	hayward_g_dunk_sqdap_utavcha_dec_21_2013_square.xml
1234	0021300394_367	vertical	hayward g dunk verdap utavcha dec 21 2013 v2	17004	nba/hayward_g_dunk_verdap_utavcha_dec_21_2013_v2_vertical_9x16.mp4	hayward_g_dunk_verdap_utavcha_dec_21_2013_v2_vertical_9x16.xml
1235	0021300394_367	vertical	hayward g dunk verdap utavcha dec 21 2013	17009	nba/hayward_g_dunk_verdap_utavcha_dec_21_2013_vertical_9x16.mp4	hayward_g_dunk_verdap_utavcha_dec_21_2013_vertical_9x16.xml
1236	0021300396_308	vertical	drummond a dunk verdap houvdet dec 21 2013 v2	17000	nba/drummond_a_dunk_verdap_houvdet_dec_21_2013_v2_vertical_9x16.mp4	drummond_a_dunk_verdap_houvdet_dec_21_2013_v2_vertical_9x16.xml
1237	0021300396_308	vertical	drummond a dunk verdap houvdet dec 21 2013 v2	17000	nba/drummond_a_dunk_verdap_houvdet_dec_21_2013_v2_vertical_9x16.mp4	drummond_a_dunk_verdap_houvdet_dec_21_2013_v2_vertical_9x16.xml
1238	0021300434_59	square	chalmers m assist sqdap miavsac dec 27 2013	8000	nba/chalmers_m_assist_sqdap_miavsac_dec_27_2013_square.mp4	chalmers_m_assist_sqdap_miavsac_dec_27_2013_square.xml
1239	0021300434_59	vertical	chalmers m assist verdap miavsac dec 27 2013 v2	17001	nba/chalmers_m_assist_verdap_miavsac_dec_27_2013_v2_vertical_9x16.mp4	chalmers_m_assist_verdap_miavsac_dec_27_2013_v2_vertical_9x16.xml
1240	0021300434_59	vertical	chalmers m assist verdap miavsac dec 27 2013 v3	17001	nba/chalmers_m_assist_verdap_miavsac_dec_27_2013_v3_vertical_9x16.mp4	chalmers_m_assist_verdap_miavsac_dec_27_2013_v3_vertical_9x16.xml
1241	0021300434_59	vertical	chalmers m assist verdap miavsac dec 27 2013 v4	17001	nba/chalmers_m_assist_verdap_miavsac_dec_27_2013_v4_vertical_9x16.mp4	chalmers_m_assist_verdap_miavsac_dec_27_2013_v4_vertical_9x16.xml
1242	0021300434_59	vertical	chalmers m assist verdap miavsac dec 27 2013	17978	nba/chalmers_m_assist_verdap_miavsac_dec_27_2013_vertical_9x16.mp4	chalmers_m_assist_verdap_miavsac_dec_27_2013_vertical_9x16.xml
1243	0021300437_385	square	scola l assist sqdap bknvind dec 28 2013	7015	nba/scola_l_assist_sqdap_bknvind_dec_28_2013_square.mp4	scola_l_assist_sqdap_bknvind_dec_28_2013_square.xml
1244	0021300437_385	vertical	scola l assist verdap bknvind dec 28 2013 v2	17000	nba/scola_l_assist_verdap_bknvind_dec_28_2013_v2_vertical_9x16.mp4	scola_l_assist_verdap_bknvind_dec_28_2013_v2_vertical_9x16.xml
1245	0021300437_385	vertical	scola l assist verdap bknvind dec 28 2013 v3	17000	nba/scola_l_assist_verdap_bknvind_dec_28_2013_v3_vertical_9x16.mp4	scola_l_assist_verdap_bknvind_dec_28_2013_v3_vertical_9x16.xml
1246	0021300437_385	vertical	scola l assist verdap bknvind dec 28 2013	17977	nba/scola_l_assist_verdap_bknvind_dec_28_2013_vertical_9x16.mp4	scola_l_assist_verdap_bknvind_dec_28_2013_vertical_9x16.xml
1247	0021300676_348	square	ross t dunk orlvtor sqdap jan 29 2014	13000	nba/ross_t_dunk_orlvtor_sqdap_jan_29_2014_square.mp4	ross_t_dunk_orlvtor_sqdap_jan_29_2014_square.xml
1248	0021300676_348	vertical	ross t dunk orlvtor verdap jan 29 2014	13000	nba/ross_t_dunk_orlvtor_verdap_jan_29_2014_vertical_9x16.mp4	ross_t_dunk_orlvtor_verdap_jan_29_2014_vertical_9x16.xml
1249	0021300676_348	square	ross t dunk orlvtor sqdap jan 29 2014	13000	nba/ross_t_dunk_orlvtor_sqdap_jan_29_2014_square.mp4	ross_t_dunk_orlvtor_sqdap_jan_29_2014_square.xml
1250	0021300676_348	vertical	ross t dunk orlvtor verdap jan 29 2014	13000	nba/ross_t_dunk_orlvtor_verdap_jan_29_2014_vertical_9x16.mp4	ross_t_dunk_orlvtor_verdap_jan_29_2014_vertical_9x16.xml
1251	0021300727_192	square	beal b dunk sqdap sasvwas feb 5 2014	7004	nba/beal_b_dunk_sqdap_sasvwas_feb_5_2014_square.mp4	beal_b_dunk_sqdap_sasvwas_feb_5_2014_square.xml
1252	0021300727_192	vertical	beal b dunk verdap sasvwas feb 5 2014	17014	nba/beal_b_dunk_verdap_sasvwas_feb_5_2014_vertical_9x16.mp4	beal_b_dunk_verdap_sasvwas_feb_5_2014_vertical_9x16.xml
1253	0021300727_192	square	beal b dunk sqdap sasvwas feb 5 2014	7004	nba/beal_b_dunk_sqdap_sasvwas_feb_5_2014_square.mp4	beal_b_dunk_sqdap_sasvwas_feb_5_2014_square.xml
1254	0021300727_192	vertical	beal b dunk verdap sasvwas feb 5 2014	17014	nba/beal_b_dunk_verdap_sasvwas_feb_5_2014_vertical_9x16.mp4	beal_b_dunk_verdap_sasvwas_feb_5_2014_vertical_9x16.xml
1255	0021300740_523	square	harris t dunk sqdap okcvorl feb 07 2014 v2	7000	nba/harris_t_dunk_sqdap_okcvorl_feb_07_2014_v2_square.mp4	harris_t_dunk_sqdap_okcvorl_feb_07_2014_v2_square.xml
1256	0021300740_523	vertical	harris t dunk verdap okcvorl feb 07 2014 v2	17000	nba/harris_t_dunk_verdap_okcvorl_feb_07_2014_v2_vertical_9x16.mp4	harris_t_dunk_verdap_okcvorl_feb_07_2014_v2_vertical_9x16.xml
1257	0021300740_523	vertical	harris t dunk verdap okcvorl feb 07 2014 v3	17000	nba/harris_t_dunk_verdap_okcvorl_feb_07_2014_v3_vertical_9x16.mp4	harris_t_dunk_verdap_okcvorl_feb_07_2014_v3_vertical_9x16.xml
1258	0021300740_523	square	harris t dunk sqdap okcvorl feb 07 2014 v2	7000	nba/harris_t_dunk_sqdap_okcvorl_feb_07_2014_v2_square.mp4	harris_t_dunk_sqdap_okcvorl_feb_07_2014_v2_square.xml
1259	0021300740_523	vertical	harris t dunk verdap okcvorl feb 07 2014 v2	17000	nba/harris_t_dunk_verdap_okcvorl_feb_07_2014_v2_vertical_9x16.mp4	harris_t_dunk_verdap_okcvorl_feb_07_2014_v2_vertical_9x16.xml
1260	0021300740_523	vertical	harris t dunk verdap okcvorl feb 07 2014 v3	17000	nba/harris_t_dunk_verdap_okcvorl_feb_07_2014_v3_vertical_9x16.mp4	harris_t_dunk_verdap_okcvorl_feb_07_2014_v3_vertical_9x16.xml
1261	0021300759_204	vertical	terry j assist nopvbkn verdap feb 09 2014 v2	17009	nba/terry_j_assist_nopvbkn_verdap_feb_09_2014_v2_vertical_9x16.mp4	terry_j_assist_nopvbkn_verdap_feb_09_2014_v2_vertical_9x16.xml
1262	0021300759_204	vertical	terry j assist nopvbkn verdap feb 09 2014 v3	17009	nba/terry_j_assist_nopvbkn_verdap_feb_09_2014_v3_vertical_9x16.mp4	terry_j_assist_nopvbkn_verdap_feb_09_2014_v3_vertical_9x16.xml
1263	0021300759_204	vertical	terry j assist nopvbkn verdap feb 09 2014 v2	17009	nba/terry_j_assist_nopvbkn_verdap_feb_09_2014_v2_vertical_9x16.mp4	terry_j_assist_nopvbkn_verdap_feb_09_2014_v2_vertical_9x16.xml
1264	0021300759_204	vertical	terry j assist nopvbkn verdap feb 09 2014 v3	17009	nba/terry_j_assist_nopvbkn_verdap_feb_09_2014_v3_vertical_9x16.mp4	terry_j_assist_nopvbkn_verdap_feb_09_2014_v3_vertical_9x16.xml
1265	0021300763_226	square	griffin b windmill sqdap phivlac feb 9 2014	8984	nba/griffin_b_windmill_sqdap_phivlac_feb_9_2014_square.mp4	griffin_b_windmill_sqdap_phivlac_feb_9_2014_square.xml
1266	0021300763_226	vertical	griffin b windmill verdap phivlac feb 9 2014	17014	nba/griffin_b_windmill_verdap_phivlac_feb_9_2014_vertical_9x16.mp4	griffin_b_windmill_verdap_phivlac_feb_9_2014_vertical_9x16.xml
1267	0021300763_226	square	griffin b windmill sqdap phivlac feb 9 2014	8984	nba/griffin_b_windmill_sqdap_phivlac_feb_9_2014_square.mp4	griffin_b_windmill_sqdap_phivlac_feb_9_2014_square.xml
1268	0021300763_226	vertical	griffin b windmill verdap phivlac feb 9 2014	17014	nba/griffin_b_windmill_verdap_phivlac_feb_9_2014_vertical_9x16.mp4	griffin_b_windmill_verdap_phivlac_feb_9_2014_vertical_9x16.xml
1269	0021300803_225	square	derozan d dunk sqdap chivtor feb 19 2014	7976	nba/derozan_d_dunk_sqdap_chivtor_feb_19_2014_square.mp4	derozan_d_dunk_sqdap_chivtor_feb_19_2014_square.xml
1270	0021300803_225	vertical	derozan d dunk verdap chivtor feb 19 2014 v2	17977	nba/derozan_d_dunk_verdap_chivtor_feb_19_2014_v2_vertical_9x16.mp4	derozan_d_dunk_verdap_chivtor_feb_19_2014_v2_vertical_9x16.xml
1271	0021300803_225	vertical	derozan d dunk verdap chivtor feb 19 2014	17977	nba/derozan_d_dunk_verdap_chivtor_feb_19_2014_vertical_9x16.mp4	derozan_d_dunk_verdap_chivtor_feb_19_2014_vertical_9x16.xml
1272	0021300803_225	square	derozan d dunk sqdap chivtor feb 19 2014	7976	nba/derozan_d_dunk_sqdap_chivtor_feb_19_2014_square.mp4	derozan_d_dunk_sqdap_chivtor_feb_19_2014_square.xml
1273	0021300803_225	vertical	derozan d dunk verdap chivtor feb 19 2014 v2	17977	nba/derozan_d_dunk_verdap_chivtor_feb_19_2014_v2_vertical_9x16.mp4	derozan_d_dunk_verdap_chivtor_feb_19_2014_v2_vertical_9x16.xml
1274	0021300803_225	vertical	derozan d dunk verdap chivtor feb 19 2014	17977	nba/derozan_d_dunk_verdap_chivtor_feb_19_2014_vertical_9x16.mp4	derozan_d_dunk_verdap_chivtor_feb_19_2014_vertical_9x16.xml
1275	0021300805_339	square	rubio r assist sqdap indvmin feb 19 2014	7977	nba/rubio_r_assist_sqdap_indvmin_feb_19_2014_square.mp4	rubio_r_assist_sqdap_indvmin_feb_19_2014_square.xml
1276	0021300805_339	vertical	rubio r assist verdap indvmin feb 19 2014	17007	nba/rubio_r_assist_verdap_indvmin_feb_19_2014_vertical_9x16.mp4	rubio_r_assist_verdap_indvmin_feb_19_2014_vertical_9x16.xml
1277	0021300805_339	square	rubio r assist sqdap indvmin feb 19 2014	7977	nba/rubio_r_assist_sqdap_indvmin_feb_19_2014_square.mp4	rubio_r_assist_sqdap_indvmin_feb_19_2014_square.xml
1278	0021300805_339	vertical	rubio r assist verdap indvmin feb 19 2014	17007	nba/rubio_r_assist_verdap_indvmin_feb_19_2014_vertical_9x16.mp4	rubio_r_assist_verdap_indvmin_feb_19_2014_vertical_9x16.xml
1279	0021300814_480	square	howard d dunk sqdap houvgsw feb 20 2014	7007	nba/howard_d_dunk_sqdap_houvgsw_feb_20_2014_square.mp4	howard_d_dunk_sqdap_houvgsw_feb_20_2014_square.xml
1280	0021300814_480	vertical	howard d dunk verdap houvgsw feb 20 2014 v2	17007	nba/howard_d_dunk_verdap_houvgsw_feb_20_2014_v2_vertical_9x16.mp4	howard_d_dunk_verdap_houvgsw_feb_20_2014_v2_vertical_9x16.xml
1281	0021300814_480	vertical	howard d dunk verdap houvgsw feb 20 2014	17014	nba/howard_d_dunk_verdap_houvgsw_feb_20_2014_vertical_9x16.mp4	howard_d_dunk_verdap_houvgsw_feb_20_2014_vertical_9x16.xml
1282	0021300814_480	square	howard d dunk sqdap houvgsw feb 20 2014	7007	nba/howard_d_dunk_sqdap_houvgsw_feb_20_2014_square.mp4	howard_d_dunk_sqdap_houvgsw_feb_20_2014_square.xml
1283	0021300814_480	vertical	howard d dunk verdap houvgsw feb 20 2014 v2	17007	nba/howard_d_dunk_verdap_houvgsw_feb_20_2014_v2_vertical_9x16.mp4	howard_d_dunk_verdap_houvgsw_feb_20_2014_v2_vertical_9x16.xml
1284	0021300814_480	vertical	howard d dunk verdap houvgsw feb 20 2014	17014	nba/howard_d_dunk_verdap_houvgsw_feb_20_2014_vertical_9x16.mp4	howard_d_dunk_verdap_houvgsw_feb_20_2014_vertical_9x16.xml
1285	0021300823_142	vertical	barton w dunk verdap utavpor feb 21 2014 v2	17000	nba/barton_w_dunk_verdap_utavpor_feb_21_2014_v2_vertical_9x16.mp4	barton_w_dunk_verdap_utavpor_feb_21_2014_v2_vertical_9x16.xml
1286	0021300823_142	vertical	barton w dunk verdap utavpor feb 21 2014 v3	17000	nba/barton_w_dunk_verdap_utavpor_feb_21_2014_v3_vertical_9x16.mp4	barton_w_dunk_verdap_utavpor_feb_21_2014_v3_vertical_9x16.xml
1287	0021300823_142	vertical	barton w dunk verdap utavpor feb 21 2014 v2	17000	nba/barton_w_dunk_verdap_utavpor_feb_21_2014_v2_vertical_9x16.mp4	barton_w_dunk_verdap_utavpor_feb_21_2014_v2_vertical_9x16.xml
1288	0021300823_142	vertical	barton w dunk verdap utavpor feb 21 2014 v3	17000	nba/barton_w_dunk_verdap_utavpor_feb_21_2014_v3_vertical_9x16.mp4	barton_w_dunk_verdap_utavpor_feb_21_2014_v3_vertical_9x16.xml
1289	0021300899_496	square	thompson k jumper sqdap gswvind mar 04 2014	7007	nba/thompson_k_jumper_sqdap_gswvind_mar_04_2014_square.mp4	thompson_k_jumper_sqdap_gswvind_mar_04_2014_square.xml
1290	0021300899_496	vertical	thompson k jumper verdap gswvind mar 04 2014 v3	17007	nba/thompson_k_jumper_verdap_gswvind_mar_04_2014_v3_vertical_9x16.mp4	thompson_k_jumper_verdap_gswvind_mar_04_2014_v3_vertical_9x16.xml
1291	0021300899_496	vertical	thompson k jumper verdap gswvind mar 04 2014 v4	17008	nba/thompson_k_jumper_verdap_gswvind_mar_04_2014_v4_vertical_9x16.mp4	thompson_k_jumper_verdap_gswvind_mar_04_2014_v4_vertical_9x16.xml
1292	0021300899_496	vertical	thompson k jumper verdap gswvind mar 04 2014	17002	nba/thompson_k_jumper_verdap_gswvind_mar_04_2014_vertical_9x16.mp4	thompson_k_jumper_verdap_gswvind_mar_04_2014_vertical_9x16.xml
1293	0021300899_496	square	thompson k jumper sqdap gswvind mar 04 2014	7007	nba/thompson_k_jumper_sqdap_gswvind_mar_04_2014_square.mp4	thompson_k_jumper_sqdap_gswvind_mar_04_2014_square.xml
1294	0021300899_496	vertical	thompson k jumper verdap gswvind mar 04 2014 v3	17007	nba/thompson_k_jumper_verdap_gswvind_mar_04_2014_v3_vertical_9x16.mp4	thompson_k_jumper_verdap_gswvind_mar_04_2014_v3_vertical_9x16.xml
1295	0021300899_496	vertical	thompson k jumper verdap gswvind mar 04 2014 v4	17008	nba/thompson_k_jumper_verdap_gswvind_mar_04_2014_v4_vertical_9x16.mp4	thompson_k_jumper_verdap_gswvind_mar_04_2014_v4_vertical_9x16.xml
1296	0021300899_496	vertical	thompson k jumper verdap gswvind mar 04 2014	17002	nba/thompson_k_jumper_verdap_gswvind_mar_04_2014_vertical_9x16.mp4	thompson_k_jumper_verdap_gswvind_mar_04_2014_vertical_9x16.xml
1297	0021300965_521	square	mccollum cj dunk sqdap porvsas mar 12 2014 v2	7011	nba/mccollum_cj_dunk_sqdap_porvsas_mar_12_2014_v2_square.mp4	mccollum_cj_dunk_sqdap_porvsas_mar_12_2014_v2_square.xml
1298	0021300965_521	vertical	mccollum cj dunk verdap porvsas mar 12 2014 v2	17010	nba/mccollum_cj_dunk_verdap_porvsas_mar_12_2014_v2_vertical_9x16.mp4	mccollum_cj_dunk_verdap_porvsas_mar_12_2014_v2_vertical_9x16.xml
1299	0021301037_506	vertical	burke t jumper verdap orlvuta mar 22 2014 v2	17000	nba/burke_t_jumper_verdap_orlvuta_mar_22_2014_v2_vertical_9x16.mp4	burke_t_jumper_verdap_orlvuta_mar_22_2014_v2_vertical_9x16.xml
1300	0021301037_506	vertical	burke t jumper verdap orlvuta mar 22 2014 v2	17000	nba/burke_t_jumper_verdap_orlvuta_mar_22_2014_v2_vertical_9x16.mp4	burke_t_jumper_verdap_orlvuta_mar_22_2014_v2_vertical_9x16.xml
1301	0021301130_279	square	zeller c dunk sqdap orlvcha apr 4 2014	7007	nba/zeller_c_dunk_sqdap_orlvcha_apr_4_2014_square.mp4	zeller_c_dunk_sqdap_orlvcha_apr_4_2014_square.xml
1302	0021301130_279	vertical	zeller c dunk verdap orlvcha apr 4 2014 v2	17000	nba/zeller_c_dunk_verdap_orlvcha_apr_4_2014_v2_vertical_9x16.mp4	zeller_c_dunk_verdap_orlvcha_apr_4_2014_v2_vertical_9x16.xml
1303	0021301130_279	vertical	zeller c dunk verdap orlvcha apr 4 2014 v3	17000	nba/zeller_c_dunk_verdap_orlvcha_apr_4_2014_v3_vertical_9x16.mp4	zeller_c_dunk_verdap_orlvcha_apr_4_2014_v3_vertical_9x16.xml
1304	0021301130_279	vertical	zeller c dunk verdap orlvcha apr 4 2014	17006	nba/zeller_c_dunk_verdap_orlvcha_apr_4_2014_vertical_9x16.mp4	zeller_c_dunk_verdap_orlvcha_apr_4_2014_vertical_9x16.xml
1305	0021301130_279	square	zeller c dunk sqdap orlvcha apr 4 2014	7007	nba/zeller_c_dunk_sqdap_orlvcha_apr_4_2014_square.mp4	zeller_c_dunk_sqdap_orlvcha_apr_4_2014_square.xml
1306	0021301130_279	vertical	zeller c dunk verdap orlvcha apr 4 2014 v2	17000	nba/zeller_c_dunk_verdap_orlvcha_apr_4_2014_v2_vertical_9x16.mp4	zeller_c_dunk_verdap_orlvcha_apr_4_2014_v2_vertical_9x16.xml
1307	0021301130_279	vertical	zeller c dunk verdap orlvcha apr 4 2014 v3	17000	nba/zeller_c_dunk_verdap_orlvcha_apr_4_2014_v3_vertical_9x16.mp4	zeller_c_dunk_verdap_orlvcha_apr_4_2014_v3_vertical_9x16.xml
1308	0021301130_279	vertical	zeller c dunk verdap orlvcha apr 4 2014	17006	nba/zeller_c_dunk_verdap_orlvcha_apr_4_2014_vertical_9x16.mp4	zeller_c_dunk_verdap_orlvcha_apr_4_2014_vertical_9x16.xml
1309	0040500102_248	square	wallace b dunk milvdet sqdap TEST apr 26 2006	31006	nba/wallace_b_dunk_milvdet_sqdap_TEST_apr_26_2006_square.mp4	wallace_b_dunk_milvdet_sqdap_TEST_apr_26_2006_square.xml
1310	0040500102_248	vertical	wallace b dunk milvdet verdap TEST apr 26 2006	31006	nba/wallace_b_dunk_milvdet_verdap_TEST_apr_26_2006_vertical_9x16.mp4	wallace_b_dunk_milvdet_verdap_TEST_apr_26_2006_vertical_9x16.xml
1311	0040500102_248	square	wallace b dunk milvdet sqdap TEST apr 26 2006	31006	nba/wallace_b_dunk_milvdet_sqdap_TEST_apr_26_2006_square.mp4	wallace_b_dunk_milvdet_sqdap_TEST_apr_26_2006_square.xml
1312	0040500102_248	vertical	wallace b dunk milvdet verdap TEST apr 26 2006	31006	nba/wallace_b_dunk_milvdet_verdap_TEST_apr_26_2006_vertical_9x16.mp4	wallace_b_dunk_milvdet_verdap_TEST_apr_26_2006_vertical_9x16.xml
1313	0040500102_56	square	hamilton r dunk milvdet sqdap TEST apr 26 2006	65000	nba/hamilton_r_dunk_milvdet_sqdap_TEST_apr_26_2006_square.mp4	hamilton_r_dunk_milvdet_sqdap_TEST_apr_26_2006_square.xml
1314	0040500102_56	square	hamilton r dunk milvdet sqdap apr 26 2006	65000	nba/hamilton_r_dunk_milvdet_sqdap_apr_26_2006_square.mp4	hamilton_r_dunk_milvdet_sqdap_apr_26_2006_square.xml
1315	0040500102_56	vertical	hamilton r dunk milvdet verdap TEST apr 26 2006	65000	nba/hamilton_r_dunk_milvdet_verdap_TEST_apr_26_2006_vertical_9x16.mp4	hamilton_r_dunk_milvdet_verdap_TEST_apr_26_2006_vertical_9x16.xml
1316	0040500102_56	vertical	hamilton r dunk milvdet verdap apr 26 2006	65000	nba/hamilton_r_dunk_milvdet_verdap_apr_26_2006_vertical_9x16.mp4	hamilton_r_dunk_milvdet_verdap_apr_26_2006_vertical_9x16.xml
1317	0040500102_56	square	hamilton r dunk milvdet sqdap TEST apr 26 2006	65000	nba/hamilton_r_dunk_milvdet_sqdap_TEST_apr_26_2006_square.mp4	hamilton_r_dunk_milvdet_sqdap_TEST_apr_26_2006_square.xml
1318	0040500102_56	square	hamilton r dunk milvdet sqdap apr 26 2006	65000	nba/hamilton_r_dunk_milvdet_sqdap_apr_26_2006_square.mp4	hamilton_r_dunk_milvdet_sqdap_apr_26_2006_square.xml
1319	0040500102_56	vertical	hamilton r dunk milvdet verdap TEST apr 26 2006	65000	nba/hamilton_r_dunk_milvdet_verdap_TEST_apr_26_2006_vertical_9x16.mp4	hamilton_r_dunk_milvdet_verdap_TEST_apr_26_2006_vertical_9x16.xml
1320	0040500102_56	vertical	hamilton r dunk milvdet verdap apr 26 2006	65000	nba/hamilton_r_dunk_milvdet_verdap_apr_26_2006_vertical_9x16.mp4	hamilton_r_dunk_milvdet_verdap_apr_26_2006_vertical_9x16.xml
1321	0040500122_267	square	jefferson r dunk indvnjn sqdap TEST apr 25 2006	16988	nba/jefferson_r_dunk_indvnjn_sqdap_TEST_apr_25_2006_square.mp4	jefferson_r_dunk_indvnjn_sqdap_TEST_apr_25_2006_square.xml
1322	0040500122_267	square	jefferson r dunk indvnjn sqdap apr 25 2006	16988	nba/jefferson_r_dunk_indvnjn_sqdap_apr_25_2006_square.mp4	jefferson_r_dunk_indvnjn_sqdap_apr_25_2006_square.xml
1323	0040500122_267	vertical	jefferson r dunk indvnjn verdap TEST apr 25 2006	16988	nba/jefferson_r_dunk_indvnjn_verdap_TEST_apr_25_2006_vertical_9x16.mp4	jefferson_r_dunk_indvnjn_verdap_TEST_apr_25_2006_vertical_9x16.xml
1324	0040500122_267	vertical	jefferson r dunk indvnjn verdap apr 25 2006	16988	nba/jefferson_r_dunk_indvnjn_verdap_apr_25_2006_vertical_9x16.mp4	jefferson_r_dunk_indvnjn_verdap_apr_25_2006_vertical_9x16.xml
1325	0040500122_267	square	jefferson r dunk indvnjn sqdap TEST apr 25 2006	16988	nba/jefferson_r_dunk_indvnjn_sqdap_TEST_apr_25_2006_square.mp4	jefferson_r_dunk_indvnjn_sqdap_TEST_apr_25_2006_square.xml
1326	0040500122_267	square	jefferson r dunk indvnjn sqdap apr 25 2006	16988	nba/jefferson_r_dunk_indvnjn_sqdap_apr_25_2006_square.mp4	jefferson_r_dunk_indvnjn_sqdap_apr_25_2006_square.xml
1327	0040500122_267	vertical	jefferson r dunk indvnjn verdap TEST apr 25 2006	16988	nba/jefferson_r_dunk_indvnjn_verdap_TEST_apr_25_2006_vertical_9x16.mp4	jefferson_r_dunk_indvnjn_verdap_TEST_apr_25_2006_vertical_9x16.xml
1328	0040500122_267	vertical	jefferson r dunk indvnjn verdap apr 25 2006	16988	nba/jefferson_r_dunk_indvnjn_verdap_apr_25_2006_vertical_9x16.mp4	jefferson_r_dunk_indvnjn_verdap_apr_25_2006_vertical_9x16.xml
1329	0040500131_64	square	jeffries j block wasvcle sqdap TEST apr 22 2006	65004	nba/jeffries_j_block_wasvcle_sqdap_TEST_apr_22_2006_square.mp4	jeffries_j_block_wasvcle_sqdap_TEST_apr_22_2006_square.xml
1330	0040500131_64	square	jeffries j block wasvcle sqdap apr 22 2006	65004	nba/jeffries_j_block_wasvcle_sqdap_apr_22_2006_square.mp4	jeffries_j_block_wasvcle_sqdap_apr_22_2006_square.xml
1331	0040500131_64	vertical	jeffries j block wasvcle verdap TEST apr 22 2006	65004	nba/jeffries_j_block_wasvcle_verdap_TEST_apr_22_2006_vertical_9x16.mp4	jeffries_j_block_wasvcle_verdap_TEST_apr_22_2006_vertical_9x16.xml
1332	0040500131_64	vertical	jeffries j block wasvcle verdap apr 22 2006	65004	nba/jeffries_j_block_wasvcle_verdap_apr_22_2006_vertical_9x16.mp4	jeffries_j_block_wasvcle_verdap_apr_22_2006_vertical_9x16.xml
1333	0040500131_64	square	jeffries j block wasvcle sqdap TEST apr 22 2006	65004	nba/jeffries_j_block_wasvcle_sqdap_TEST_apr_22_2006_square.mp4	jeffries_j_block_wasvcle_sqdap_TEST_apr_22_2006_square.xml
1334	0040500131_64	square	jeffries j block wasvcle sqdap apr 22 2006	65004	nba/jeffries_j_block_wasvcle_sqdap_apr_22_2006_square.mp4	jeffries_j_block_wasvcle_sqdap_apr_22_2006_square.xml
1335	0040500131_64	vertical	jeffries j block wasvcle verdap TEST apr 22 2006	65004	nba/jeffries_j_block_wasvcle_verdap_TEST_apr_22_2006_vertical_9x16.mp4	jeffries_j_block_wasvcle_verdap_TEST_apr_22_2006_vertical_9x16.xml
1336	0040500131_64	vertical	jeffries j block wasvcle verdap apr 22 2006	65004	nba/jeffries_j_block_wasvcle_verdap_apr_22_2006_vertical_9x16.mp4	jeffries_j_block_wasvcle_verdap_apr_22_2006_vertical_9x16.xml
1337	0040500136_536	square	jones d jumper clevwas sqdap TEST may 5 2006	116999	nba/jones_d_jumper_clevwas_sqdap_TEST_may_5_2006_square.mp4	jones_d_jumper_clevwas_sqdap_TEST_may_5_2006_square.xml
1338	0040500136_536	square	jones d jumper clevwas sqdap may 5 2006	116999	nba/jones_d_jumper_clevwas_sqdap_may_5_2006_square.mp4	jones_d_jumper_clevwas_sqdap_may_5_2006_square.xml
1339	0040500136_536	vertical	jones d jumper clevwas verdap TEST may 5 2006	116999	nba/jones_d_jumper_clevwas_verdap_TEST_may_5_2006_vertical_9x16.mp4	jones_d_jumper_clevwas_verdap_TEST_may_5_2006_vertical_9x16.xml
1340	0040500136_536	vertical	jones d jumper clevwas verdap  may 5 2006	116999	nba/jones_d_jumper_clevwas_verdap__may_5_2006_vertical_9x16.mp4	jones_d_jumper_clevwas_verdap__may_5_2006_vertical_9x16.xml
1341	0040500136_536	square	jones d jumper clevwas sqdap TEST may 5 2006	116999	nba/jones_d_jumper_clevwas_sqdap_TEST_may_5_2006_square.mp4	jones_d_jumper_clevwas_sqdap_TEST_may_5_2006_square.xml
1342	0040500136_536	square	jones d jumper clevwas sqdap may 5 2006	116999	nba/jones_d_jumper_clevwas_sqdap_may_5_2006_square.mp4	jones_d_jumper_clevwas_sqdap_may_5_2006_square.xml
1343	0040500136_536	vertical	jones d jumper clevwas verdap TEST may 5 2006	116999	nba/jones_d_jumper_clevwas_verdap_TEST_may_5_2006_vertical_9x16.mp4	jones_d_jumper_clevwas_verdap_TEST_may_5_2006_vertical_9x16.xml
1344	0040500136_536	vertical	jones d jumper clevwas verdap  may 5 2006	116999	nba/jones_d_jumper_clevwas_verdap__may_5_2006_vertical_9x16.mp4	jones_d_jumper_clevwas_verdap__may_5_2006_vertical_9x16.xml
1345	0040500142_468	square	barry b jumper sqdap sacvsas apr 25 2006	7007	nba/barry_b_jumper_sqdap_sacvsas_apr_25_2006_square.mp4	barry_b_jumper_sqdap_sacvsas_apr_25_2006_square.xml
1346	0040500142_468	vertical	barry b jumper verdap sacvsas apr 25 2006	17002	nba/barry_b_jumper_verdap_sacvsas_apr_25_2006_vertical_9x16.mp4	barry_b_jumper_verdap_sacvsas_apr_25_2006_vertical_9x16.xml
1347	0040500142_468	square	barry b jumper sqdap sacvsas apr 25 2006	7007	nba/barry_b_jumper_sqdap_sacvsas_apr_25_2006_square.mp4	barry_b_jumper_sqdap_sacvsas_apr_25_2006_square.xml
1348	0040500142_468	vertical	barry b jumper verdap sacvsas apr 25 2006	17002	nba/barry_b_jumper_verdap_sacvsas_apr_25_2006_vertical_9x16.mp4	barry_b_jumper_verdap_sacvsas_apr_25_2006_vertical_9x16.xml
1349	0040500144_233	square	wells b dunk sqdap sasvsac apr 30 2006	7009	nba/wells_b_dunk_sqdap_sasvsac_apr_30_2006_square.mp4	wells_b_dunk_sqdap_sasvsac_apr_30_2006_square.xml
1350	0040500144_233	vertical	wells b dunk verdap sasvsac apr 30 2006	17002	nba/wells_b_dunk_verdap_sasvsac_apr_30_2006_vertical_9x16.mp4	wells_b_dunk_verdap_sasvsac_apr_30_2006_vertical_9x16.xml
1351	0040500144_233	square	wells b dunk sqdap sasvsac apr 30 2006	7009	nba/wells_b_dunk_sqdap_sasvsac_apr_30_2006_square.mp4	wells_b_dunk_sqdap_sasvsac_apr_30_2006_square.xml
1352	0040500144_233	vertical	wells b dunk verdap sasvsac apr 30 2006	17002	nba/wells_b_dunk_verdap_sasvsac_apr_30_2006_vertical_9x16.mp4	wells_b_dunk_verdap_sasvsac_apr_30_2006_vertical_9x16.xml
1353	0040500203_82	square	james l dunk detvcle sqdap may 13 2006	32006	nba/james_l_dunk_detvcle_sqdap_may_13_2006_square.mp4	james_l_dunk_detvcle_sqdap_may_13_2006_square.xml
1354	0040500203_82	vertical	james l dunk detvcle verdap TEST may 13 2006	32006	nba/james_l_dunk_detvcle_verdap_TEST_may_13_2006_vertical_9x16.mp4	james_l_dunk_detvcle_verdap_TEST_may_13_2006_vertical_9x16.xml
1355	0040500203_82	vertical	james l dunk detvcle verdap may 13 2006	32006	nba/james_l_dunk_detvcle_verdap_may_13_2006_vertical_9x16.mp4	james_l_dunk_detvcle_verdap_may_13_2006_vertical_9x16.xml
1356	0040500203_82	square	james l dunk detvcle sqdap may 13 2006	32006	nba/james_l_dunk_detvcle_sqdap_may_13_2006_square.mp4	james_l_dunk_detvcle_sqdap_may_13_2006_square.xml
1357	0040500203_82	vertical	james l dunk detvcle verdap TEST may 13 2006	32006	nba/james_l_dunk_detvcle_verdap_TEST_may_13_2006_vertical_9x16.mp4	james_l_dunk_detvcle_verdap_TEST_may_13_2006_vertical_9x16.xml
1358	0040500203_82	vertical	james l dunk detvcle verdap may 13 2006	32006	nba/james_l_dunk_detvcle_verdap_may_13_2006_vertical_9x16.mp4	james_l_dunk_detvcle_verdap_may_13_2006_vertical_9x16.xml
1359	0040500305_151	square	mcdyess a dunk miavdet sqdap TEST may 31 2006	30983	nba/mcdyess_a_dunk_miavdet_sqdap_TEST_may_31_2006_square.mp4	mcdyess_a_dunk_miavdet_sqdap_TEST_may_31_2006_square.xml
1360	0040500305_151	square	mcdyess a dunk miavdet sqdap may 31 2006	30983	nba/mcdyess_a_dunk_miavdet_sqdap_may_31_2006_square.mp4	mcdyess_a_dunk_miavdet_sqdap_may_31_2006_square.xml
1361	0040500305_151	vertical	mcdyess a dunk miavdet verdap TEST may 31 2006	30983	nba/mcdyess_a_dunk_miavdet_verdap_TEST_may_31_2006_vertical_9x16.mp4	mcdyess_a_dunk_miavdet_verdap_TEST_may_31_2006_vertical_9x16.xml
1362	0040500305_151	vertical	mcdyess a dunk miavdet verdap may 31 2006	30983	nba/mcdyess_a_dunk_miavdet_verdap_may_31_2006_vertical_9x16.mp4	mcdyess_a_dunk_miavdet_verdap_may_31_2006_vertical_9x16.xml
1363	0040500305_258	square	wallace b miavdet sqdap TEST may 31 2006	38997	nba/wallace_b_miavdet_sqdap_TEST_may_31_2006_square.mp4	wallace_b_miavdet_sqdap_TEST_may_31_2006_square.xml
1364	0040500305_258	square	wallace b miavdet sqdap may 31 2006	38997	nba/wallace_b_miavdet_sqdap_may_31_2006_square.mp4	wallace_b_miavdet_sqdap_may_31_2006_square.xml
1365	0040500305_258	vertical	wallace b miavdet verdap TEST may 31 2006	38997	nba/wallace_b_miavdet_verdap_TEST_may_31_2006_vertical_9x16.mp4	wallace_b_miavdet_verdap_TEST_may_31_2006_vertical_9x16.xml
1366	0040500305_258	vertical	wallace b miavdet verdap may 31 2006	38997	nba/wallace_b_miavdet_verdap_may_31_2006_vertical_9x16.mp4	wallace_b_miavdet_verdap_may_31_2006_vertical_9x16.xml
1367	0040500305_258	square	wallace b miavdet sqdap TEST may 31 2006	38997	nba/wallace_b_miavdet_sqdap_TEST_may_31_2006_square.mp4	wallace_b_miavdet_sqdap_TEST_may_31_2006_square.xml
1368	0040500305_258	square	wallace b miavdet sqdap may 31 2006	38997	nba/wallace_b_miavdet_sqdap_may_31_2006_square.mp4	wallace_b_miavdet_sqdap_may_31_2006_square.xml
1369	0040500305_258	vertical	wallace b miavdet verdap TEST may 31 2006	38997	nba/wallace_b_miavdet_verdap_TEST_may_31_2006_vertical_9x16.mp4	wallace_b_miavdet_verdap_TEST_may_31_2006_vertical_9x16.xml
1370	0040500305_258	vertical	wallace b miavdet verdap may 31 2006	38997	nba/wallace_b_miavdet_verdap_may_31_2006_vertical_9x16.mp4	wallace_b_miavdet_verdap_may_31_2006_vertical_9x16.xml
1371	0040500315_462	square	nowitzki d 3 phxvdal sqdap TEST jun 1 2006	26999	nba/nowitzki_d_3_phxvdal_sqdap_TEST_jun_1_2006_square.mp4	nowitzki_d_3_phxvdal_sqdap_TEST_jun_1_2006_square.xml
1372	0040500315_462	square	nowitzki d 3 phxvdal sqdap jun 1 2006	26999	nba/nowitzki_d_3_phxvdal_sqdap_jun_1_2006_square.mp4	nowitzki_d_3_phxvdal_sqdap_jun_1_2006_square.xml
1373	0040500315_462	vertical	nowitzki d 3 phxvdal verdap TEST jun 1 2006	26999	nba/nowitzki_d_3_phxvdal_verdap_TEST_jun_1_2006_vertical_9x16.mp4	nowitzki_d_3_phxvdal_verdap_TEST_jun_1_2006_vertical_9x16.xml
1374	0040500315_462	vertical	nowitzki d 3 phxvdal verdap jun 1 2006	26999	nba/nowitzki_d_3_phxvdal_verdap_jun_1_2006_vertical_9x16.mp4	nowitzki_d_3_phxvdal_verdap_jun_1_2006_vertical_9x16.xml
1375	0040500315_462	square	nowitzki d 3 phxvdal sqdap TEST jun 1 2006	26999	nba/nowitzki_d_3_phxvdal_sqdap_TEST_jun_1_2006_square.mp4	nowitzki_d_3_phxvdal_sqdap_TEST_jun_1_2006_square.xml
1376	0040500315_462	square	nowitzki d 3 phxvdal sqdap jun 1 2006	26999	nba/nowitzki_d_3_phxvdal_sqdap_jun_1_2006_square.mp4	nowitzki_d_3_phxvdal_sqdap_jun_1_2006_square.xml
1377	0040500315_462	vertical	nowitzki d 3 phxvdal verdap TEST jun 1 2006	26999	nba/nowitzki_d_3_phxvdal_verdap_TEST_jun_1_2006_vertical_9x16.mp4	nowitzki_d_3_phxvdal_verdap_TEST_jun_1_2006_vertical_9x16.xml
1378	0040500315_462	vertical	nowitzki d 3 phxvdal verdap jun 1 2006	26999	nba/nowitzki_d_3_phxvdal_verdap_jun_1_2006_vertical_9x16.mp4	nowitzki_d_3_phxvdal_verdap_jun_1_2006_vertical_9x16.xml
1379	0040500404_177	square	oneal s block sqdap dalvmia jun 15 2006	7007	nba/oneal_s_block_sqdap_dalvmia_jun_15_2006_square.mp4	oneal_s_block_sqdap_dalvmia_jun_15_2006_square.xml
1380	0040500404_177	vertical	oneal s block verdap dalvmia jun 15 2006	17007	nba/oneal_s_block_verdap_dalvmia_jun_15_2006_vertical_9x16.mp4	oneal_s_block_verdap_dalvmia_jun_15_2006_vertical_9x16.xml
1381	0040500404_177	square	oneal s block sqdap dalvmia jun 15 2006	7007	nba/oneal_s_block_sqdap_dalvmia_jun_15_2006_square.mp4	oneal_s_block_sqdap_dalvmia_jun_15_2006_square.xml
1382	0040500404_177	vertical	oneal s block verdap dalvmia jun 15 2006	17007	nba/oneal_s_block_verdap_dalvmia_jun_15_2006_vertical_9x16.mp4	oneal_s_block_verdap_dalvmia_jun_15_2006_vertical_9x16.xml
1383	0040500406_442	square	mourning a block miavdal sqdap TEST jun 20 2006	56010	nba/mourning_a_block_miavdal_sqdap_TEST_jun_20_2006_square.mp4	mourning_a_block_miavdal_sqdap_TEST_jun_20_2006_square.xml
1384	0040500406_442	square	mourning a block miavdal sqdap jun 20 2006	56010	nba/mourning_a_block_miavdal_sqdap_jun_20_2006_square.mp4	mourning_a_block_miavdal_sqdap_jun_20_2006_square.xml
1385	0040500406_442	vertical	mourning a block miavdal verdap TEST jun 20 2006	56010	nba/mourning_a_block_miavdal_verdap_TEST_jun_20_2006_vertical_9x16.mp4	mourning_a_block_miavdal_verdap_TEST_jun_20_2006_vertical_9x16.xml
1386	0040500406_442	vertical	mourning a block miavdal verdap jun 20 2006	56010	nba/mourning_a_block_miavdal_verdap_jun_20_2006_vertical_9x16.mp4	mourning_a_block_miavdal_verdap_jun_20_2006_vertical_9x16.xml
1387	0040500406_442	square	mourning a block miavdal sqdap TEST jun 20 2006	56010	nba/mourning_a_block_miavdal_sqdap_TEST_jun_20_2006_square.mp4	mourning_a_block_miavdal_sqdap_TEST_jun_20_2006_square.xml
1388	0040500406_442	square	mourning a block miavdal sqdap jun 20 2006	56010	nba/mourning_a_block_miavdal_sqdap_jun_20_2006_square.mp4	mourning_a_block_miavdal_sqdap_jun_20_2006_square.xml
1389	0040500406_442	vertical	mourning a block miavdal verdap TEST jun 20 2006	56010	nba/mourning_a_block_miavdal_verdap_TEST_jun_20_2006_vertical_9x16.mp4	mourning_a_block_miavdal_verdap_TEST_jun_20_2006_vertical_9x16.xml
1390	0040500406_442	vertical	mourning a block miavdal verdap jun 20 2006	56010	nba/mourning_a_block_miavdal_verdap_jun_20_2006_vertical_9x16.mp4	mourning_a_block_miavdal_verdap_jun_20_2006_vertical_9x16.xml
1391	0041300176_538	square	lillard d three sqdap houvpor may 2 2014	7010	nba/lillard_d_three_sqdap_houvpor_may_2_2014_square.mp4	lillard_d_three_sqdap_houvpor_may_2_2014_square.xml
1392	0041300176_538	vertical	lillard d three verdap houvpor may 2 2014 v2	17000	nba/lillard_d_three_verdap_houvpor_may_2_2014_v2_vertical_9x16.mp4	lillard_d_three_verdap_houvpor_may_2_2014_v2_vertical_9x16.xml
1393	0041300176_538	vertical	lillard d three verdap houvpor may 2 2014 v3	17000	nba/lillard_d_three_verdap_houvpor_may_2_2014_v3_vertical_9x16.mp4	lillard_d_three_verdap_houvpor_may_2_2014_v3_vertical_9x16.xml
1394	0041300176_538	vertical	lillard d three verdap houvpor may 2 2014	17009	nba/lillard_d_three_verdap_houvpor_may_2_2014_vertical_9x16.mp4	lillard_d_three_verdap_houvpor_may_2_2014_vertical_9x16.xml
1395	0041300176_538	square	lillard d three sqdap houvpor may 2 2014	7010	nba/lillard_d_three_sqdap_houvpor_may_2_2014_square.mp4	lillard_d_three_sqdap_houvpor_may_2_2014_square.xml
1396	0041300176_538	vertical	lillard d three verdap houvpor may 2 2014 v2	17000	nba/lillard_d_three_verdap_houvpor_may_2_2014_v2_vertical_9x16.mp4	lillard_d_three_verdap_houvpor_may_2_2014_v2_vertical_9x16.xml
1397	0041300176_538	vertical	lillard d three verdap houvpor may 2 2014 v3	17000	nba/lillard_d_three_verdap_houvpor_may_2_2014_v3_vertical_9x16.mp4	lillard_d_three_verdap_houvpor_may_2_2014_v3_vertical_9x16.xml
1398	0041300176_538	vertical	lillard d three verdap houvpor may 2 2014	17009	nba/lillard_d_three_verdap_houvpor_may_2_2014_vertical_9x16.mp4	lillard_d_three_verdap_houvpor_may_2_2014_vertical_9x16.xml
1399	0041300312_266	vertical	diaw b layup verdap okcvsas may 21 2014 v2	17006	nba/diaw_b_layup_verdap_okcvsas_may_21_2014_v2_vertical_9x16.mp4	diaw_b_layup_verdap_okcvsas_may_21_2014_v2_vertical_9x16.xml
1400	0041300312_266	vertical	diaw b layup verdap okcvsas may 21 2014 v2	17006	nba/diaw_b_layup_verdap_okcvsas_may_21_2014_v2_vertical_9x16.mp4	diaw_b_layup_verdap_okcvsas_may_21_2014_v2_vertical_9x16.xml
1401	0041300313_296	vertical	ibaka s block sasvokc verdap may 25 2014 v2	41987	nba/ibaka_s_block_sasvokc_verdap_may_25_2014_v2_vertical_9x16.mp4	ibaka_s_block_sasvokc_verdap_may_25_2014_v2_vertical_9x16.xml
1402	0041300313_296	vertical	ibaka s block sasvokc verdap may 25 2014 v2	41987	nba/ibaka_s_block_sasvokc_verdap_may_25_2014_v2_vertical_9x16.mp4	ibaka_s_block_sasvokc_verdap_may_25_2014_v2_vertical_9x16.xml
1403	1020900012_264	square	jackson l layup seavind sqdap TEST jun 9 2009	53994	nba/jackson_l_layup_seavind_sqdap_TEST_jun_9_2009_square.mp4	jackson_l_layup_seavind_sqdap_TEST_jun_9_2009_square.xml
1404	1020900012_264	square	jackson l layup seavind sqdap TEST jun 9 2009	53994	nba/jackson_l_layup_seavind_sqdap_TEST_jun_9_2009_square.mp4	jackson_l_layup_seavind_sqdap_TEST_jun_9_2009_square.xml
1405	1020900071_29	square	jackson l layup sqdap sacvsea aug 09 2009	7007	nba/jackson_l_layup_sqdap_sacvsea_aug_09_2009_square.mp4	jackson_l_layup_sqdap_sacvsea_aug_09_2009_square.xml
1406	1020900071_29	vertical	jackson l layup verdap sacvsea aug 09 2009	17009	nba/jackson_l_layup_verdap_sacvsea_aug_09_2009_vertical_9x16.mp4	jackson_l_layup_verdap_sacvsea_aug_09_2009_vertical_9x16.xml
1407	1020900071_29	square	jackson l layup sqdap sacvsea aug 09 2009	7007	nba/jackson_l_layup_sqdap_sacvsea_aug_09_2009_square.mp4	jackson_l_layup_sqdap_sacvsea_aug_09_2009_square.xml
1408	1020900071_29	vertical	jackson l layup verdap sacvsea aug 09 2009	17009	nba/jackson_l_layup_verdap_sacvsea_aug_09_2009_vertical_9x16.mp4	jackson_l_layup_verdap_sacvsea_aug_09_2009_vertical_9x16.xml
1409	1020900126_230	square	smith k jumper sqdap nylvdet aug 04 2009	7007	nba/smith_k_jumper_sqdap_nylvdet_aug_04_2009_square.mp4	smith_k_jumper_sqdap_nylvdet_aug_04_2009_square.xml
1410	1020900126_230	vertical	smith k jumper verdap nylvdet aug 04 2009	17010	nba/smith_k_jumper_verdap_nylvdet_aug_04_2009_vertical_9x16.mp4	smith_k_jumper_verdap_nylvdet_aug_04_2009_vertical_9x16.xml
1411	1020900126_230	vertical	smith k three verdap nylvdet aug 04 2009 TEST	17007	nba/smith_k_three_verdap_nylvdet_aug_04_2009_TEST_vertical_9x16.mp4	smith_k_three_verdap_nylvdet_aug_04_2009_TEST_vertical_9x16.xml
1412	1020900126_230	square	smith k jumper sqdap nylvdet aug 04 2009	7007	nba/smith_k_jumper_sqdap_nylvdet_aug_04_2009_square.mp4	smith_k_jumper_sqdap_nylvdet_aug_04_2009_square.xml
1413	1020900126_230	vertical	smith k jumper verdap nylvdet aug 04 2009	17010	nba/smith_k_jumper_verdap_nylvdet_aug_04_2009_vertical_9x16.mp4	smith_k_jumper_verdap_nylvdet_aug_04_2009_vertical_9x16.xml
1414	1020900126_230	vertical	smith k three verdap nylvdet aug 04 2009 TEST	17007	nba/smith_k_three_verdap_nylvdet_aug_04_2009_TEST_vertical_9x16.mp4	smith_k_three_verdap_nylvdet_aug_04_2009_TEST_vertical_9x16.xml
1415	1020900201_228	vertical	cash s layup verdap seavmin sept 05 2009 TEST	17009	nba/cash_s_layup_verdap_seavmin_sept_05_2009_TEST_vertical_9x16.mp4	cash_s_layup_verdap_seavmin_sept_05_2009_TEST_vertical_9x16.xml
1416	1020900201_228	vertical	cash s layup verdap seavmin sept 05 2009 TEST	17009	nba/cash_s_layup_verdap_seavmin_sept_05_2009_TEST_vertical_9x16.mp4	cash_s_layup_verdap_seavmin_sept_05_2009_TEST_vertical_9x16.xml
1417	1021100005_204	square	hammon b jumper sqdap tulvsas jun 04 2011	7008	nba/hammon_b_jumper_sqdap_tulvsas_jun_04_2011_square.mp4	hammon_b_jumper_sqdap_tulvsas_jun_04_2011_square.xml
1418	1021100005_204	vertical	hammon b jumper verdap tulvsas jun 04 2011 v2	17009	nba/hammon_b_jumper_verdap_tulvsas_jun_04_2011_v2_vertical_9x16.mp4	hammon_b_jumper_verdap_tulvsas_jun_04_2011_v2_vertical_9x16.xml
1419	1021100005_204	vertical	hammon b jumper verdap tulvsas jun 04 2011	17002	nba/hammon_b_jumper_verdap_tulvsas_jun_04_2011_vertical_9x16.mp4	hammon_b_jumper_verdap_tulvsas_jun_04_2011_vertical_9x16.xml
1420	1021100005_204	square	hammon b jumper sqdap tulvsas jun 04 2011	7008	nba/hammon_b_jumper_sqdap_tulvsas_jun_04_2011_square.mp4	hammon_b_jumper_sqdap_tulvsas_jun_04_2011_square.xml
1421	1021100005_204	vertical	hammon b jumper verdap tulvsas jun 04 2011 v2	17009	nba/hammon_b_jumper_verdap_tulvsas_jun_04_2011_v2_vertical_9x16.mp4	hammon_b_jumper_verdap_tulvsas_jun_04_2011_v2_vertical_9x16.xml
1422	1021100005_204	vertical	hammon b jumper verdap tulvsas jun 04 2011	17002	nba/hammon_b_jumper_verdap_tulvsas_jun_04_2011_vertical_9x16.mp4	hammon_b_jumper_verdap_tulvsas_jun_04_2011_vertical_9x16.xml
1423	1021100030_131	square	penicheiro t assist sqdap seavlas jun 19 2011 TEST	7007	nba/penicheiro_t_assist_sqdap_seavlas_jun_19_2011_TEST_square.mp4	penicheiro_t_assist_sqdap_seavlas_jun_19_2011_TEST_square.xml
1424	1021100030_131	square	penicheiro t assist sqdap seavlas jun 19 2011 TEST	7007	nba/penicheiro_t_assist_sqdap_seavlas_jun_19_2011_TEST_square.mp4	penicheiro_t_assist_sqdap_seavlas_jun_19_2011_TEST_square.xml
1425	1021100073_21	square	hammon b assist sqdap seavsas jul 14 2011 TEST	7008	nba/hammon_b_assist_sqdap_seavsas_jul_14_2011_TEST_square.mp4	hammon_b_assist_sqdap_seavsas_jul_14_2011_TEST_square.xml
1426	1021100073_21	vertical	hammon b assist verdap seavsas jul 14 2011 TEST	17008	nba/hammon_b_assist_verdap_seavsas_jul_14_2011_TEST_vertical_9x16.mp4	hammon_b_assist_verdap_seavsas_jul_14_2011_TEST_vertical_9x16.xml
1427	1021100073_21	square	hammon b assist sqdap seavsas jul 14 2011 TEST	7008	nba/hammon_b_assist_sqdap_seavsas_jul_14_2011_TEST_square.mp4	hammon_b_assist_sqdap_seavsas_jul_14_2011_TEST_square.xml
1428	1021100073_21	vertical	hammon b assist verdap seavsas jul 14 2011 TEST	17008	nba/hammon_b_assist_verdap_seavsas_jul_14_2011_TEST_vertical_9x16.mp4	hammon_b_assist_verdap_seavsas_jul_14_2011_TEST_vertical_9x16.xml
1429	1021100106_402	square	whalen l game winner sqdap minvsas jul 31 2011 TEST	7007	nba/whalen_l_game_winner_sqdap_minvsas_jul_31_2011_TEST_square.mp4	whalen_l_game_winner_sqdap_minvsas_jul_31_2011_TEST_square.xml
1430	1021100106_402	vertical	whalen l game winner verdap minvsas jul 31 2011 TEST	17007	nba/whalen_l_game_winner_verdap_minvsas_jul_31_2011_TEST_vertical_9x16.mp4	whalen_l_game_winner_verdap_minvsas_jul_31_2011_TEST_vertical_9x16.xml
1431	1021100106_402	square	whalen l jumper minvsas sqdap TEST jul 31 2011	34007	nba/whalen_l_jumper_minvsas_sqdap_TEST_jul_31_2011_square.mp4	whalen_l_jumper_minvsas_sqdap_TEST_jul_31_2011_square.xml
1432	1021100106_402	vertical	whalen l jumper minvsas verdap TEST jul 31 2011	34007	nba/whalen_l_jumper_minvsas_verdap_TEST_jul_31_2011_vertical_9x16.mp4	whalen_l_jumper_minvsas_verdap_TEST_jul_31_2011_vertical_9x16.xml
1433	1021300011_160	square	parker c block lasvsas sqdap TEST jun 1 2013	28987	nba/parker_c_block_lasvsas_sqdap_TEST_jun_1_2013_square.mp4	parker_c_block_lasvsas_sqdap_TEST_jun_1_2013_square.xml
1434	1021300011_160	vertical	parker c block lasvsas verdap TEST jun 1 2013	28987	nba/parker_c_block_lasvsas_verdap_TEST_jun_1_2013_vertical_9x16.mp4	parker_c_block_lasvsas_verdap_TEST_jun_1_2013_vertical_9x16.xml
1435	1021300011_160	square	parker c block lasvsas sqdap TEST jun 1 2013	28987	nba/parker_c_block_lasvsas_sqdap_TEST_jun_1_2013_square.mp4	parker_c_block_lasvsas_sqdap_TEST_jun_1_2013_square.xml
1436	1021300011_160	vertical	parker c block lasvsas verdap TEST jun 1 2013	28987	nba/parker_c_block_lasvsas_verdap_TEST_jun_1_2013_vertical_9x16.mp4	parker_c_block_lasvsas_verdap_TEST_jun_1_2013_vertical_9x16.xml
1437	1021300135_111	square	ogwumike n layup sqdap chivlas aug 13 2013	7002	nba/ogwumike_n_layup_sqdap_chivlas_aug_13_2013_square.mp4	ogwumike_n_layup_sqdap_chivlas_aug_13_2013_square.xml
1438	1021300135_111	vertical	ogwumike n layup verdap chivlas aug 13 2013	17977	nba/ogwumike_n_layup_verdap_chivlas_aug_13_2013_vertical_9x16.mp4	ogwumike_n_layup_verdap_chivlas_aug_13_2013_vertical_9x16.xml
1439	1021300135_111	square	ogwumike n layup sqdap chivlas aug 13 2013	7002	nba/ogwumike_n_layup_sqdap_chivlas_aug_13_2013_square.mp4	ogwumike_n_layup_sqdap_chivlas_aug_13_2013_square.xml
1440	1021300135_111	vertical	ogwumike n layup verdap chivlas aug 13 2013	17977	nba/ogwumike_n_layup_verdap_chivlas_aug_13_2013_vertical_9x16.mp4	ogwumike_n_layup_verdap_chivlas_aug_13_2013_vertical_9x16.xml
1441	1021800099_372	square	bird s assist sqdap phxvsea july 01 2018	7977	nba/bird_s_assist_sqdap_phxvsea_july_01_2018_square.mp4	bird_s_assist_sqdap_phxvsea_july_01_2018_square.xml
1442	1021800099_372	vertical	bird s assist verdap phxvsea july 01 2018	17976	nba/bird_s_assist_verdap_phxvsea_july_01_2018_vertical_9x16.mp4	bird_s_assist_verdap_phxvsea_july_01_2018_vertical_9x16.xml
1443	1021800099_372	square	bird s assist sqdap phxvsea july 01 2018	7977	nba/bird_s_assist_sqdap_phxvsea_july_01_2018_square.mp4	bird_s_assist_sqdap_phxvsea_july_01_2018_square.xml
1444	1021800099_372	vertical	bird s assist verdap phxvsea july 01 2018	17976	nba/bird_s_assist_verdap_phxvsea_july_01_2018_vertical_9x16.mp4	bird_s_assist_verdap_phxvsea_july_01_2018_vertical_9x16.xml
1445	1022100001_570	vertical	ionescu s 3 indvnyl verdap may 14 2021 v2	86004	nba/ionescu_s_3_indvnyl_verdap_may_14_2021_v2_vertical_9x16.mp4	ionescu_s_3_indvnyl_verdap_may_14_2021_v2_vertical_9x16.xml
1446	1022100001_570	vertical	ionescu s 3 indvnyl verdap may 14 2021 v2	86004	nba/ionescu_s_3_indvnyl_verdap_may_14_2021_v2_vertical_9x16.mp4	ionescu_s_3_indvnyl_verdap_may_14_2021_v2_vertical_9x16.xml
1447	1022100004_7	square	ogwumike n layup sqdap dalvlas may 14 2021	7009	nba/ogwumike_n_layup_sqdap_dalvlas_may_14_2021_square.mp4	ogwumike_n_layup_sqdap_dalvlas_may_14_2021_square.xml
1448	1022100004_7	vertical	ogwumike n layup verdap dalvlas may 14 2021	17007	nba/ogwumike_n_layup_verdap_dalvlas_may_14_2021_vertical_9x16.mp4	ogwumike_n_layup_verdap_dalvlas_may_14_2021_vertical_9x16.xml
1449	1022100004_7	square	ogwumike n layup sqdap dalvlas may 14 2021	7009	nba/ogwumike_n_layup_sqdap_dalvlas_may_14_2021_square.mp4	ogwumike_n_layup_sqdap_dalvlas_may_14_2021_square.xml
1450	1022100004_7	vertical	ogwumike n layup verdap dalvlas may 14 2021	17007	nba/ogwumike_n_layup_verdap_dalvlas_may_14_2021_vertical_9x16.mp4	ogwumike_n_layup_verdap_dalvlas_may_14_2021_vertical_9x16.xml
1451	1022100005_17	square	parker c layup chivwas sqdap may 15 2021	20000	nba/parker_c_layup_chivwas_sqdap_may_15_2021_square.mp4	parker_c_layup_chivwas_sqdap_may_15_2021_square.xml
1452	1022100005_17	vertical	parker c layup chivwas verdap may 15 2021	20000	nba/parker_c_layup_chivwas_verdap_may_15_2021_vertical_9x16.mp4	parker_c_layup_chivwas_verdap_may_15_2021_vertical_9x16.xml
1453	1022100011_125	square	hamby d layup sqdap lvavsea may 18 2021	7007	nba/hamby_d_layup_sqdap_lvavsea_may_18_2021_square.mp4	hamby_d_layup_sqdap_lvavsea_may_18_2021_square.xml
1454	1022100011_125	vertical	hamby d layup verdap lvavsea may 18 2021	17007	nba/hamby_d_layup_verdap_lvavsea_may_18_2021_vertical_9x16.mp4	hamby_d_layup_verdap_lvavsea_may_18_2021_vertical_9x16.xml
1455	1022100011_125	square	hamby d layup sqdap lvavsea may 18 2021	7007	nba/hamby_d_layup_sqdap_lvavsea_may_18_2021_square.mp4	hamby_d_layup_sqdap_lvavsea_may_18_2021_square.xml
1456	1022100011_125	vertical	hamby d layup verdap lvavsea may 18 2021	17007	nba/hamby_d_layup_verdap_lvavsea_may_18_2021_vertical_9x16.mp4	hamby_d_layup_verdap_lvavsea_may_18_2021_vertical_9x16.xml
1457	1022100011_399	vertical	samuelson k 3 lvavsea verdap may 18 2021 v2	46993	nba/samuelson_k_3_lvavsea_verdap_may_18_2021_v2_vertical_9x16.mp4	samuelson_k_3_lvavsea_verdap_may_18_2021_v2_vertical_9x16.xml
1458	1022100011_399	vertical	samuelson k 3 lvavsea verdap may 18 2021 v2	46993	nba/samuelson_k_3_lvavsea_verdap_may_18_2021_v2_vertical_9x16.mp4	samuelson_k_3_lvavsea_verdap_may_18_2021_v2_vertical_9x16.xml
1459	1022100019_453	vertical	canada j jumper seavdal verdap may 22 2021 v2	20000	nba/canada_j_jumper_seavdal_verdap_may_22_2021_v2_vertical_9x16.mp4	canada_j_jumper_seavdal_verdap_may_22_2021_v2_vertical_9x16.xml
1460	1022100019_453	vertical	canada j jumper seavdal verdap may 22 2021 v2	20000	nba/canada_j_jumper_seavdal_verdap_may_22_2021_v2_vertical_9x16.mp4	canada_j_jumper_seavdal_verdap_may_22_2021_v2_vertical_9x16.xml
1461	1022100022_411	square	mompremier b block convlva sqdap may 23 2021 v2	37017	nba/mompremier_b_block_convlva_sqdap_may_23_2021_v2_square.mp4	mompremier_b_block_convlva_sqdap_may_23_2021_v2_square.xml
1462	1022100022_411	square	mompremier b block convlva sqdap may 23 2021 v2	37017	nba/mompremier_b_block_convlva_sqdap_may_23_2021_v2_square.mp4	mompremier_b_block_convlva_sqdap_may_23_2021_v2_square.xml
1463	1022100023_139	square	gondrezick k 3 wasvind sqdap may 25 2021	20000	nba/gondrezick_k_3_wasvind_sqdap_may_25_2021_square.mp4	gondrezick_k_3_wasvind_sqdap_may_25_2021_square.xml
1464	1022100023_139	vertical	gondrezick k 3 wasvind verdap may 25 2021	20000	nba/gondrezick_k_3_wasvind_verdap_may_25_2021_vertical_9x16.mp4	gondrezick_k_3_wasvind_verdap_may_25_2021_vertical_9x16.xml
1465	1022100023_139	square	gondrezick k 3 wasvind sqdap may 25 2021	20000	nba/gondrezick_k_3_wasvind_sqdap_may_25_2021_square.mp4	gondrezick_k_3_wasvind_sqdap_may_25_2021_square.xml
1466	1022100023_139	vertical	gondrezick k 3 wasvind verdap may 25 2021	20000	nba/gondrezick_k_3_wasvind_verdap_may_25_2021_vertical_9x16.mp4	gondrezick_k_3_wasvind_verdap_may_25_2021_vertical_9x16.xml
1467	1022100025_78	square	mcdonald a 3 atlvchi sqdap may 25 2021	27977	nba/mcdonald_a_3_atlvchi_sqdap_may_25_2021_square.mp4	mcdonald_a_3_atlvchi_sqdap_may_25_2021_square.xml
1468	1022100025_78	vertical	mcdonald a 3 atlvchi verdap may 25 2021	27977	nba/mcdonald_a_3_atlvchi_verdap_may_25_2021_vertical_9x16.mp4	mcdonald_a_3_atlvchi_verdap_may_25_2021_vertical_9x16.xml
1469	1022100025_78	square	mcdonald a 3 atlvchi sqdap may 25 2021	27977	nba/mcdonald_a_3_atlvchi_sqdap_may_25_2021_square.mp4	mcdonald_a_3_atlvchi_sqdap_may_25_2021_square.xml
1470	1022100025_78	vertical	mcdonald a 3 atlvchi verdap may 25 2021	27977	nba/mcdonald_a_3_atlvchi_verdap_may_25_2021_vertical_9x16.mp4	mcdonald_a_3_atlvchi_verdap_may_25_2021_vertical_9x16.xml
1471	1022100035_220	square	deshields d block lasvchi sqdap may 30 2021	24979	nba/deshields_d_block_lasvchi_sqdap_may_30_2021_square.mp4	deshields_d_block_lasvchi_sqdap_may_30_2021_square.xml
1472	1022100035_220	square	deshields d block lasvchi sqdap may 30 2021 v2	24979	nba/deshields_d_block_lasvchi_sqdap_may_30_2021_v2_square.mp4	deshields_d_block_lasvchi_sqdap_may_30_2021_v2_square.xml
1473	1022100035_220	vertical	deshields d block lasvchi verdap may 30 2021 v2	24979	nba/deshields_d_block_lasvchi_verdap_may_30_2021_v2_vertical_9x16.mp4	deshields_d_block_lasvchi_verdap_may_30_2021_v2_vertical_9x16.xml
1474	1022100035_220	vertical	deshields d block lasvchi verdap may 30 2021	24979	nba/deshields_d_block_lasvchi_verdap_may_30_2021_vertical_9x16.mp4	deshields_d_block_lasvchi_verdap_may_30_2021_vertical_9x16.xml
1475	1022100035_220	square	deshields d block lasvchi sqdap may 30 2021	24979	nba/deshields_d_block_lasvchi_sqdap_may_30_2021_square.mp4	deshields_d_block_lasvchi_sqdap_may_30_2021_square.xml
1476	1022100035_220	square	deshields d block lasvchi sqdap may 30 2021 v2	24979	nba/deshields_d_block_lasvchi_sqdap_may_30_2021_v2_square.mp4	deshields_d_block_lasvchi_sqdap_may_30_2021_v2_square.xml
1477	1022100035_220	vertical	deshields d block lasvchi verdap may 30 2021 v2	24979	nba/deshields_d_block_lasvchi_verdap_may_30_2021_v2_vertical_9x16.mp4	deshields_d_block_lasvchi_verdap_may_30_2021_v2_vertical_9x16.xml
1478	1022100035_220	vertical	deshields d block lasvchi verdap may 30 2021	24979	nba/deshields_d_block_lasvchi_verdap_may_30_2021_vertical_9x16.mp4	deshields_d_block_lasvchi_verdap_may_30_2021_vertical_9x16.xml
1479	1022100035_410	vertical	sykes b block lasvchi verdap may 30 2021 v2	20000	nba/sykes_b_block_lasvchi_verdap_may_30_2021_v2_vertical_9x16.mp4	sykes_b_block_lasvchi_verdap_may_30_2021_v2_vertical_9x16.xml
1480	1022100035_410	vertical	sykes b block lasvchi verdap may 30 2021 v2	20000	nba/sykes_b_block_lasvchi_verdap_may_30_2021_v2_vertical_9x16.mp4	sykes_b_block_lasvchi_verdap_may_30_2021_v2_vertical_9x16.xml
1481	1022100035_483	square	deshields d alleyoop sqdap lasvchi may 30 2021	7008	nba/deshields_d_alleyoop_sqdap_lasvchi_may_30_2021_square.mp4	deshields_d_alleyoop_sqdap_lasvchi_may_30_2021_square.xml
1482	1022100035_483	vertical	deshields d alleyoop verdap lasvchi may 30 2021	17002	nba/deshields_d_alleyoop_verdap_lasvchi_may_30_2021_vertical_9x16.mp4	deshields_d_alleyoop_verdap_lasvchi_may_30_2021_vertical_9x16.xml
1483	1022100035_483	square	deshields d alleyoop sqdap lasvchi may 30 2021	7008	nba/deshields_d_alleyoop_sqdap_lasvchi_may_30_2021_square.mp4	deshields_d_alleyoop_sqdap_lasvchi_may_30_2021_square.xml
1484	1022100035_483	vertical	deshields d alleyoop verdap lasvchi may 30 2021	17002	nba/deshields_d_alleyoop_verdap_lasvchi_may_30_2021_vertical_9x16.mp4	deshields_d_alleyoop_verdap_lasvchi_may_30_2021_vertical_9x16.xml
1485	1022100054_41	square	parker c assist sqdap indvchi jun 9 2021	7979	nba/parker_c_assist_sqdap_indvchi_jun_9_2021_square.mp4	parker_c_assist_sqdap_indvchi_jun_9_2021_square.xml
1486	1022100054_41	vertical	parker c assist verdap indvchi jun 9 2021 v2	17011	nba/parker_c_assist_verdap_indvchi_jun_9_2021_v2_vertical_9x16.mp4	parker_c_assist_verdap_indvchi_jun_9_2021_v2_vertical_9x16.xml
1487	1022100054_41	vertical	parker c assist verdap indvchi jun 9 2021	17014	nba/parker_c_assist_verdap_indvchi_jun_9_2021_vertical_9x16.mp4	parker_c_assist_verdap_indvchi_jun_9_2021_vertical_9x16.xml
1488	1022100054_41	square	parker c assist sqdap indvchi jun 9 2021	7979	nba/parker_c_assist_sqdap_indvchi_jun_9_2021_square.mp4	parker_c_assist_sqdap_indvchi_jun_9_2021_square.xml
1489	1022100054_41	vertical	parker c assist verdap indvchi jun 9 2021 v2	17011	nba/parker_c_assist_verdap_indvchi_jun_9_2021_v2_vertical_9x16.mp4	parker_c_assist_verdap_indvchi_jun_9_2021_v2_vertical_9x16.xml
1490	1022100054_41	vertical	parker c assist verdap indvchi jun 9 2021	17014	nba/parker_c_assist_verdap_indvchi_jun_9_2021_vertical_9x16.mp4	parker_c_assist_verdap_indvchi_jun_9_2021_vertical_9x16.xml
1491	1022100062_85	square	charles t jumper sqdap wasvatl jun 13 2021	7977	nba/charles_t_jumper_sqdap_wasvatl_jun_13_2021_square.mp4	charles_t_jumper_sqdap_wasvatl_jun_13_2021_square.xml
1492	1022100062_85	vertical	charles t jumper verdap wasvatl jun 13 2021 v2	17979	nba/charles_t_jumper_verdap_wasvatl_jun_13_2021_v2_vertical_9x16.mp4	charles_t_jumper_verdap_wasvatl_jun_13_2021_v2_vertical_9x16.xml
1493	1022100062_85	vertical	charles t jumper verdap wasvatl jun 13 2021	17976	nba/charles_t_jumper_verdap_wasvatl_jun_13_2021_vertical_9x16.mp4	charles_t_jumper_verdap_wasvatl_jun_13_2021_vertical_9x16.xml
1494	1022100062_85	square	charles t jumper sqdap wasvatl jun 13 2021	7977	nba/charles_t_jumper_sqdap_wasvatl_jun_13_2021_square.mp4	charles_t_jumper_sqdap_wasvatl_jun_13_2021_square.xml
1495	1022100062_85	vertical	charles t jumper verdap wasvatl jun 13 2021 v2	17979	nba/charles_t_jumper_verdap_wasvatl_jun_13_2021_v2_vertical_9x16.mp4	charles_t_jumper_verdap_wasvatl_jun_13_2021_v2_vertical_9x16.xml
1496	1022100062_85	vertical	charles t jumper verdap wasvatl jun 13 2021	17976	nba/charles_t_jumper_verdap_wasvatl_jun_13_2021_vertical_9x16.mp4	charles_t_jumper_verdap_wasvatl_jun_13_2021_vertical_9x16.xml
1497	1022100063_256	vertical	wilson a block verdap dalvlva jun 13 2021 v3	17007	nba/wilson_a_block_verdap_dalvlva_jun_13_2021_v3_vertical_9x16.mp4	wilson_a_block_verdap_dalvlva_jun_13_2021_v3_vertical_9x16.xml
1498	1022100063_256	vertical	wilson a block verdap dalvlva jun 13 2021 v4	17007	nba/wilson_a_block_verdap_dalvlva_jun_13_2021_v4_vertical_9x16.mp4	wilson_a_block_verdap_dalvlva_jun_13_2021_v4_vertical_9x16.xml
1499	1022100063_256	vertical	wilson a block verdap dalvlva jun 13 2021 v3	17007	nba/wilson_a_block_verdap_dalvlva_jun_13_2021_v3_vertical_9x16.mp4	wilson_a_block_verdap_dalvlva_jun_13_2021_v3_vertical_9x16.xml
1500	1022100063_256	vertical	wilson a block verdap dalvlva jun 13 2021 v4	17007	nba/wilson_a_block_verdap_dalvlva_jun_13_2021_v4_vertical_9x16.mp4	wilson_a_block_verdap_dalvlva_jun_13_2021_v4_vertical_9x16.xml
1501	1022100063_628	square	cambage e three sqdap dalvlva jun 13 2021	7006	nba/cambage_e_three_sqdap_dalvlva_jun_13_2021_square.mp4	cambage_e_three_sqdap_dalvlva_jun_13_2021_square.xml
1502	1022100063_628	square	cambage e three sqdap dalvlva jun 13 2021 v2	7000	nba/cambage_e_three_sqdap_dalvlva_jun_13_2021_v2_square.mp4	cambage_e_three_sqdap_dalvlva_jun_13_2021_v2_square.xml
1503	1022100063_628	vertical	cambage e three verdap dalvlva jun 13 2021 v2	17000	nba/cambage_e_three_verdap_dalvlva_jun_13_2021_v2_vertical_9x16.mp4	cambage_e_three_verdap_dalvlva_jun_13_2021_v2_vertical_9x16.xml
1504	1022100063_628	vertical	cambage e three verdap dalvlva jun 13 2021	17007	nba/cambage_e_three_verdap_dalvlva_jun_13_2021_vertical_9x16.mp4	cambage_e_three_verdap_dalvlva_jun_13_2021_vertical_9x16.xml
1505	1022100063_628	square	cambage e three sqdap dalvlva jun 13 2021	7006	nba/cambage_e_three_sqdap_dalvlva_jun_13_2021_square.mp4	cambage_e_three_sqdap_dalvlva_jun_13_2021_square.xml
1506	1022100063_628	square	cambage e three sqdap dalvlva jun 13 2021 v2	7000	nba/cambage_e_three_sqdap_dalvlva_jun_13_2021_v2_square.mp4	cambage_e_three_sqdap_dalvlva_jun_13_2021_v2_square.xml
1507	1022100063_628	vertical	cambage e three verdap dalvlva jun 13 2021 v2	17000	nba/cambage_e_three_verdap_dalvlva_jun_13_2021_v2_vertical_9x16.mp4	cambage_e_three_verdap_dalvlva_jun_13_2021_v2_vertical_9x16.xml
1508	1022100063_628	vertical	cambage e three verdap dalvlva jun 13 2021	17007	nba/cambage_e_three_verdap_dalvlva_jun_13_2021_vertical_9x16.mp4	cambage_e_three_verdap_dalvlva_jun_13_2021_vertical_9x16.xml
1509	1022100070_438	vertical	bradford c atlvwas verdap jun 17 2021 v2	40025	nba/bradford_c_atlvwas_verdap_jun_17_2021_v2_vertical_9x16.mp4	bradford_c_atlvwas_verdap_jun_17_2021_v2_vertical_9x16.xml
1510	1022100070_438	vertical	bradford c atlvwas verdap jun 17 2021 v2	40025	nba/bradford_c_atlvwas_verdap_jun_17_2021_v2_vertical_9x16.mp4	bradford_c_atlvwas_verdap_jun_17_2021_v2_vertical_9x16.xml
1511	1022100093_129	square	atkins a assist sqdap convwas jun 29 2021	7009	nba/atkins_a_assist_sqdap_convwas_jun_29_2021_square.mp4	atkins_a_assist_sqdap_convwas_jun_29_2021_square.xml
1512	1022100093_129	vertical	atkins a assist verdap convwas jun 29 2021	17002	nba/atkins_a_assist_verdap_convwas_jun_29_2021_vertical_9x16.mp4	atkins_a_assist_verdap_convwas_jun_29_2021_vertical_9x16.xml
1513	1022100093_129	square	atkins a assist sqdap convwas jun 29 2021	7009	nba/atkins_a_assist_sqdap_convwas_jun_29_2021_square.mp4	atkins_a_assist_sqdap_convwas_jun_29_2021_square.xml
1514	1022100093_129	vertical	atkins a assist verdap convwas jun 29 2021	17002	nba/atkins_a_assist_verdap_convwas_jun_29_2021_vertical_9x16.mp4	atkins_a_assist_verdap_convwas_jun_29_2021_vertical_9x16.xml
1515	1022100099_425	square	wheeler e assist sqdap lvavlas jul 2 2021	7007	nba/wheeler_e_assist_sqdap_lvavlas_jul_2_2021_square.mp4	wheeler_e_assist_sqdap_lvavlas_jul_2_2021_square.xml
1516	1022100099_425	vertical	wheeler e assist verdap lvavlas jul 2 2021	17008	nba/wheeler_e_assist_verdap_lvavlas_jul_2_2021_vertical_9x16.mp4	wheeler_e_assist_verdap_lvavlas_jul_2_2021_vertical_9x16.xml
1517	1022100099_425	square	wheeler e assist sqdap lvavlas jul 2 2021	7007	nba/wheeler_e_assist_sqdap_lvavlas_jul_2_2021_square.mp4	wheeler_e_assist_sqdap_lvavlas_jul_2_2021_square.xml
1518	1022100099_425	vertical	wheeler e assist verdap lvavlas jul 2 2021	17008	nba/wheeler_e_assist_verdap_lvavlas_jul_2_2021_vertical_9x16.mp4	wheeler_e_assist_verdap_lvavlas_jul_2_2021_vertical_9x16.xml
1519	1022100100_359	square	fowles s block sqdap minvpho jul 3 2021	7003	nba/fowles_s_block_sqdap_minvpho_jul_3_2021_square.mp4	fowles_s_block_sqdap_minvpho_jul_3_2021_square.xml
1520	1022100100_359	vertical	fowles s block verdap minvpho jul 3 2021	17001	nba/fowles_s_block_verdap_minvpho_jul_3_2021_vertical_9x16.mp4	fowles_s_block_verdap_minvpho_jul_3_2021_vertical_9x16.xml
1521	1022100100_359	square	fowles s block sqdap minvpho jul 3 2021	7003	nba/fowles_s_block_sqdap_minvpho_jul_3_2021_square.mp4	fowles_s_block_sqdap_minvpho_jul_3_2021_square.xml
1522	1022100100_359	vertical	fowles s block verdap minvpho jul 3 2021	17001	nba/fowles_s_block_verdap_minvpho_jul_3_2021_vertical_9x16.mp4	fowles_s_block_verdap_minvpho_jul_3_2021_vertical_9x16.xml
1523	1022100112_334	square	bird s assist sqdap seavpho july 09 2021	7007	nba/bird_s_assist_sqdap_seavpho_july_09_2021_square.mp4	bird_s_assist_sqdap_seavpho_july_09_2021_square.xml
1524	1022100112_334	vertical	bird s assist verdap seavpho july 09 2021	17009	nba/bird_s_assist_verdap_seavpho_july_09_2021_vertical_9x16.mp4	bird_s_assist_verdap_seavpho_july_09_2021_vertical_9x16.xml
1525	1022100112_334	square	bird s assist sqdap seavpho july 09 2021	7007	nba/bird_s_assist_sqdap_seavpho_july_09_2021_square.mp4	bird_s_assist_sqdap_seavpho_july_09_2021_square.xml
1526	1022100112_334	vertical	bird s assist verdap seavpho july 09 2021	17009	nba/bird_s_assist_verdap_seavpho_july_09_2021_vertical_9x16.mp4	bird_s_assist_verdap_seavpho_july_09_2021_vertical_9x16.xml
1527	1022100116_257	square	jones b layup sqdap convnyl jul 11 2021	7977	nba/jones_b_layup_sqdap_convnyl_jul_11_2021_square.mp4	jones_b_layup_sqdap_convnyl_jul_11_2021_square.xml
1528	1022100116_257	vertical	jones b layup verdap convnyl jul 11 2021	17007	nba/jones_b_layup_verdap_convnyl_jul_11_2021_vertical_9x16.mp4	jones_b_layup_verdap_convnyl_jul_11_2021_vertical_9x16.xml
1529	1022100116_257	square	jones b layup sqdap convnyl jul 11 2021	7977	nba/jones_b_layup_sqdap_convnyl_jul_11_2021_square.mp4	jones_b_layup_sqdap_convnyl_jul_11_2021_square.xml
1530	1022100116_257	vertical	jones b layup verdap convnyl jul 11 2021	17007	nba/jones_b_layup_verdap_convnyl_jul_11_2021_vertical_9x16.mp4	jones_b_layup_verdap_convnyl_jul_11_2021_vertical_9x16.xml
1531	1041100301_224	square	moore m layup sqdap atlvmin oct 02 2011 TEST	7979	nba/moore_m_layup_sqdap_atlvmin_oct_02_2011_TEST_square.mp4	moore_m_layup_sqdap_atlvmin_oct_02_2011_TEST_square.xml
1532	1041100301_224	vertical	moore m layup verdap atlvmin oct 02 2011 TEST	17979	nba/moore_m_layup_verdap_atlvmin_oct_02_2011_TEST_vertical_9x16.mp4	moore_m_layup_verdap_atlvmin_oct_02_2011_TEST_vertical_9x16.xml
1533	1041100301_224	square	moore m layup sqdap atlvmin oct 02 2011 TEST	7979	nba/moore_m_layup_sqdap_atlvmin_oct_02_2011_TEST_square.mp4	moore_m_layup_sqdap_atlvmin_oct_02_2011_TEST_square.xml
1534	1041100301_224	vertical	moore m layup verdap atlvmin oct 02 2011 TEST	17979	nba/moore_m_layup_verdap_atlvmin_oct_02_2011_TEST_vertical_9x16.mp4	moore_m_layup_verdap_atlvmin_oct_02_2011_TEST_vertical_9x16.xml
\.


--
-- Data for Name: files; Type: TABLE DATA; Schema: public; Owner: nba-content-pipeline-staging
--

COPY public.files (file_id, filename) FROM stdin;
11	batum_n_block_lacvdal_sqdap_may_30_2021_square.xml                                                                                                                                                      
12	anthony_c_jumper_phxvden_sqdap_011006_square.xml                                                                                                                                                        
13	anthony_c_jumper_phxvden_sqdap_TEST_011006_square.xml                                                                                                                                                   
\.


--
-- Data for Name: metrics; Type: TABLE DATA; Schema: public; Owner: nba-content-pipeline-staging
--

COPY public.metrics (metricname, metricvalue, ts) FROM stdin;
Goodreads	1	2021-01-02
Goodreads	4	2021-02-12
Goodreads	5	2021-03-01
Goodreads	6	2021-03-02
Goodreads	7	2021-03-08
Goodreads	8	2021-03-12
Goodreads	9	2021-03-30
Goodreads	10	2021-03-31
Goodreads	19	2021-06-14
Goodreads	21	2021-06-27
Goodreads	25	2021-07-25
Goodreads	26	2021-07-26
Goodreads	30	2021-08-15
Goodreads	32	2021-08-29
\.


--
-- Name: Badges_id_seq; Type: SEQUENCE SET; Schema: public; Owner: nba-content-pipeline-staging
--

SELECT pg_catalog.setval('public."Badges_id_seq"', 1, false);


--
-- Name: Edition_id_seq; Type: SEQUENCE SET; Schema: public; Owner: nba-content-pipeline-staging
--

SELECT pg_catalog.setval('public."Edition_id_seq"', 1, false);


--
-- Name: Images_id_seq; Type: SEQUENCE SET; Schema: public; Owner: nba-content-pipeline-staging
--

SELECT pg_catalog.setval('public."Images_id_seq"', 86, true);


--
-- Name: PlayStatusLogs_id_seq; Type: SEQUENCE SET; Schema: public; Owner: nba-content-pipeline-staging
--

SELECT pg_catalog.setval('public."PlayStatusLogs_id_seq"', 1002, true);


--
-- Name: SportRadarInfo_id_seq; Type: SEQUENCE SET; Schema: public; Owner: nba-content-pipeline-staging
--

SELECT pg_catalog.setval('public."SportRadarInfo_id_seq"', 1, false);


--
-- Name: Tags_id_seq; Type: SEQUENCE SET; Schema: public; Owner: nba-content-pipeline-staging
--

SELECT pg_catalog.setval('public."Tags_id_seq"', 1, false);


--
-- Name: Videos_id_seq; Type: SEQUENCE SET; Schema: public; Owner: nba-content-pipeline-staging
--

SELECT pg_catalog.setval('public."Videos_id_seq"', 1534, true);


--
-- Name: files_file_id_seq; Type: SEQUENCE SET; Schema: public; Owner: nba-content-pipeline-staging
--

SELECT pg_catalog.setval('public.files_file_id_seq', 13, true);


--
-- Name: files files_pkey; Type: CONSTRAINT; Schema: public; Owner: nba-content-pipeline-staging
--

ALTER TABLE ONLY public.files
    ADD CONSTRAINT files_pkey PRIMARY KEY (file_id);


--
-- Name: Badges pk_Badges; Type: CONSTRAINT; Schema: public; Owner: nba-content-pipeline-staging
--

ALTER TABLE ONLY public."Badges"
    ADD CONSTRAINT "pk_Badges" PRIMARY KEY (id);


--
-- Name: Edition pk_Edition; Type: CONSTRAINT; Schema: public; Owner: nba-content-pipeline-staging
--

ALTER TABLE ONLY public."Edition"
    ADD CONSTRAINT "pk_Edition" PRIMARY KEY (id);


--
-- Name: Images pk_Images; Type: CONSTRAINT; Schema: public; Owner: nba-content-pipeline-staging
--

ALTER TABLE ONLY public."Images"
    ADD CONSTRAINT "pk_Images" PRIMARY KEY (id);


--
-- Name: PlayStatusLogs pk_PlayStatusLogs; Type: CONSTRAINT; Schema: public; Owner: nba-content-pipeline-staging
--

ALTER TABLE ONLY public."PlayStatusLogs"
    ADD CONSTRAINT "pk_PlayStatusLogs" PRIMARY KEY (id);


--
-- Name: Plays pk_Plays; Type: CONSTRAINT; Schema: public; Owner: nba-content-pipeline-staging
--

ALTER TABLE ONLY public."Plays"
    ADD CONSTRAINT "pk_Plays" PRIMARY KEY (id);


--
-- Name: SportRadarInfo pk_SportRadarInfo; Type: CONSTRAINT; Schema: public; Owner: nba-content-pipeline-staging
--

ALTER TABLE ONLY public."SportRadarInfo"
    ADD CONSTRAINT "pk_SportRadarInfo" PRIMARY KEY (id);


--
-- Name: Tags pk_Tags; Type: CONSTRAINT; Schema: public; Owner: nba-content-pipeline-staging
--

ALTER TABLE ONLY public."Tags"
    ADD CONSTRAINT "pk_Tags" PRIMARY KEY (id);


--
-- Name: Videos pk_Videos; Type: CONSTRAINT; Schema: public; Owner: nba-content-pipeline-staging
--

ALTER TABLE ONLY public."Videos"
    ADD CONSTRAINT "pk_Videos" PRIMARY KEY (id);


--
-- Name: Badges fk_Badges_play_id; Type: FK CONSTRAINT; Schema: public; Owner: nba-content-pipeline-staging
--

ALTER TABLE ONLY public."Badges"
    ADD CONSTRAINT "fk_Badges_play_id" FOREIGN KEY (play_id) REFERENCES public."Plays"(id);


--
-- Name: Images fk_Images_play_id; Type: FK CONSTRAINT; Schema: public; Owner: nba-content-pipeline-staging
--

ALTER TABLE ONLY public."Images"
    ADD CONSTRAINT "fk_Images_play_id" FOREIGN KEY (play_id) REFERENCES public."Plays"(id);


--
-- Name: PlayStatusLogs fk_PlayStatusLogs_play_id; Type: FK CONSTRAINT; Schema: public; Owner: nba-content-pipeline-staging
--

ALTER TABLE ONLY public."PlayStatusLogs"
    ADD CONSTRAINT "fk_PlayStatusLogs_play_id" FOREIGN KEY (play_id) REFERENCES public."Plays"(id);


--
-- Name: Sets fk_Sets_play_id; Type: FK CONSTRAINT; Schema: public; Owner: nba-content-pipeline-staging
--

ALTER TABLE ONLY public."Sets"
    ADD CONSTRAINT "fk_Sets_play_id" FOREIGN KEY (play_id) REFERENCES public."Plays"(id);


--
-- Name: SportRadarInfo fk_SportRadarInfo_play_id; Type: FK CONSTRAINT; Schema: public; Owner: nba-content-pipeline-staging
--

ALTER TABLE ONLY public."SportRadarInfo"
    ADD CONSTRAINT "fk_SportRadarInfo_play_id" FOREIGN KEY (play_id) REFERENCES public."Plays"(id);


--
-- Name: Tags fk_Tags_play_id; Type: FK CONSTRAINT; Schema: public; Owner: nba-content-pipeline-staging
--

ALTER TABLE ONLY public."Tags"
    ADD CONSTRAINT "fk_Tags_play_id" FOREIGN KEY (play_id) REFERENCES public."Plays"(id);


--
-- Name: Videos fk_Videos_play_id; Type: FK CONSTRAINT; Schema: public; Owner: nba-content-pipeline-staging
--

ALTER TABLE ONLY public."Videos"
    ADD CONSTRAINT "fk_Videos_play_id" FOREIGN KEY (play_id) REFERENCES public."Plays"(id);


--
-- Name: SCHEMA public; Type: ACL; Schema: -; Owner: cloudsqlsuperuser
--

REVOKE ALL ON SCHEMA public FROM cloudsqladmin;
REVOKE ALL ON SCHEMA public FROM PUBLIC;
GRANT ALL ON SCHEMA public TO cloudsqlsuperuser;
GRANT ALL ON SCHEMA public TO PUBLIC;


--
-- Name: TABLE metrics; Type: ACL; Schema: public; Owner: nba-content-pipeline-staging
--

GRANT SELECT ON TABLE public.metrics TO postgres;


--
-- PostgreSQL database dump complete
--

